case_id,gold_label,pred_no_rag,pred_rag,ddx_no_rag,ddx_rag,evidence_no_rag,evidence_rag
gen-001,http://purl.bioontology.org/ontology/AIR/DXRA,NONE,NONE,"# DIFFERENTIAL DIAGNOSIS CONSULTATION

**PRIMARY DIAGNOSIS: Rheumatoid Arthritis (RA)**

**Confidence:** High

**Supporting findings:**
- Symmetric polyarticular involvement of MCPs and PIPs bilaterally with morning stiffness lasting 90 minutes—the classic presentation of RA
- Positive RF (78 IU/mL) AND positive anti-CCP (156 units/mL)—anti-CCP is highly specific for RA and predicts erosive disease
- Inflammatory markers elevated (ESR 48, CRP 23) with systemic signs (mild normocytic anemia suggestive of anemia of chronic disease)

**Findings against:** None identified. The clinical presentation, serology, and inflammatory markers are entirely consistent with early RA.

---

## DIFFERENTIAL DIAGNOSIS:

1. **Systemic Lupus Erythematosus (SLE)** (8%) — for: symmetric polyarticular involvement, systemic symptoms, elevated inflammatory markers | against: negative ANA (makes SLE highly unlikely), no constitutional symptoms (fever, rash, oral ulcers), no photosensitivity mentioned

2. **Seronegative Rheumatoid Arthritis** (5%) — for: symmetric distribution and morning stiffness pattern | against: patient is definitively RF and anti-CCP positive, so diagnosis is seronegative RA only if these results were false positives (unlikely)

3. **Early Lyme Arthritis** (3%) — for: subacute polyarticular involvement | against: no history of tick exposure or travel to endemic areas, no migratory pattern typical of Lyme, symmetric distribution atypical (Lyme typically monoarticular/oligoarticular), both RF and anti-CCP positive (Lyme does not produce these autoantibodies)

4. **Viral Arthritis (Parvovirus B19, Hepatitis C)** (2%) — for: symmetric polyarticular presentation | against: 8-week duration is prolonged for viral arthritis (typically self-limited), marked elevation of RF and anti-CCP antibodies not typical, absence of recent systemic viral prodrome

---

## REASONING:

This patient presents with textbook early RA: 8-week progressive symmetric polyarticular arthritis with prolonged morning stiffness (90 minutes), inflammatory markers elevated, mild anemia of chronic disease, and **most critically**, dual seropositivity (RF + anti-CCP). The anti-CCP antibody is particularly discriminating—it has 95% specificity for RA and its presence predicts progression to erosive disease. The symmetric distribution involving MCPs, PIPs, and wrists with spared DIP joints is the hallmark pattern of RA. The negative ANA effectively excludes SLE, which would be the most likely alternative in a middle-aged woman with polyarticular arthritis and constitutional symptoms. The clinical timeline and absence of epidemiologic exposure history (tick exposure, travel) make infectious etiologies unlikely.

---

## NEXT STEP:

**Obtain hand and wrist MRI with contrast** to assess for **subclinical erosions and synovitis burden** that plain radiographs may not yet demonstrate. MRI will:
- Detect early bone erosions before they appear on plain films (prognostically important)
- Quantify synovial inflammation and help assess disease activity
- Confirm RA diagnosis with high sensitivity and establish baseline for monitoring response to DMARD therapy

*Expected finding:* Gadolinium-enhancing synovitis in MCPs/PIPs/wrists; potentially early erosions at metacarpal heads or MCP joints even if plain films appear normal. This would support aggressive early DMARD initiation (which is already appropriate given seropositivity) and allow tight control strategy.","# DIFFERENTIAL DIAGNOSIS ANALYSIS

## PRIMARY DIAGNOSIS: Rheumatoid Arthritis (RA)
**Confidence: High**

**Supporting findings:**
- Symmetric polyarticular involvement of MCP and PIP joints (2nd-5th digits bilaterally) with morning stiffness lasting 90 minutes—classic for RA
- Positive RF (78 IU/mL, markedly elevated) and anti-CCP (156 units/mL, strongly positive)—anti-CCP is highly specific for RA and predictive of erosive disease
- Elevated inflammatory markers (ESR 48, CRP 23) with clinical synovitis (warm, tender swollen joints) consistent with active inflammatory disease; mild normocytic anemia is typical in chronic RA

**Findings against:**
- None identified. Absence of erosions on baseline imaging is expected early in disease; anti-CCP positivity predicts their future development.

---

## DIFFERENTIAL DIAGNOSIS:

1. **Lyme Arthritis (Early Disseminated Lyme Disease)** (8%) 
   — *for:* Symmetric polyarticular arthritis, morning stiffness, elevated inflammatory markers | *against:* Patient explicitly denies tick exposure/travel; RF and anti-CCP strongly positive (Lyme arthritis is typically RF/anti-CCP negative or low-titer); Lyme arthritis typically more monoarticular or oligoarticular

2. **Polymyalgia Rheumatica (PMR)** (5%) 
   — *for:* Age-appropriate (52 at lower end but possible), morning stiffness, elevated ESR/CRP | *against:* PMR classically presents with proximal shoulder/hip girdle aching, NOT small joint polyarthritis; no mention of shoulder/hip pain; RF and anti-CCP positive (atypical for PMR)

3. **Early Systemic Lupus Erythematosus (SLE)** (3%) 
   — *for:* Symmetric polyarthritis, morning stiffness, female predominance, mild anemia | *against:* ANA negative (highly sensitive for SLE; negative ANA essentially excludes SLE); absence of constitutional symptoms (fever, weight loss, rashes, oral ulcers)

---

## REASONING:

This case presents a textbook picture of early seropositive rheumatoid arthritis. The critical discriminating findings are the **dual positivity for RF and especially anti-CCP**, which together achieve >95% specificity for RA and predict erosive progression. The **symmetric small-joint polyarthritis** affecting MCPs and PIPs with **prolonged morning stiffness (90 minutes)** is the archetypal presentation. The elevated acute phase reactants (ESR 48, CRP 23) with objective synovitis on exam confirm active inflammation. While other conditions (Lyme, PMR, SLE) could theoretically present with polyarthritis, each is effectively excluded: Lyme arthritis presents without seropositivity and with clear epidemiologic risk factors; PMR presents with proximal girdle symptoms and low serology; SLE is ruled out by negative ANA. The absence of erosions does not argue against RA in this early 8-week timeframe—anti-CCP positivity is actually a harbinger of future erosive disease and justifies aggressive DMARD initiation.

---

## NEXT STEP:

**Obtain high-resolution ultrasound or MRI of hands and wrists to assess for synovitis and early erosions/bone edema.** 

*Expected finding:* Ultrasound will likely demonstrate power Doppler signal in synovial tissue and MRI may show bone marrow edema at MCP/PIP joints and wrist, confirming active synovitis and providing baseline documentation of inflammatory burden. This would strengthen the RA diagnosis and may identify subclinical bone damage not visible on plain films, guiding intensity of DMARD therapy. Additionally, consider HLA-B27 testing only if clinical suspicion for spondyloarthropathy emerges (which is currently low).",,
gen-002,http://purl.bioontology.org/ontology/AIR/DXRA,NONE,NONE,"# RHEUMATOLOGIC DIFFERENTIAL DIAGNOSIS

**PRIMARY DIAGNOSIS: Early Rheumatoid Arthritis (RA)**

**Confidence:** High

**Supporting findings:**
- Positive RF (42 IU/mL) AND positive anti-CCP (78 units/mL) in combination represent the most specific serological signature for RA; anti-CCP positivity is particularly predictive of erosive disease
- Symmetric polyarticular involvement of PIP joints in digits 2-4 bilaterally is classic for RA distribution, with functional deficit (grip strength 28 kg vs predicted 35 kg) indicating true inflammatory burden
- Mild inflammatory markers (ESR 18, CRP 4.2) are consistent with seronegative/low-inflammatory RA phenotype; absence of marked elevation does not exclude RA, particularly in earlier stages

**Findings against:**
- Brief morning stiffness (20 minutes) is atypical; RA typically presents with ≥60 minutes of morning stiffness, though shorter duration does not exclude disease
- Intermittent/fluctuating pattern rather than progressive course is less typical of RA, though some patients do experience relapse-remitting patterns early in disease

---

## DIFFERENTIAL DIAGNOSIS:

1. **Systemic Lupus Erythematosus (SLE)** (8%) — 
   - *for:* Positive RF (though less common in SLE), arthralgia with swelling, female/middle-aged demographic | 
   - *against:* Negative ANA is highly sensitive (98%) test for SLE; SLE-associated arthritis is typically non-erosive and non-destructive; no constitutional symptoms, photosensitivity, or serologic pattern

2. **Osteoarthritis with concurrent inflammatory component** (10%) — 
   - *for:* Age 52, occupational hand use (librarian/keyboard work), PIP joint involvement, intermittent presentation | 
   - *against:* Positive anti-CCP is not seen in primary OA; bilateral symmetric presentation is inconsistent with typical OA; RF positivity would be coincidental

3. **Seronegative Polyarticular Syndrome (early/undifferentiated IA)** (7%) — 
   - *for:* Intermittent symptoms, mild inflammation, could represent very early polyarticular disease before full serologic conversion | 
   - *against:* Patient is already *seropositive* with both RF and anti-CCP; this diagnosis would only apply if serology were negative

---

## REASONING:

This case represents **seropositive RA in early/seronegative-presenting phase**. The dual positivity of RF and anti-CCP—particularly anti-CCP, which has 95-98% specificity for RA—is pathognomonic and outweighs the atypical clinical features (mild morning stiffness, fluctuating course, only mildly elevated inflammatory markers). The symmetric PIP involvement in a 52-year-old woman with functional hand impairment fits the demographic and distribution of RA perfectly. The negative ANA effectively excludes SLE, and the serologic profile argues strongly against undifferentiated inflammatory arthritis. While OA is age-appropriate, anti-CCP positivity is essentially never seen in primary OA and indicates autoimmune joint disease.

The fluctuating nature and mild inflammation suggest either *early* RA that has not yet developed sustained inflammatory burden, or a patient with *low-inflammatory* RA phenotype—both of which carry better prognosis but still require treatment to prevent erosive progression, particularly given anti-CCP positivity.

---

## NEXT STEP:

**Hand/Wrist X-rays (posteroanterior and lateral views)**

**Expected findings:**
- If RA: Early changes may show juxta-articular osteopenia, joint space narrowing at PIP joints, or marginal erosions (hallmark of RA that distinguishes it from OA)
- If absent/minimal: Would support very early disease (within first 6-12 months window when erosions may not yet be evident), reinforcing need for aggressive DMARD therapy to prevent progression
- This imaging is critical because **anti-CCP positivity predicts erosive disease**, and absence of current erosions does NOT mean they won't develop without treatment

**Alternative confirmatory test:** High-resolution ultrasound of bilateral hands (power Doppler) would provide earlier detection of synov","# RHEUMATOLOGIC DIFFERENTIAL DIAGNOSIS

**PRIMARY DIAGNOSIS: Rheumatoid Arthritis (Seropositive)**

**Confidence:** High

**Supporting findings:**
- Bilateral symmetric PIP joint involvement (digits 2-4), the classic distribution for RA
- Positive RF (42 IU/mL) and anti-CCP (78 units/mL), both highly specific for RA with anti-CCP being more specific
- Elevated inflammatory markers (ESR 18, CRP 4.2) despite relatively mild clinical presentation, consistent with early/mild RA

**Findings against:**
- Absence of prolonged morning stiffness (only 20 minutes), which is typical but not required for RA diagnosis
- No erythema or warmth on examination, though this does not exclude RA, particularly in early disease

---

## DIFFERENTIAL DIAGNOSIS:

1. **Psoriatic Arthritis (PsA)** (15%) — for: insidious onset, PIP involvement, intermittent course | against: no skin/nail findings, negative ANA pattern inconsistent with typical PsA, DIP joints not involved

2. **Osteoarthritis (OA)** (8%) — for: age 52, PIP predominance, female gender | against: bilateral symmetric presentation, positive serologies (RF/anti-CCP) highly atypical for OA, elevated inflammatory markers, occupation-related explanation incomplete

3. **Systemic Lupus Erythematosus (SLE)** (5%) — for: female, hand arthritis, elevated inflammatory markers | against: negative ANA essentially excludes SLE, no photosensitivity or systemic symptoms, anti-CCP positivity argues strongly against SLE

---

## REASONING:

This case presents a compelling picture of **seropositive RA** with relatively mild disease activity. The combination of bilateral symmetric PIP polyarthritis with dual seropositivity (RF and anti-CCP) is pathognomonic for RA; anti-CCP positivity in particular predicts erosive, progressive disease. While the patient lacks prolonged morning stiffness and has good functional capacity, these do not exclude RA—approximately 30% of RA patients have <30 minutes of morning stiffness, and early/mild disease may present with intermittent symptoms. The temporal pattern of ""coming and going"" over 8 months fits early RA before disease becomes established and continuous. The negative ANA effectively excludes lupus-mediated arthritis. Psoriatic arthritis is unlikely without cutaneous/ungual findings and would more typically involve DIP joints or show asymmetry. The reduced grip strength (28 vs 35 kg predicted) reflects true joint dysfunction rather than occupational strain alone.

---

## NEXT STEP:

**Hand/wrist X-rays (posteroanterior views with proper positioning)**

**Expected finding:** Currently normal or showing only soft tissue swelling, which would support early seropositive RA before erosive changes develop. If erosions are already present on PIP or MCP joints, this confirms established RA with prognostic implications for aggressive disease. The absence of erosions at this stage would still be entirely consistent with early RA but would support urgent initiation of disease-modifying antirheumatic therapy (DMARDs) to prevent irreversible damage, given the dual seropositivity.",,
gen-003,http://purl.bioontology.org/ontology/AIR/DXRA,NONE,NONE,"# Differential Diagnosis Analysis

PRIMARY DIAGNOSIS: Early Rheumatoid Arthritis (seronegative)
Confidence: High
Supporting findings: 
1. Symmetric polyarticular involvement of small joints (MCPs and PIPs bilaterally) with classic morning stiffness (45 minutes) improving with activity—the hallmark presentation of RA
2. Elevated inflammatory markers (ESR 34, CRP 8.2) with insidious onset over 3 weeks, consistent with early inflammatory arthritis
3. Physical examination findings of soft tissue swelling, warmth, and functional impairment (inability to make tight fists) in a symmetric distribution typical of RA

Findings against: 
1. Seronegative for both RF and anti-CCP, which are present in ~80% of RA patients; however, 15-20% of RA cases are truly seronegative, especially early in disease
2. No radiographic changes; however, radiographic erosions develop gradually and may not be apparent within the first 3 weeks of symptom onset

---

## DIFFERENTIAL DIAGNOSIS:

1. **Seronegative Rheumatoid Arthritis (60%)** — for: symmetric small joint swelling, prolonged morning stiffness, elevated ESR/CRP, insidious onset | against: negative RF and anti-CCP antibodies, absence of erosions on imaging

2. **Early Psoriatic Arthritis (15%)** — for: asymmetric onset (right hand first), can present seronegative with elevated ESR | against: no skin manifestations (psoriasis/rash), no nail changes, no DIP predominance, symmetric pattern not typical for early PsA

3. **Viral-triggered Polyarthritis (parvovirus B19, others) (10%)** — for: symmetric small joint involvement, elevated inflammatory markers, self-limited course possible | against: no preceding viral prodrome documented, 3 weeks of progressive symptoms less consistent with typical viral arthritis timeline

4. **Systemic Lupus Erythematosus—non-erosive arthritis (8%)** — for: symmetric polyarthritis in young woman, elevated ESR | against: negative ANA (excludes SLE with high sensitivity), no systemic features, normal CBC

5. **Reactive Arthritis/Post-infectious Arthritis (4%)** — for: subacute onset with inflammation | against: no recent infection history, no diarrheal symptoms, no urethritis, symmetric bilateral involvement atypical

6. **Occupational/Mechanical Repetitive Strain (3%)** — for: patient's occupational history as nurse | against: symmetric bilateral distribution highly unusual for overuse injury, morning stiffness pattern, elevated inflammatory markers, warm joints on examination

---

## REASONING:

This 38-year-old woman presents with the classic clinical triad of RA: symmetric polyarticular involvement of small joints (MCPs and PIPs), prolonged morning stiffness with improvement on activity, and elevated acute phase reactants. The insidious 3-week onset, progressive nature, and functional impairment (inability to grip or make fists) are characteristic of early inflammatory arthritis rather than mechanical causes. While she is seronegative (RF and anti-CCP negative), approximately 15-20% of RA patients remain seronegative throughout disease course, and many are seronegative early before antibodies develop. The negative ANA and normal CBC argue against SLE and systemic rheumatologic mimics. The symmetric distribution and small joint predominance make psoriatic arthritis less likely despite seronegative status. The lack of documented preceding infection and the progressive 3-week course make viral or reactive arthritis less probable.

---

## NEXT STEP:

**Obtain Anti-CCP with higher sensitivity assay (2nd-generation anti-CCP or anti-CCP3) AND simultaneously order anti-RA33, anti-MCV (anti-modified citrullinated vimentin), and anti-mutated citrullinated vimentin antibodies.**

**Expected findings:** Positive anti-CCP or alternative citrulline-containing epitope antibodies in 20-30% of seronegative RA patients would strongly support early RA diagnosis, as these markers indicate aggressive disease trajectory and provide rheumatologic prognostic information. Even if remain negative, the clinical presentation with elevated inflammatory markers warrants empiric DMARD initiation (typically methotrexate) as seronegative RA should","# DIFFERENTIAL DIAGNOSIS ANALYSIS

## PRIMARY DIAGNOSIS: Early Rheumatoid Arthritis (Seronegative RA)
**Confidence: High**

**Supporting findings:**
- Symmetric polyarticular involvement of small joints (MCPs, PIPs, wrists) with typical distribution for RA
- Morning stiffness lasting 45 minutes with improvement on activity—classic for inflammatory arthropathy
- Elevated acute phase reactants (ESR 34, CRP 8.2) indicating active systemic inflammation
- Progressive, insidious onset with functional impairment (inability to make tight fists, pain with gripping)

**Findings against:**
- Negative RF and anti-CCP antibodies (seronegative presentation occurs in ~30% of RA cases, particularly early disease)
- Absence of erosions on imaging (expected in early disease; erosions typically develop within first 1-2 years)

---

## DIFFERENTIAL DIAGNOSIS:

1. **Early Seronegative Rheumatoid Arthritis (45%)** — for: symmetric MCP/PIP/wrist involvement, morning stiffness >30 min, elevated ESR/CRP, functional impairment | against: negative RF and anti-CCP at presentation

2. **Systemic Lupus Erythematosus (SLE) with arthralgias (25%)** — for: female of childbearing age, symmetric small joint involvement, elevated ESR | against: negative ANA (highly sensitive in SLE), absence of constitutional symptoms, no rash/photosensitivity, normal CBC

3. **Acute Viral Arthritis (polyomavirus, parvovirus B19) (15%)** — for: acute insidious onset, symmetric distribution, mild systemic inflammation | against: 3-week duration with progressive worsening (viral typically self-limited), no preceding URI or systemic prodrome

4. **Early Psoriatic Arthritis (10%)** — for: asymmetric presentation initially (right worse than left), small joint involvement | against: no skin lesions, no nail changes, no dactylitis appreciated, typical psoriatic pattern would show asymmetry more prominently

5. **Occupational Strain/Repetitive Stress Injury (5%)** — for: work as nurse, symptoms with gripping | against: symmetric bilateral distribution uncommon, elevated inflammatory markers, morning stiffness pattern inconsistent with mechanical injury

---

## REASONING:

The clinical presentation is highly suggestive of **inflammatory arthropathy** based on three key discriminators: (1) symmetric polyarticular involvement of MCP, PIP, and wrist joints—the most common sites affected by RA; (2) prominent morning stiffness lasting 45 minutes with improvement on activity, which is pathognomonic for systemic inflammatory disease; and (3) elevated acute phase reactants (ESR 34, CRP 8.2) confirming active inflammation. The negative ANA effectively excludes SLE as a primary diagnosis, despite the demographic profile fitting that population.

The seronegative status (negative RF and anti-CCP) does not exclude RA; approximately 20–30% of RA patients present seronegative, especially in early disease stages (symptoms only 3 weeks old). Seronegative RA carries similar prognosis and erosive potential as seropositive disease when accompanied by inflammatory markers and appropriate clinical features. The progressive nature over 3 weeks and functional impairment (inability to grip or make fists) distinguish this from benign viral arthritis, which typically peaks within 1–2 weeks and then resolves.

The absence of erosions is expected at 3 weeks; erosive changes typically emerge over months to years. The lack of skin manifestations, dactylitis, or asymmetry makes psoriatic arthritis less likely than RA.

---

## NEXT STEP:

**Obtain anti-CCP and RF antibodies with repeat testing in 4–6 weeks**, along with **high-resolution ultrasound or MRI of the hands/wrists to assess for synovitis and early erosions** (more sensitive than plain radiography for detecting bone changes). Additionally, **consider initiating a trial of DMARDs (e.g., methotrexate) concurrent with clinical follow-up**, as early intervention within the 3–6 month ""window of opportunity"" significantly improves long-term outcomes in RA regardless of serostatus. A positive anti-CCP conversion or progression on imaging would strongly confirm",,
gen-004,http://purl.bioontology.org/ontology/AIR/DXSLE,NONE,NONE,"# RHEUMATOLOGIC DIFFERENTIAL DIAGNOSIS CONSULTATION

---

## PRIMARY DIAGNOSIS: Systemic Lupus Erythematosus (SLE)

**Confidence:** High

**Supporting findings:**
- Classic malar erythema sparing nasolabial folds with photosensitivity in a young woman
- Symmetrical polyarticular arthritis (hands, wrists, knees) with prolonged morning stiffness (90 minutes) in this demographic
- Oral ulcers combined with alopecia, constitutional symptoms (fever, weight loss, fatigue), and photosensitive skin eruption on sun-exposed areas meeting ACR/EULAR criteria

**Findings against:** 
None identified. The clinical presentation is highly characteristic of SLE.

---

## DIFFERENTIAL DIAGNOSIS:

1. **Lupus-like drug reaction** (8%) — for: photosensitive rash and constitutional symptoms | against: no medication exposure reported; progressive systemic features unusual for drug-induced lupus

2. **Rheumatoid arthritis with coincidental photosensitive dermatitis** (5%) — for: symmetrical polyarticular involvement and morning stiffness | against: malar rash sparing nasolabial folds, oral ulcers, and photosensitivity are not typical RA features; lack of scaling/follicular changes argues against dermatologic co-morbidity

3. **Sjögren's syndrome** (3%) — for: systemic symptoms and photosensitivity | against: absent sicca symptoms (no dry eyes/mouth reported); polyarthritis with malar rash is atypical; oral ulcer on hard palate rather than from xerostomia

4. **Dermatomyositis** (2%) — for: photosensitive eruption on dorsal hands | against: no proximal muscle weakness, normal gait; heliotrope rash and Gottron papules not described; myalgia without myositis pattern

5. **Subacute cutaneous lupus erythematosus (SCLE)** (2%) — for: photosensitivity and annular/papulosquamous potential | against: no scaling or follicular plugging noted; presentation includes SLE systemic features (oral ulcers, alopecia) more consistent with diffuse cutaneous lupus

---

## REASONING:

The constellation of clinical findings—classic malar erythema with photosensitivity, symmetrical polyarticular arthritis with significant morning stiffness, oral ulcers, alopecia, and constitutional symptoms in a young woman—forms a highly specific pattern for SLE. The timing and distribution of manifestations (skin findings preceding/concurrent with arthritis, progressive over 6 weeks) align with typical SLE presentation. The patient meets multiple ACR/EULAR 2019 criteria: malar rash (4 points), photosensitivity (2 points), oral ulcers (2 points), non-scarring alopecia (2 points), and polyarthritis (6 points), with a cumulative score easily exceeding the diagnostic threshold of ≥10 points. Notably, the malar rash explicitly spares the nasolabial folds—a pathognomonic feature distinguishing lupus erythema from other diagnoses. The absence of follicular plugging and scaling further excludes discoid lupus dominance. While RA presents with similar arthritis, the photosensitive rash, oral ulcers, and alopecia are not compatible with primary RA.

---

## NEXT STEP:

**Most discriminating investigation:** Antinuclear antibody (ANA) testing by immunofluorescence with reflex panel (anti-dsDNA, anti-Smith, anti-Ro/SSA, anti-La/SSB)

**Expected finding:** ANA-positive (≥1:160 titer) with anti-dsDNA and/or anti-Smith antibodies, which would confirm SLE diagnosis with high specificity. Concurrently order: CBC (cytopenias), CMP (renal function), urinalysis (proteinuria/hematuria), ESR/CRP, and complement levels (C3/C4 depression), which typically accompany active SLE and further support the diagnosis.","# DIFFERENTIAL DIAGNOSIS ANALYSIS

**PRIMARY DIAGNOSIS: Systemic Lupus Erythematosus (SLE)**

**Confidence: High**

**Supporting findings:**
1. **Classic malar rash with nasolabial fold sparing** — pathognomonic presentation occurring during documented photosensitivity, a major SLE criterion
2. **Symmetric polyarticular arthritis (hands, wrists, knees) with morning stiffness >60 minutes** — characteristic lupus arthritis pattern
3. **Multisystem involvement**: oral ulcers, photosensitivity, alopecia, constitutional symptoms (fever, fatigue, weight loss), and dyspnea on exertion — fulfills multiple SLE classification criteria simultaneously in appropriate temporal relationship

---

## DIFFERENTIAL DIAGNOSIS:

1. **Systemic Lupus Erythematosus (SLE)** (78%) 
   — for: Malar rash sparing nasolabial folds + photosensitivity + symmetric polyarthritis + oral ulcers + alopecia + constitutional symptoms + dyspnea | against: None identified

2. **Rheumatoid Arthritis** (12%) 
   — for: Symmetric polyarticular arthritis with morning stiffness >60 minutes + soft tissue joint swelling | against: Absence of erosions on exam; malar rash with nasolabial sparing is not characteristic; photosensitivity and oral ulcers unexplained; acute multisystem presentation atypical for RA onset

3. **Acute Rheumatic Fever** (5%) 
   — for: Polyarthritis + erythema (though described differently) + constitutional symptoms | against: Erythema marginatum classically has pale centers with irregular borders; nasolabial involvement atypical; photosensitivity not a feature; no documented carditis or recent streptococcal pharyngitis; age and demographics less typical

4. **Drug-Induced Lupus Erythematosus (DILE)** (3%) 
   — for: Could produce lupus-like syndrome | against: Patient denies medication changes; photosensitivity and malar rash less prominent in DILE; alopecia and oral ulcers less typical; no mention of procainamide, hydralazine, or minocycline exposure

5. **Seronegative Spondyloarthropathy/Reactive Arthritis** (2%) 
   — for: Polyarthritis with systemic symptoms | against: Symmetric small joint pattern atypical; no urethritis, conjunctivitis, or GI symptoms; photosensitive malar rash completely inconsistent; oral ulcers (if present in reactive arthritis) lack the painless nature seen in aphthous ulcers associated with spondyloarthropathies

---

## REASONING:

This 28-year-old woman presents with a constellation of findings that almost precisely tracks the 2019 EULAR/ACR SLE classification criteria. The **malar rash with documented nasolabial fold sparing during photosensitivity** is virtually pathognomonic for SLE; this combination is rarely seen in other rheumatic diseases. The **symmetric polyarticular arthritis involving small joints (hands, wrists) and knees with prolonged morning stiffness** is characteristic of lupus arthritis, though RA remains in the differential until serologies clarify. However, the **multisystem presentation within a short 6-week window**—including photosensitivity, oral ulcers, alopecia, constitutional symptoms, and dyspnea—strongly favors SLE over monoarticular diagnoses. The temporal clustering of cutaneous, articular, and systemic manifestations, combined with the patient's demographic (young woman of reproductive age), makes RA less likely as a primary diagnosis despite overlapping arthritis features. Rheumatic fever would typically present with more acute carditis and different rash characteristics. The absence of any recent medication exposure and the prominence of photosentivity-triggered manifestations essentially exclude DILE.

---

## NEXT STEP:

**Antinuclear Antibody (ANA) panel with reflex to specific autoantibodies (anti-dsDNA and anti-Smith antibodies)**

**Expected findings to confirm SLE:**
- **ANA: Positive** (≥1:160 titer, ideally with diffuse/homogeneous or speck",,
gen-005,http://purl.bioontology.org/ontology/AIR/DXSLE,NONE,NONE,"# RHEUMATOLOGIC DIFFERENTIAL DIAGNOSIS CONSULTATION

---

## PRIMARY DIAGNOSIS: Systemic Lupus Erythematosus (SLE)

**Confidence: High**

**Supporting findings:**
1. Malar (butterfly) rash with photosensitivity—a pathognomonic cutaneous manifestation of SLE meeting ACR/EULAR criteria
2. Migratory polyarthralgia without arthritis in conjunction with systemic symptoms (fever, fatigue, weight loss) over 14 months—classic SLE presentation
3. African American ethnicity with reproductive complications (recurrent miscarriages at 12-16 weeks, likely antiphospholipid syndrome association)—both known risk factors and major manifestations of SLE

**Findings against:**
1. Absence of oral ulcers and other photosensitive skin lesions (though not required for SLE diagnosis)
2. No clinical evidence of serositis, cytopenias are mild-to-moderate rather than severe (though leukopenia and mild anemia support SLE)

---

## DIFFERENTIAL DIAGNOSIS:

1. **Systemic Lupus Erythematosus (75%)** — for: malar rash + photosensitivity, migratory polyarthralgia, constitutional symptoms, cytopenias, elevated inflammatory markers, African American ethnicity, recurrent pregnancy loss | against: no oral ulcers or severe cytopenias

2. **Antiphospholipid Syndrome (15%)** — for: recurrent miscarriages at 12-16 weeks gestation (classic thrombotic-obstetric phenotype), elevated inflammatory markers | against: no thrombotic events reported, malar rash more consistent with SLE, no clinical or laboratory evidence of thrombosis

3. **Systemic Sclerosis/Mixed Connective Tissue Disease (5%)** — for: migratory arthralgia, constitutional symptoms, elevated ESR | against: no Raynaud's phenomenon, no skin induration or fibrosis, malar rash not typical, absence of sclerodactyly or esophageal dysmotility

4. **Acute Rheumatic Fever (3%)** — for: migratory arthralgias, fever, elevated inflammatory markers | against: no recent streptococcal infection documented, rash distribution (malar vs. erythema marginatum), prolonged course (14 months), absence of carditis on examination

5. **Drug-Induced Lupus (2%)** — for: rash, polyarthralgia, constitutional symptoms | against: only NSAID use reported (ibuprofen), onset over 14 months inconsistent with typical drug-induced lupus timeline

---

## REASONING:

This clinical presentation is highly suspicious for SLE, anchored by the classic triad of **malar rash with photosensitivity, migratory polyarthralgia without arthritis, and constitutional symptoms (fever, fatigue, weight loss) spanning 14 months**. The patient's **African American ethnicity and history of recurrent pregnancy loss at 12-16 weeks**—consistent with antiphospholipid-associated thrombosis rather than obstetric causes—substantially elevate SLE risk. The **mild cytopenias (leukopenia, anemia) and elevated ESR with proportionally lower CRP** create a pattern characteristic of SLE rather than infection. While antiphospholipid syndrome deserves consideration given the obstetric history, the prominent malar rash and systemic manifestations are far more specific for SLE. The absence of oral ulcers or severe cytopenias does not exclude SLE, as these are neither required nor universal. Acute rheumatic fever is unlikely given the lack of documented streptococcal infection and the 14-month duration without cardiac involvement.

---

## NEXT STEP:

**Serologic panel: ANA (antinuclear antibody) by immunofluorescence and reflex anti-dsDNA and anti-Smith (anti-Sm) antibodies**

**Expected findings in SLE:**
- ANA positive (typically homogeneous or speckled pattern) in >95% of SLE cases
- Anti-dsDNA and/or anti-Sm antibodies present (highly specific for SLE; anti-Sm is 99% specific)
- Anti-Smith antibodies particularly associated with African American SLE patients

**Secondary supportive tests if ANA positive:**
- Complement","# DIFFERENTIAL DIAGNOSIS ANALYSIS

## PRIMARY DIAGNOSIS: Systemic Lupus Erythematosus (SLE)
**Confidence: High**

**Supporting findings:**
- Classic malar rash (photosensitive, symmetric across cheeks and nasal bridge) with constitutional symptoms (fever, fatigue, weight loss)
- Migratory polyarthralgia without joint swelling—typical of SLE arthritis, which is non-erosive and often seronegative
- Recurrent pregnancy loss (12 and 16 weeks) suggesting antiphospholipid syndrome (APS) association with SLE
- Cytopenias: leukopenia (3,200/μL) with normocytic anemia (10.8 g/dL) and mild thrombocytopenia (156,000/μL)
- Markedly elevated ESR (48 mm/hr) with modest CRP elevation—characteristic SLE inflammatory pattern

**Findings against:**
- Absence of oral ulcers and other photosensitive skin lesions (though not required for SLE diagnosis)
- None identified as truly contradictory; seronegative SLE remains consistent with this presentation

---

## DIFFERENTIAL DIAGNOSIS:

1. **Antiphospholipid Syndrome (APS) - primary or SLE-associated** (25%) — 
   *for:* Recurrent second-trimester miscarriages (thrombotic/obstetric complications) | 
   *against:* No clinical thrombosis, malar rash more suggestive of concurrent SLE

2. **Acute Rheumatic Fever (ARF)** (12%) — 
   *for:* Migratory polyarthralgia, fever, elevated inflammatory markers | 
   *against:* No documented antecedent streptococcal infection, malar rash atypical for ARF, absence of carditis findings on exam

3. **Lyme Arthritis** (8%) — 
   *for:* Migratory arthralgia pattern, recurrent nature | 
   *against:* No travel/endemic exposure history, does not explain malar rash, fever pattern, cytopenias, or pregnancy losses

4. **Rheumatoid Arthritis (seronegative)** (5%) — 
   *for:* Polyarticular involvement (wrists, knees, ankles) | 
   *against:* Lack of joint swelling on exam, migratory pattern unusual for RA, malar rash not typical, no morning stiffness

5. **Adult-onset Still's Disease** (3%) — 
   *for:* Fever, arthralgia, weight loss | 
   *against:* No quotidian fever pattern, no salmon-colored rash, absent lymphadenopathy/hepatosplenomegaly

---

## REASONING:

This clinical presentation is highly suggestive of SLE based on a convergence of pathognomonic features. The malar rash with photosensitivity is a hallmark sign, occurring in ~40% of SLE patients and essentially never seen in seronegative RA. The pattern of *migratory* polyarthralgia without objective joint swelling is characteristic of SLE arthritis, which is typically non-erosive, non-destructive, and seronegative—contrasting sharply with RA's symmetrical, persistent, swollen joint pattern. The constellation of cytopenias (leukopenia, normocytic anemia, mild thrombocytopenia) represents lupus-associated hematologic involvement. Critically, the recurrent second-trimester pregnancy losses in a young woman without obstetric explanation suggest either APS alone or APS comorbid with SLE, both of which fit this case. The disproportionately elevated ESR relative to CRP is classic for SLE (immune complex-mediated) compared to bacterial/viral processes. The 14-month disease trajectory with constitutional symptoms and progressive manifestations further supports SLE over ARF (which follows acute strep) or Lyme disease (which would require epidemiologic exposure).

---

## NEXT STEP:

**Antinuclear Antibody (ANA) testing by HEp-2 immunofluorescence**

*Expected finding:* A positive ANA (>1:80 titer) is present in >95% of SLE patients and is essential for diagnosis. Additionally, obtain **",,
gen-006,http://purl.bioontology.org/ontology/AIR/DXSLE,NONE,NONE,"# DIFFERENTIAL DIAGNOSIS CONSULTATION

## PRIMARY DIAGNOSIS: Systemic Lupus Erythematosus (SLE)
**Confidence:** High

**Supporting findings:**
- Classic malar rash (photosensitive, blanching, sparing nasolabial fold) appearing after sun exposure, a hallmark SLE manifestation
- Polyarticular arthritis affecting small joints (MCPs, wrists) and knees with morning stiffness >30 minutes, consistent with SLE arthritis
- Positive ANA 1:160 with homogeneous pattern in the appropriate clinical context (photosensitive rash + polyarthritis + systemic symptoms)

**Findings against:**
- None identified. All clinical and serological findings are entirely consistent with SLE.

---

## DIFFERENTIAL DIAGNOSIS:

1. **Rheumatoid Arthritis (8%)** — for: symmetrical polyarticular arthritis of small joints, morning stiffness, elevated inflammatory markers | against: negative RF and anti-CCP (both highly specific for RA), absence of typical RA distribution (feet spared), photosensitive rash incompatible with RA

2. **Drug-Induced Lupus (7%)** — for: positive ANA, arthritis, rash | against: no medication history documented, malar rash is uncommon in drug-induced lupus (usually involves sun-exposed areas diffusely), normal complement levels argue against active SLE but are typical for drug-induced lupus; however, absence of reported medication exposure makes this unlikely

3. **Sjögren's Syndrome (3%)** — for: positive ANA (can occur), systemic symptoms, fatigue | against: explicit denial of dry eyes and dry mouth (cardinal symptoms), no keratoconjunctivitis sicca or xerostomia findings, photosensitive malar rash not characteristic of Sjögren's alone

4. **Early Rheumatoid Arthritis with concurrent viral exanthem (2%)** — for: seronegative RA can present initially | against: photosensitive distribution of rash, homogeneous ANA pattern favors autoimmune connective tissue disease, timing of rash with sun exposure is pathognomonic for SLE

---

## REASONING:

This patient presents a textbook case of SLE based on fulfilling multiple ACR/EULAR classification criteria: (1) malar rash that is photosensitive and blanching—the most specific skin manifestation of SLE; (2) polyarticular arthritis affecting hands and knees with prolonged morning stiffness, characteristic of SLE rather than other arthritides; (3) systemic features including fatigue, low-grade fever, and alopecia spanning weeks; and (4) positive ANA with homogeneous pattern, a sensitive screening test for SLE.

The negative RF and anti-CCP powerfully exclude rheumatoid arthritis, which would otherwise be high on the differential for symmetric polyarticular arthritis. While anti-dsDNA and anti-Smith are negative (pending repeat), these are not required for SLE diagnosis—only 60-70% of SLE patients are anti-dsDNA positive, and anti-Smith is present in only 20-30%. The complement levels are currently normal, which does not exclude SLE; complement consumption becomes evident with active lupus nephritis or CNS involvement.

The photosensitive distribution of the rash after beach exposure is perhaps the single most discriminating finding, as this is almost pathognomonic for SLE and excludes alternative diagnoses like seronegative RA.

---

## NEXT STEP:

**Repeat anti-dsDNA antibody and request anti-Ro/SSA and anti-La/SSB antibodies**, with expectation that anti-dsDNA will likely return positive (confirming SLE diagnosis) and anti-Ro/SSA may be positive (present in ~60% of SLE, associated with photosensitivity and rash). Additionally, **obtain urinalysis with microscopy and urine protein-to-creatinine ratio** to screen for lupus nephritis (present in ~50% at diagnosis), which would inform prognosis and treatment intensity. If any proteinuria or hematuria is detected, proceed to renal biopsy to establish histological class.","PRIMARY DIAGNOSIS: Systemic Lupus Erythematosus (SLE)
Confidence: High
Supporting findings: (1) Malar rash with photosensitivity in a young woman; (2) Polyarticular arthritis (hands, wrists, knees) with morning stiffness in the absence of RF/anti-CCP negativity; (3) Positive ANA (1:160, homogeneous pattern) with constitutional symptoms (fatigue, low-grade fever, alopecia)
Findings against: Anti-dsDNA currently negative and anti-Smith negative (though anti-dsDNA is pending repeat and both can be negative in early/mild SLE); complement levels are borderline normal rather than markedly depleted

---

DIFFERENTIAL DIAGNOSIS:

1. Early Rheumatoid Arthritis (15%) — for: symmetric polyarticular arthritis with morning stiffness, elevated inflammatory markers (ESR 32, CRP 6.2) | against: negative RF and anti-CCP are strongly against RA; malar rash and photosensitivity are not RA features; ANA positive at 1:160

2. Drug-Induced Lupus (10%) — for: ANA positivity, polyarthritis, rash, constitutional symptoms | against: no medication history provided; typically presents with ANA but lacks anti-dsDNA; alopecia and malar rash more typical of idiopathic SLE

3. Polymyalgia Rheumatica (8%) — for: elevated ESR and morning stiffness, systemic symptoms | against: age 28 is far too young (PMR typically age >50); distribution is distal joints (MCPs, wrists, knees) not proximal girdle; photosensitive malar rash absent in PMR

4. Seronegative Spondyloarthropathy (7%) — for: polyarthritis and morning stiffness | against: no axial/sacroiliac involvement; no HLA-B27 testing mentioned; photosensitive malar rash argues strongly against this diagnosis

---

REASONING:

This 28-year-old woman presents with a classic triad for SLE: photosensitive malar rash, polyarticular arthritis (non-erosive pattern suggested by preserved ROM and absence of RF/anti-CCP), and positive ANA with constitutional symptoms. The negative RF and anti-CCP essentially exclude RA as the primary diagnosis—the combination of seronegative arthritis with photosensitive rash and systemic features is pathognomonic for SLE. While the anti-dsDNA is currently negative and complements are only borderline low, early SLE can present with positive ANA alone, and anti-dsDNA positivity develops in approximately 70% of SLE patients over time. The elevated ESR (32 mm/hr) and CRP (6.2 mg/L) reflect active disease. The alopecia, fatigue, and low-grade fever are consistent with SLE's systemic manifestations. The absence of Raynaud's, sicca symptoms, and photophobia does not exclude SLE, as these are not required for diagnosis.

---

NEXT STEP:

**Repeat anti-dsDNA antibody testing** (by ELISA or Crithidia luciliae immunofluorescence) is the single most discriminating next step. SLE diagnosis is substantially strengthened if anti-dsDNA converts to positive, and would satisfy the revised ACR/EULAR 2019 SLE classification criteria (4+ points with ANA 1:160 ≥homogeneous pattern + anti-dsDNA + clinical features). Concurrently, obtain **urinalysis with microscopy** to screen for lupus nephritis (proteinuria, RBC casts, cellular casts), which would indicate organ involvement and further confirm SLE diagnosis and guide treatment intensity.",,
gen-007,http://purl.bioontology.org/ontology/AIR/DXGT,NONE,NONE,"# RHEUMATOLOGY CONSULTATION: DIFFERENTIAL DIAGNOSIS

## PRIMARY DIAGNOSIS: Acute Gout (Gouty Arthritis)
**Confidence: High**

**Supporting findings:**
- Acute monoarticular inflammation of the first MTP joint with severe pain of sudden nocturnal onset (classic presentation)
- Elevated serum uric acid (8.2 mg/dL) with multiple risk factors (heavy alcohol consumption, red meat/shellfish intake, obesity, male sex, sedentary lifestyle)
- Synovial fluid WBC count of 42,000/μL with inflammatory pattern consistent with crystal-induced arthritis

**Findings against:**
- None identified. Clinical presentation, risk profile, laboratory data, and inflammatory markers are all consistent with acute gout.

---

## DIFFERENTIAL DIAGNOSIS:

1. **Pseudogout/Calcium Pyrophosphate Deposition Disease (CPPD)** (8-10%) — for: acute monoarticular inflammation, elevated inflammatory markers, similar joint predilection in older patients | against: no history of polyarticular involvement, no radiographic evidence of chondrocalcinosis mentioned, first MTP less typical site than knees/wrists

2. **Acute Bacterial Septic Arthritis** (3-5%) — for: severe acute inflammation, elevated WBC and systemic markers (fever 37.8°C), synovial WBC >50,000 | against: monoarticular presentation without preceding trauma or constitutional symptoms, preserved renal function, normal LFTs, clinical improvement unlikely with paracetamol if truly septic

3. **Acute Rheumatoid Arthritis (Early Presentation)** (2-3%) — for: acute-onset inflammatory arthritis with elevated inflammatory markers | against: sudden nocturnal onset atypical for RA, monoarticular presentation (RA typically polyarticular), male with heavy alcohol use (demographic mismatch), previous self-limited episode 18 months prior (RA typically progressive)

---

## REASONING:

This is a classic presentation of acute gout triggered by recognizable precipitants. The sudden, severe, nocturnal onset of monoarticular inflammation in the first MTP joint is pathognomonic for gout; the patient's multiple risk factors (male sex, obesity, heavy alcohol consumption, dietary purines from red meat/shellfish) and elevated serum uric acid strongly support urate crystal deposition as the mechanism. The synovial fluid WBC of 42,000/μL falls within the typical range for crystal-induced arthritis (20,000–100,000) and, while overlapping with septic arthritis, is most consistent with gout given the clinical context. The history of an identical self-limited episode 18 months prior is a critical discriminator—recurrent attacks of the same joint with spontaneous resolution is the natural history of untreated gout. The absence of polyarticular involvement, tophi, or chronic joint damage argues against chronic tophaceous gout but does not exclude acute presentation.

---

## NEXT STEP:

**Examination of synovial fluid under polarized light microscopy for monosodium urate crystals.**

**Expected finding:** Intracellular needle-shaped, negatively birefringent monosodium urate crystals, which would definitively confirm the diagnosis of gout and represent the gold standard diagnostic criterion. This should be performed urgently before initiating NSAIDs or colchicine, as crystal identification is diagnostic and allows confident exclusion of septic arthritis.","# RHEUMATOLOGY DIFFERENTIAL DIAGNOSIS

## PRIMARY DIAGNOSIS: Acute Gout
**Confidence: High**

**Supporting findings:**
- Acute monoarthritis of first MTP joint with sudden nocturnal onset and severe pain (""worst pain I've ever felt"") — classic presentation of gouty podagra
- Elevated serum uric acid (8.2 mg/dL, above normal threshold of 6.0) combined with risk factors (heavy alcohol consumption 4-5 pints daily, purine-rich diet of red meat and shellfish the evening prior)
- Recurrent identical presentation 18 months ago with spontaneous resolution, consistent with episodic gout rather than chronic arthritis

**Findings against:** 
- None identified; the clinical presentation is highly characteristic

---

## DIFFERENTIAL DIAGNOSIS:

1. **Pseudogout (Calcium Pyrophosphate Deposition Disease)** (15%) — *for:* Acute monoarthritis with severe inflammatory response (WBC 42,000/μL, CRP 18, ESR 28); *against:* Chondrocalcinosis not documented on imaging; age 52 is younger than typical peak incidence; urate crystal identification would be diagnostic

2. **Acute Septic Arthritis** (5%) — *for:* Acute monoarthritis with marked warmth, erythema, systemic inflammation (WBC 13,200, fever 37.8°C); *against:* No preceding trauma or skin breach; monoarticular gout far more common in this clinical context; synovial WBC 42,000 is typical for crystal arthritis, not strongly suggestive of infection

3. **Rheumatoid Arthritis or Psoriatic Arthritis** (<5%) — *for:* Joint swelling and inflammatory markers elevated; *against:* Acute monoarthritis of MTP joint is atypical presentation (RA favors symmetric MCP/PIP; PsA often asymmetric/dactylitic); no preceding systemic symptoms; no rash or nail findings; recurrent isolated episodes inconsistent with these progressive erosive arthropathies

---

## REASONING:

This 52-year-old man presents with the **pathognomonic triad of acute gout**: first MTP joint involvement (podagra), sudden nocturnal onset, and severe pain. The serum uric acid of 8.2 mg/dL is elevated and provides the biochemical substrate. Critical contextual clues include heavy daily alcohol consumption (inhibits uric acid excretion), recent purine-heavy diet (red meat, shellfish), obesity (BMI 32—another risk factor), and crucially, **an identical prior episode 18 months ago that resolved spontaneously**. This recurrent episodic pattern is far more characteristic of gout than of chronic inflammatory arthropathies. 

The synovial fluid WBC of 42,000 is consistent with crystal-induced inflammation but non-specific. While acute septic arthritis must be considered given systemic inflammation, the absence of trauma, the clinical context strongly favoring gout, and the prior identical episode make infection unlikely. Pseudogout is less probable given the typical patient age and urate level elevation.

**The definitive test—synovial fluid crystal analysis (polarized light microscopy)—should already be in progress from the joint aspiration performed.** Intracellular, negatively birefringent monosodium urate crystals would confirm gout definitively.

---

## NEXT STEP:

**Polarized light microscopy of the synovial fluid obtained at aspiration** — expecting to identify **intracellular, needle-shaped, negatively birefringent monosodium urate (MSU) crystals**, which would confirm acute gout and render the diagnosis certain. This is the gold standard for gout diagnosis and should be performed urgently if not already completed.",,
gen-008,http://purl.bioontology.org/ontology/AIR/DXGT,NONE,NONE,"# RHEUMATOLOGIC DIFFERENTIAL DIAGNOSIS CONSULTATION

## PRIMARY DIAGNOSIS: Acute Arthritis Secondary to CKD (Uremia-Related or Calcification-Associated)

**Confidence: Medium**

**Supporting findings:**
- Stage 3b CKD (Cr 1.9) with absent hyperuricemia (UA 4.2) despite 15-year gout history—atypical for recurrent gouty episodes
- Subacute onset over 72 hours with large joint involvement (knee) rather than classic podagra pattern, representing departure from established disease phenotype
- Elevated inflammatory markers (CRP 18, ESR 22) with absence of warmth on palpation, suggesting non-infectious inflammatory process

**Findings against:**
- No documented chondrocalcinosis on knee X-ray (though not specifically looked for on extremity radiographs)
- Lack of systemic symptoms or polyarticular involvement typical of uremia-associated arthropathy

---

## DIFFERENTIAL DIAGNOSIS:

1. **Acute Gout Attack** (35%) — for: 15-year history of gout with excellent response to colchicine/NSAIDs; knee monoarthritis can occur in established gout; elevated inflammatory markers | against: Normal serum uric acid (4.2 mg/dL) makes acute urate crystal deposition mechanistically unlikely; atypical pattern (isolated large joint without podagra); subacute onset less typical

2. **Acute Pseudogout (Calcium Pyrophosphate Deposition Disease)** (30%) — for: Large joint monoarthritis (knee classic site); age 68; CKD increases risk; acute inflammatory response with elevated CRP/ESR | against: No chondrocalcinosis visualized on radiograph; subacute 72-hour onset (pseudogout typically sudden); absence of warmth on palpation is atypical

3. **Septic Arthritis** (15%) — for: Significant effusion with ballottement; elevated WBC (11,200) and inflammatory markers | against: Afebrile (37.1°C); absence of warmth or severe warmth; low clinical suspicion given presentation; subacute timeline less consistent

4. **Reactive Arthritis/Post-infectious Inflammation** (12%) — for: Monoarticular knee involvement; inflammatory response; CKD patient may have altered immune response | against: No preceding infection, GI or GU symptoms, or systemic features; no other joint involvement

5. **Osteoarthritis with Inflammatory Flare** (8%) — for: Age 68; knee involvement | against: Acute presentation over 3 days; significantly elevated acute phase reactants; degree of effusion more suggestive of inflammatory arthritis

---

## REASONING:

This case presents a diagnostic challenge because the clinical history of ""gout"" is now being challenged by the absence of hyperuricemia despite CKD progression. Paradoxically, stage 3b CKD reduces renal uric acid excretion, yet this patient's serum uric acid is *normal* for the first time in 15 years—suggesting either improved adherence to dietary restriction, increased urinary losses from a different mechanism, or that previous diagnoses may have been incorrect. The **subacute onset with large-joint monoarthritis (knee) without concurrent podagra is a significant departure** from his established disease pattern, raising suspicion for a different crystal arthropathy or CKD-associated process.

The **absence of joint warmth is a crucial clinical finding** that argues against acute gout and pseudogout, which typically present with intense erythema and warmth. The normal uric acid level makes acute gout deposition biochemically implausible. Pseudogout remains in the differential given the age, CKD, and knee involvement, but the lack of radiographic chondrocalcinosis and subacute timeline weigh against it. Septic arthritis must be excluded given the effusion, though the afebrile status and lack of warmth make this less likely.

The most diagnostically rewarding direction is **synovial fluid analysis**, which will definitively identify or exclude crystal arthropathy and assess for infection.

---

## NEXT STEP: 

**Obtain synovial fluid analysis (cell count with differential, crystal identification under polarized light microscopy, Gram stain, culture, and glucose/LDH).**

**Expected findings that would support diagnosis:**
- **","# DIFFERENTIAL DIAGNOSIS ANALYSIS

## PRIMARY DIAGNOSIS: Acute Monoarthritis — Atypical Presentation of Gout
**Confidence: Medium**

**Supporting findings:**
1. **15-year history of recurrent acute monoarthritis episodes** predominantly affecting the first MTP joint, consistent with chronic tophaceous gout pattern
2. **Excellent previous response to colchicine and NSAIDs**, which is characteristic of crystal-induced arthritis rather than inflammatory or infectious causes
3. **Inflammatory synovial fluid markers** (WBC 11,200, CRP 18, ESR 22) indicating acute inflammatory flare consistent with crystal-induced synovitis

**Findings against:**
1. **Subacute onset over 72 hours** rather than the sudden, overnight onset typical of acute gouty attacks; patient specifically notes this presentation differs from his previous episodes
2. **Normal serum uric acid (4.2 mg/dL)** within normal range—hyperuricemia is not present, which reduces (but does not exclude) gout likelihood; notably, uric acid can be normal or even low during acute flares due to crystal deposition
3. **Absence of concurrent podagra and isolated knee involvement** diverges from patient's 15-year pattern of MTP-predominant disease

---

## DIFFERENTIAL DIAGNOSIS:

1. **Gout (atypical presentation with knee involvement)** (45%) 
   — *for:* 15-year history of recurrent monoarthritis, excellent prior response to colchicine/NSAIDs, inflammatory synovial markers | *against:* subacute onset, normal uric acid level, unusual site deviation from MTP pattern

2. **Pseudogout (calcium pyrophosphate deposition disease)** (25%)
   — *for:* large joint monoarthritis (knee), age 68, inflammatory markers present, gradual 3-day onset | *against:* X-ray shows no chondrocalcinosis (though 10-15% of pseudogout cases lack visible chondrocalcinosis), excellent prior response to colchicine argues for MSU crystals

3. **Septic Arthritis** (15%)
   — *for:* significant effusion, erythema, elevated inflammatory markers, monoarticular presentation | *against:* afebrile (37.1°C), no warmth on palpation, no systemic symptoms, CRP only mildly elevated (18 mg/L), CKD patient should have higher suspicion threshold

4. **Acute inflammatory arthritis (seronegative spondyloarthropathy or early RA polyarthralgias)** (10%)
   — *for:* elevated WBC, CRP, ESR; patient age compatible | *against:* isolated monoarthritis not typical presentation, no polyarticular involvement, long asymptomatic intervals between episodes inconsistent with progressive RA

5. **Meniscal or ligamentous injury/osteoarthritis flare** (5%)
   — *for:* knee-specific involvement, effusion on imaging | *against:* no traumatic history, inflammatory markers elevated out of proportion to mechanical disease, prior episodes in different joints

---

## REASONING:

This case presents a diagnostic challenge due to **atypical features in a patient with a classic 15-year history of probable gout**. The patient's prior presentation pattern (recurrent MTP monoarthritis responsive to colchicine/NSAIDs) strongly suggests chronic gout; however, the **current large-joint presentation, subacute tempo, and normal uric acid** create diagnostic uncertainty.

The **key discriminator is synovial fluid crystal analysis**, which will definitively identify monosodium urate (needle-shaped, negatively birefringent) crystals in gout versus calcium pyrophosphate (rhomboid, positively birefringent) crystals in pseudogout. The **absence of chondrocalcinosis on X-ray slightly favors gout** but does not exclude pseudogout. While **serum uric acid is paradoxically normal**, this does not exclude gout, as acute hyperinflammatory states can result in rapid tissue deposition and reduced serum levels—additionally, the patient has CKD stage 3b, which independently predisposes to gout.

**Septic arthritis must be excluded** given the monoarticular effusion and inflammatory markers, despite reassuring clinical features (afe",,
gen-009,http://purl.bioontology.org/ontology/AIR/DXGT,NONE,NONE,"# RHEUMATOLOGIC DIFFERENTIAL DIAGNOSIS

**PRIMARY DIAGNOSIS: Acute Gout**
**Confidence: High**

**Supporting findings:**
- Classic presentation of sudden-onset monoarticular arthritis affecting the first MTP joint (pathognomonic for gout)
- Severe inflammatory signs: marked erythema, warmth, and swelling with significant pain (8/10) and functional limitation
- Clear temporal relationship to purine-rich meal (seafood dinner 3 days prior, symptom onset 2 days ago—typical 24-48 hour lag)

**Findings against:**
- Serum urate currently normal at 5.8 mg/dL; however, urate can normalize acutely during an attack due to consumption by inflammatory response, and a single measurement does not exclude gout
- No prior gout history (though first presentation is possible given risk factors: age, male, hypertension, obesity, hyperlipidemia)

---

## DIFFERENTIAL DIAGNOSIS:

1. **Acute Gout (70%)** — for: First MTP monoarthritis, post-purine meal timing, marked erythema/warmth, severe acute inflammation | against: Normal serum urate (though not excluded during acute attack)

2. **Septic Arthritis (15%)** — for: Severe monoarticular inflammation, elevated WBC and CRP | against: Afebrile (37.1°C), no systemic toxicity, no clear source of bacteremia, rapid response unlikely without antibiotics

3. **Reactive Arthritis (10%)** — for: Acute monoarthritis, elevated inflammatory markers, male gender | against: No preceding GI/GU symptoms, no mucocutaneous findings, no other joint involvement (reactive arthritis often polyarticular)

4. **Pseudogout (CPPD arthritis) (5%)** — for: Acute monoarticular arthritis in older adult with metabolic disease | against: First MTP joint involvement is atypical for pseudogout (typically knee, wrist); post-purine dietary trigger less characteristic

---

## REASONING:

The clinical presentation is highly characteristic of acute gout: sudden monoarticular arthritis of the first MTP joint in a middle-aged male with multiple risk factors (hypertension, hyperlipidemia, obesity) preceded by a purine-rich meal. The marked inflammatory response (erythema, warmth, elevated acute phase reactants: CRP 34, WBC 11.2) fits the acute crystal-induced inflammatory cascade. While the normal serum urate appears discordant, it is a known phenomenon during acute gout attacks when urate is consumed in the inflammatory process; a single level does not exclude the diagnosis. The afebrile status, lack of systemic symptoms, and isolated monoarticular involvement make septic arthritis less likely, though it remains on the differential. Reactive arthritis typically presents with polyarticular involvement and preceding infection symptoms. Pseudogout is possible but less likely given the first MTP location and dietary trigger.

---

## NEXT STEP:

**Synovial fluid analysis via arthrocentesis of the left first MTP joint.**

**Expected findings supporting gout:**
- Intracellular needle-shaped monosodium urate monohydrate crystals (negatively birefringent under polarized light microscopy)
- WBC count 5,000–50,000/μL with predominant neutrophils
- Culture negative (to exclude infection)

This is the definitive diagnostic test and will immediately confirm crystal-induced arthropathy versus infection, guiding therapy (colchicine/NSAIDs vs. antibiotics). It should not be delayed.","# DIFFERENTIAL DIAGNOSIS ANALYSIS

**PRIMARY DIAGNOSIS:** Acute Gout (First Presentation)
**Confidence:** High

**Supporting findings:**
1. Classic presentation: acute monoarticular arthritis of first MTP joint (podagra) with severe pain, erythema, warmth, and swelling in a middle-aged male with metabolic risk factors
2. Temporal relationship to dietary trigger: large seafood dinner 3 days ago (high purine content) immediately preceding symptom onset 2 days later
3. Acute inflammatory response: elevated WBC (11.2), CRP (34 mg/L), and ESR (18 mm/hr) consistent with crystal-induced inflammation

**Findings against:**
1. Serum urate currently normal at 5.8 mg/dL—however, this does NOT exclude acute gout, as urate levels often normalize during acute flares due to rapid crystal precipitation into joints; moreover, this single measurement may not represent the patient's baseline chronic hyperuricemia
2. No tophi or prior gout history—but first presentation of gout can occur in this age group, and tophi develop only after recurrent episodes over years

---

## DIFFERENTIAL DIAGNOSIS:

1. **Acute Gout** (75%) — *for:* Classic podagra presentation + dietary trigger + acute inflammation markers | *against:* Normal serum urate at presentation (non-specific timing)

2. **Pseudogout (Calcium Pyrophosphate Deposition Disease)** (15%) — *for:* Acute monoarticular arthritis with similar inflammatory response + first MTP can be affected | *against:* Typically affects older patients, knee involvement more common; no chondrocalcinosis noted on imaging; no prior episodes

3. **Bacterial Septic Arthritis** (7%) — *for:* Monoarticular, marked swelling/erythema, elevated inflammatory markers | *against:* Afebrile (37.1°C), no systemic symptoms, no significant trauma history, normal creatinine suggests preserved renal clearance

4. **Reactive Arthritis (Post-infectious)** (3%) — *for:* Acute onset monoarthritis | *against:* No preceding GI or GU symptoms within 2-4 weeks prior, no ocular/mucocutaneous findings, isolated joint involvement without systemic features

---

## REASONING:

The clinical presentation is highly characteristic of acute gout: acute-onset severe monoarticular arthritis affecting the first MTP joint (podagra—the pathognomonic site) with prominent erythema, warmth, and swelling in a 47-year-old male with multiple gout risk factors (hypertension, hyperlipidemia, obesity, sedentary lifestyle, regular alcohol consumption). The temporal relationship to purine-rich seafood consumption 3 days prior is a classic trigger. The acute inflammatory response (elevated WBC, CRP, ESR) is consistent with monosodium urate crystal-induced synovitis. 

Critically, the normal serum urate level does not exclude gout—during acute flares, rapid precipitation of urate crystals into the joint lowers serum levels, and a single ""normal"" measurement may reflect this acute shift rather than true normouricemia. The patient's chronic hyperuricemia predisposing to gout likely persists. The absence of prior episodes and tophi simply indicates this is a first presentation, which occurs regularly in this demographic. Septic arthritis remains on the differential given monoarticular involvement with significant inflammation, but the afebrile status and lack of systemic toxicity strongly argue against infection.

---

## NEXT STEP:

**Synovial fluid analysis via arthrocentesis of the left first MTP joint** — specifically looking for **intracellular, needle-shaped, negatively birefringent monosodium urate crystals** under compensated polarized light microscopy. This is the gold standard for gout diagnosis and would confirm the diagnosis definitively. A negative result would necessitate consideration of pseudogout (looking for rhomboid calcium pyrophosphate crystals) or bacterial culture/gram stain if septic arthritis remains suspected.",,
gen-010,http://purl.bioontology.org/ontology/AIR/DXPSO,NONE,NONE,"# STRUCTURED DIFFERENTIAL DIAGNOSIS

**PRIMARY DIAGNOSIS: Psoriatic Arthritis (PsA)**

**Confidence:** High

**Supporting findings:**
1. Long-standing psoriasis (8 years) with active skin involvement preceding joint symptoms by years—establishing the key temporal relationship for PsA diagnosis
2. Asymmetric-to-symmetric polyarticular pattern involving PIPs, MCPs, wrists, and knees with morning stiffness ~90 minutes, consistent with PsA's inflammatory phenotype
3. **Dactylitis of the left third digit**—a hallmark pathognomonic sign of PsA that is present in 40-50% of PsA patients and rarely seen in other rheumatic conditions; this finding is highly discriminatory

**Findings against:** None identified—the clinical presentation is classic for PsA

---

## DIFFERENTIAL DIAGNOSIS:

1. **Rheumatoid Arthritis (RA)** (15%) — for: symmetric polyarticular pattern, elevated inflammatory markers, morning stiffness | against: negative RF and anti-CCP antibodies (highly sensitive for RA), presence of dactylitis (not typical of RA), active psoriasis predating arthritis

2. **Ankylosing Spondylitis (AS)** (8%) — for: HLA-B27 positive, reduced spinal flexion, lower back involvement | against: primarily axial skeleton predominance expected; polyarticular hand involvement with symmetric pattern and dactylitis not typical; no inflammatory back pain characteristics described

3. **Systemic Lupus Erythematosus (SLE)** (5%) — for: polyarticular involvement, elevated inflammatory markers | against: negative ANA (>95% sensitive for SLE), denies photosensitivity and oral ulcers, no rash compatible with SLE, male gender (90% female predominance)

---

## REASONING:

This 42-year-old male presents with the classic triad for PsA diagnosis: pre-existing psoriasis of 8 years duration, new-onset inflammatory polyarthritis with symmetric distribution, and critically—**dactylitis**, which is a pathognomonic clinical finding highly specific to PsA and spondyloarthropathies. The negative RF and anti-CCP antibodies effectively exclude seronegative RA, as the combination of these markers are >98% sensitive for RA when both tests are negative in this inflammatory arthritis context. The HLA-B27 positivity, reduced spinal flexion, and lower back involvement fit the spondyloarthropathy phenotype (PsA is classified within this family), but the predominant polyarticular peripheral pattern with dactylitis is far more consistent with PsA than axial-predominant AS. The elevated ESR (38) and CRP (12.4) confirm active inflammation, and the absence of systemic features (negative ANA, no serositis, no photosensitivity) excludes SLE. The temporal sequence of psoriasis preceding arthritis by years, the specific joint distribution, and especially the dactylitis make PsA the overwhelming clinical front-runner.

---

## NEXT STEP:

**Obtain MRI of the hands and wrists** to evaluate for:
- **Periostitis and enthesitis** (inflammation at tendon insertions in the fingers)
- **Tenosynovitis** (explaining dactylitis mechanism beyond joint swelling)
- **Bone marrow edema** in the carpal and metacarpal bones

**Expected findings consistent with PsA:** Evidence of tenosynovitis at the flexor tendon sheaths, periostitis at phalangeal bases, and potentially early periarticular edema. These imaging signatures, combined with the clinical dactylitis, would virtually confirm PsA diagnosis and would guide immediate initiation of DMARDs or biologic therapy.

*Alternative confirmatory approach:* If MRI unavailable, proceed directly to dermatology assessment for confirmation of psoriasis diagnosis (including nail involvement assessment for pitting or onycholysis, which would further strengthen PsA likelihood) and initiate anti-TNF biologic therapy empirically, as the clinical diagnosis of PsA is already high confidence based on the dactylitis finding alone.","PRIMARY DIAGNOSIS: Psoriatic Arthritis (PsA)
Confidence: High
Supporting findings: (1) Long-standing psoriasis (8 years) with active skin lesions preceding joint symptoms; (2) Dactylitis of left third digit—a pathognomonic finding highly specific for PsA; (3) Asymmetric polyarticular pattern progressing to symmetry with PIP/MCP/wrist involvement and morning stiffness ~90 minutes
Findings against: None identified

---

DIFFERENTIAL DIAGNOSIS:

1. **Seronegative Rheumatoid Arthritis (15%)** — for: symmetric polyarthritis, PIP/MCP/wrist involvement, 90-min morning stiffness, elevated inflammatory markers | against: negative RF and anti-CCP (seronegative RA is uncommon), dactylitis absent, no erosions on imaging, long-standing psoriasis predates arthritis

2. **Polymyalgia Rheumatica (8%)** — for: elevated ESR (38), elevated CRP, morning stiffness | against: age 42 (typically >50), polyarticular small joint involvement rather than proximal girdle pattern, no polymyalgic proximal symptoms described, dactylitis incompatible

3. **Reactive Arthritis/Undifferentiated Spondyloarthropathy (7%)** — for: HLA-B27 positivity, oligoarticular progression, spinal involvement (reduced flexion) | against: no preceding GI/GU infection documented, skin manifestations are psoriasis not keratoderma/erythema, dactylitis less typical

---

REASONING:

This case presents a compelling clinical picture for psoriatic arthritis. The patient has a documented 8-year history of psoriasis with active skin involvement, which precedes arthritic symptoms—a temporal relationship strongly favoring PsA over seronegative RA. The dactylitis of the left third digit is a discriminating physical examination finding with high specificity for spondyloarthropathies, particularly PsA. The polyarticular pattern affecting small joints (PIP, MCP, wrist) with asymmetric onset progressing to symmetry, coupled with 90-minute morning stiffness and inflammatory markers (ESR 38, CRP 12.4), mimics RA; however, the negative RF and anti-CCP antibodies make seronegative RA less likely, especially given the presence of psoriasis and dactylitis. The positive HLA-B27 supports a spondyloarthropathy, consistent with PsA. Polymyalgia rheumatica is excluded by age and joint distribution. The lack of erosions on early imaging is not against PsA, as erosions develop over time and are absent in early disease.

---

NEXT STEP:

**MRI of hands and wrists** to assess for early erosive changes, periostitis, or synovitis pattern characteristic of PsA. Expected finding: juxta-articular erosions, particularly at DIP joints or marginal erosions at PIP/MCP joints with surrounding synovitis—these would confirm the inflammatory erosive pattern of PsA and exclude non-erosive seronegative conditions. Alternatively, **dermatology co-assessment** to confirm active psoriasis and screen for subtle nail changes (pitting, onycholysis, subungual hyperkeratosis) that may have been missed on initial examination and would further support PsA diagnosis.",,
gen-011,http://purl.bioontology.org/ontology/AIR/DXPSO,NONE,NONE,"# DIFFERENTIAL DIAGNOSIS ANALYSIS

PRIMARY DIAGNOSIS: Seronegative Rheumatoid Arthritis (RA)
Confidence: Medium
Supporting findings: Symmetric polyarticular arthritis with PIP and wrist involvement, morning stiffness lasting 45 minutes (>30 min suggests inflammatory arthritis), elevated inflammatory markers (ESR 32, CRP 8.2) with gradual 8-month progressive course
Findings against: PIP predominance is atypical (RA typically favors MCPs); seronegative status (~20-30% of RA) is possible but makes diagnosis less certain; absence of erosions at 8 months doesn't exclude early RA but is favorable prognostically

---

## DIFFERENTIAL DIAGNOSIS:

1. **Psoriatic Arthritis (PsA)** (45%) — for: History of plaque psoriasis, PIP joint involvement pattern (characteristic of PsA), dactylitis of fourth toe (highly specific for PsA), asymmetric presentations possible, seronegative | against: Psoriasis currently quiescent without active skin/nail manifestations; no MCPs or DIP involvement noted; HLA-B27 negative (though only ~70% of PsA are B27+)

2. **Seronegative Rheumatoid Arthritis** (35%) — for: Symmetric polyarticular inflammation, wrist involvement, 45-minute morning stiffness, elevated ESR/CRP, insidious onset with functional impairment | against: PIP-predominant pattern less typical than MCP-predominant RA; RF/anti-CCP both negative argues against typical RA pathogenesis; history of psoriasis could represent coincidental disease

3. **Early Erosive Osteoarthritis** (10%) — for: Age 54 (post-menopausal), PIP involvement, gradual onset | against: Inflammatory markers elevated (contradicts OA); morning stiffness duration too long; multiple large joints involved (knees, ankles, shoulders); no erosions on imaging; acute phase response inappropriate for OA

4. **Systemic Lupus Erythematosus (SLE)** (7%) — for: Female, polyarticular arthritis, elevated inflammatory markers | against: ANA negative (very high sensitivity in SLE, makes diagnosis unlikely); no constitutional symptoms, photosensitivity, oral ulcers, or renal involvement; serology pattern inconsistent

5. **Enteropathic Arthritis** (3%) — for: Seronegative polyarthritis pattern, HLA-B27 negative makes this less likely but not excluded | against: No GI symptoms reported; no inflammatory bowel disease history; would expect different joint pattern typically; diagnosis of exclusion

---

## REASONING:

The clinical presentation sits at a diagnostic crossroads between seronegative RA and PsA, with the **dactylitis and PIP-predominant pattern strongly favoring PsA despite quiescent skin disease**. While the patient's psoriasis is currently stable, PsA can precede, coincide with, or follow cutaneous manifestations by years, and ~10% of PsA patients present without active skin lesions at arthritis onset. The presence of dactylitis—a hallmark of PsA with high specificity—is the most discriminating finding here; this rarely occurs in seronegative RA except in overlap syndromes. However, the symmetric wrist involvement and true morning stiffness (45 minutes) are more characteristic of RA. The seronegative status (negative RF and anti-CCP) reduces but does not exclude RA, which accounts for 20-30% of cases, particularly in this demographic. The absence of MCP involvement and presence of clear PIP/ankle/dactylitis pattern shifts probability toward PsA, especially given the established psoriatic history as a risk factor.

---

## NEXT STEP:

**Perform detailed dermatologic examination with dermoscopy of psoriatic plaques, check for subclinical nail changes (nail ultrasound or dermatoscopy for nail bed thickening, onycholysis, pitting), and obtain hand/foot MRI with focus on dactylitis confirmation and early erosive changes in PIP joints.**

**Expected findings:** If PsA — MRI will show synovitis with characteristic ""pencil-in-cup"" erosive changes or early bone marrow edema in PIPs/DIPs; subclinical nail","# DIFFERENTIAL DIAGNOSIS ANALYSIS

**PRIMARY DIAGNOSIS: Seronegative Psoriatic Arthritis (PsA)**

**Confidence: High**

**Supporting findings:**
- PIP joint predominance (index/middle fingers bilaterally) with absent MCP involvement is characteristic of PsA and atypical for RA
- Dactylitis of the fourth toe (right foot) is a hallmark finding highly specific to PsA and spondyloarthropathies
- History of plaque psoriasis (20 years) with subsequent polyarticular arthritis onset follows the typical PsA temporal pattern; skin disease may precede or coincide with joint involvement

**Findings against: None identified**
The seronegative status (RF and anti-CCP negative) actually supports PsA; the stable skin disease does not exclude PsA arthritis (arthritis can occur independent of cutaneous activity).

---

## DIFFERENTIAL DIAGNOSIS:

1. **Seronegative Rheumatoid Arthritis (10% seropositive conversion possible)** (20%) — for: symmetric polyarthritis, morning stiffness 45 min, elevated inflammatory markers | against: PIP predominance (RA favors MCPs), dactylitis absent, no erosions on imaging, negative anti-CCP makes future seropositivity unlikely

2. **Ankylosing Spondylitis or axial Spondyloarthropathy** (15%) — for: seronegative status, morning stiffness, peripheral arthritis pattern | against: HLA-B27 negative (present in >90% of AS), no axial/spinal symptoms reported, no sacroiliitis imaging findings

3. **Polymyalgia Rheumatica** (5%) — for: elevated ESR, morning stiffness, age 54 | against: polyarticular PIP/ankle involvement (PMR affects proximal girdle: shoulders/hips), no temporal/cranial symptoms, younger than typical PMR onset (usually >60), dactylitis incompatible

---

## REASONING:

The **PIP-predominant, seronegative polyarthritis with dactylitis in a patient with established psoriasis** is the most clinically coherent diagnosis. Dactylitis—swelling of an entire digit from flexor tenosynovitis and periostitis—is present in ~40% of PsA cases and is uncommon in RA, particularly in the absence of MCP involvement. The PIP-predominant pattern (rather than MCP-first in RA) and negative RF/anti-CCP antibodies further favor PsA over seronegative RA. While HLA-B27 negativity argues against classic ankylosing spondylitis, approximately 60-70% of PsA patients are HLA-B27 negative, and peripheral arthritis with dactylitis is a cardinal feature of non-axial PsA. The inflammatory markers (ESR 32, CRP 8.2) indicate active synovitis without systemic constitutional features, consistent with PsA arthritis.

---

## NEXT STEP:

**MRI of the right foot (or high-resolution ultrasound) to visualize flexor tenosynovitis and periosteal changes confirming dactylitis, and assess for erosive changes in PIPs and ankles.**

**Expected finding:** MRI will demonstrate periosteal inflammation, flexor digitorum synovitis, and potentially early erosions at PIP joints and talonavicular articulation—findings that would definitively establish PsA and guide escalation to DMARDs (TNF inhibitor or conventional synthetic DMARD).",,
gen-012,http://purl.bioontology.org/ontology/AIR/DXPSO,NONE,NONE,"# DIFFERENTIAL DIAGNOSIS ANALYSIS

## PRIMARY DIAGNOSIS: Early Seronegative Rheumatoid Arthritis (RA)
**Confidence: Medium-High**

**Supporting findings:**
- Symmetric polyarticular involvement of PIPs bilaterally with morning stiffness >30 minutes—classic presentation for RA
- Gradual onset with progressive bilateral spread over 10 days, consistent with RA's typical evolution
- Mild inflammatory markers elevated (ESR 22, CRP 8.2) despite seronegative status, which occurs in ~30% of RA cases at presentation

**Findings against:**
- Negative RF and anti-CCP antibodies reduce pre-test probability for seropositive RA, though seronegative RA remains plausible
- Absence of erythema or warmth on palpation is somewhat atypical for active inflammatory arthritis, though not excluding

---

## DIFFERENTIAL DIAGNOSIS:

1. **Psoriatic Arthritis (PsA)** (25-30%) — *for:* Symmetric PIP involvement, history of chronic dry patches on elbows (possible psoriasiform skin disease), negative RF/anti-CCP compatible with seronegative spondyloarthropathy | *against:* No visible psoriasis on current exam, no nail changes (pitting/onycholysis) typical of PsA, relatively mild inflammatory markers

2. **Undifferentiated Connective Tissue Disease (UCTD)** (15-20%) — *for:* Young woman, polyarticular arthritis, negative specific antibodies (RF, anti-CCP, ANA) allows room for evolving autoimmune process | *against:* No systemic features (rash, photosensitivity, oral ulcers, dry eyes/mouth), normal CBC without lymphopenia, normal renal/hepatic function

3. **Viral-Induced Polyarthritis (e.g., parvovirus B19, EBV)** (10-15%) — *for:* Symmetric PIP/hand involvement is classic, 3-week duration fits typical timeline, negative serology for standard autoimmune markers | *against:* No recalled prodromal viral illness, persistent 3+ weeks suggests less likely viral etiology, symptoms already present intermittently 2-3 months prior

4. **Systemic Lupus Erythematosus (SLE)** (5-10%) — *for:* Young woman, polyarticular arthritis, could present seronegatively early | *against:* Negative ANA is highly sensitive screening test (sensitivity ~95-98% for SLE), absence of constitutional or cutaneous features

---

## REASONING:

This 34-year-old woman presents with a 3-week history of **symmetric polyarticular arthritis affecting the PIPs and knees** with morning stiffness exceeding 45 minutes—the hallmark temporal and anatomic pattern of inflammatory arthritis. The **insidious bilateral progression over 10 days** and **mildly elevated inflammatory markers (ESR 22, CRP 8.2)** indicate active synovitis. Critically, she is **seronegative (RF negative, anti-CCP negative)**, which eliminates seropositive RA from the top tier but does NOT exclude RA, as seronegative RA represents 20-30% of RA cases and frequently presents with identical clinical features. The **negative ANA effectively excludes SLE** as a leading diagnosis. **Psoriatic arthritis remains in the differential** given her remote history of ""dry patches"" on elbows (suggesting possible subclinical psoriasis), though the **absence of nail changes and visible skin disease** and **relatively mild systemic inflammation** make this less likely than early seronegative RA. **Viral arthritis is possible** given the acute presentation, but the **2-3 month prodrome of intermittent pain** and lack of recalled viral prodrome favor a chronic inflammatory process over self-limited viral etiology.

---

## NEXT STEP:

**Anti-CCP antibodies (if not already done with adequate sensitivity) AND Anti-MCV (anti-modified citrullinated vimentin) testing.**

*Expected findings:* Anti-CCP or anti-MCV positivity would strengthen diagnosis of seronegative RA (these may emerge early and predict erosive disease). If negative, pursue **high-resolution ultrasound or MRI of hands/wrists**","# DIFFERENTIAL DIAGNOSIS ANALYSIS

## PRIMARY DIAGNOSIS: Early Seronegative Rheumatoid Arthritis
**Confidence: Medium-High**

**Supporting findings:**
- Symmetric polyarthritis affecting PIP joints bilaterally with gradual onset progressing to bilateral involvement over 10 days—classic RA pattern
- Morning stiffness of 45 minutes indicating inflammatory rather than mechanical etiology
- Associated knee synovitis with elevated inflammatory markers (ESR 22 mm/hr, CRP 8.2 mg/L) consistent with active systemic inflammation

**Findings against:**
- Seronegative status (RF and anti-CCP both negative) reduces likelihood, though 20-30% of RA cases present seronegative; requires temporal re-evaluation as antibodies may appear later
- Absence of erythema or warmth on joint examination is atypical for active RA (though not exclusionary in mild disease)

---

## DIFFERENTIAL DIAGNOSIS:

1. **Undifferentiated Inflammatory Arthritis/Early Polyarthritis** (28%) — for: seronegative status, symmetric small joint involvement, inflammatory markers | against: none significant

2. **Psoriatic Arthritis (PsA)** (22%) — for: history of dry elbows (possible psoriasiform dermatitis), asymmetric onset (right > left), compatible joint pattern | against: absent psoriasis or nail changes on examination; typically asymmetric presentation in early stages

3. **Viral-induced Polyarthritis** (18%) — for: gradual onset, relatively benign course, seronegativity | against: no recent viral prodrome recalled; 3-week duration becoming more persistent suggests non-viral etiology

4. **Systemic Lupus Erythematosus (SLE)** (12%) — for: younger female, polyarthritis, elevated inflammatory markers | against: negative ANA makes SLE highly unlikely; absence of systemic features (rash, photosensitivity, oral ulcers, constitutional symptoms)

5. **Other Connective Tissue Disease** (10%) — for: seronegative polyarthritis, inflammatory pattern | against: negative ANA, absence of systemic manifestations or serologic evidence

---

## REASONING:

This 34-year-old woman presents with a textbook symmetric polyarthritis pattern (bilateral PIPs and knees) with inflammatory characteristics (morning stiffness >30 minutes, gradual bilateral progression, elevated acute phase reactants). The **seronegative status is the key confounding feature**, but this does not exclude RA—approximately 20-30% of patients with seropositive RA-like disease are initially seronegative, and antibodies may develop over 12-24 months.

The **absence of systemic features and negative ANA effectively exclude SLE and major CTDs**. The **history of chronic dry patches on elbows warrants consideration of PsA**, though the clear symmetric presentation and absence of typical psoriatic stigmata (nail pitting, plaques) make this less likely than early RA. **Viral arthritis remains plausible** but typically resolves within weeks; this patient's progressive course over 3 weeks with persistent morning stiffness favors inflammatory arthritis.

The **elevated ESR and CRP confirm objective inflammation**, and the **benign systemic workup (CBC, renal/liver function, urinalysis)** rules out systemic vasculitis or organ involvement.

---

## NEXT STEP:

**Re-check RF, anti-CCP, and add additional serology (ESR/CRP trend, anti-MCV antibodies if available) at 6-8 weeks; simultaneously perform HIGH-RESOLUTION ULTRASOUND or MRI of hands/wrists.**

**Expected findings to confirm early RA:** Detection of erosions, periosteal reaction, or inflammatory synovial thickening on imaging would support structural damage consistent with RA even in seronegative state. Seroconversion to RF or anti-CCP positivity within 3-6 months would confirm RA diagnosis. If antibodies remain negative but imaging shows RA-typical changes, diagnosis of seronegative RA would be established, warranting DMARD initiation.",,
gen-013,http://purl.bioontology.org/ontology/AIR/DXANK,NONE,NONE,"# DIFFERENTIAL DIAGNOSIS ANALYSIS

## PRIMARY DIAGNOSIS: Ankylosing Spondylitis (AS)
**Confidence: High**

**Supporting findings:**
- **Classic demographics and symptom pattern:** Young male (age 28) with insidious-onset inflammatory back pain beginning in mid-20s, predominantly lumbosacral and buttock distribution with radiation to lateral thigh (not radicular below knee)
- **Inflammatory characteristics:** Morning stiffness lasting 45-60 minutes that improves with activity and heat—a hallmark inflammatory pattern that distinguishes from mechanical back pain
- **NSAID responsiveness:** Significant improvement with NSAIDs, typical of spondyloarthropathies and suggestive of inflammatory rather than mechanical etiology
- **Extra-articular manifestations:** Recent anterior uveitis with photophobia (occurs in ~25-30% of AS patients); mild oligoarticular knee involvement (peripheral arthritis common in AS)
- **Family history:** Father with chronic back problems starting at age 35, suggesting possible inherited predisposition to spondyloarthropathy

**Findings against:** 
- None identified. Clinical presentation is entirely consistent with early AS.

---

## DIFFERENTIAL DIAGNOSIS:

1. **Reactive Arthritis/Enteropathic Spondyloarthritis (10-15%)** 
   - *For:* Younger age, oligoarticular knee involvement, possible uveitis
   - *Against:* No documented preceding infection, diarrhea, or urethritis; no inflammatory bowel disease history; typically more acute presentation; less likely given 3-year progressive course

2. **Psoriatic Arthritis (8-12%)** 
   - *For:* Young age, peripheral arthritis, possible ocular involvement
   - *Against:* No documented rash, nail changes, or psoriasis history; no oral ulcers; family history points to back disease rather than skin disease; peripheral arthritis usually precedes or coincides with axial disease in PsA

3. **Mechanical Low Back Pain with Referred Pain (5-8%)** 
   - *For:* Sedentary job, sports-related knee exacerbations
   - *Against:* 45-60 minutes of morning stiffness is atypical for mechanical pain; improvement with activity/heat strongly favors inflammatory etiology; progressive course over 3 years with systemic features (uveitis) argues against purely mechanical cause

4. **Behçet's Disease (2-3%)** 
   - *For:* Uveitis and potential arthritis
   - *Against:* No recurrent oral ulcers, genital ulcers, or skin lesions; uveitis in Behçet's is typically more posterior (posterior uveitis) and bilateral; very rare in this demographic without mucocutaneous features

---

## REASONING:

The clinical presentation is highly suggestive of early ankylosing spondylitis. The convergence of several discriminating features makes this diagnosis far more likely than alternatives: the stereotypical inflammatory back pain pattern (young male, insidious lumbosacral onset, morning stiffness >45 minutes improving with activity/heat, NSAID responsiveness), extra-articular manifestations (anterior uveitis—a classic AS-associated complication), and oligoarticular peripheral joint involvement. The 3-year progressive course is consistent with the natural history of AS in younger men, and the positive family history suggests genetic predisposition (HLA-B27 association). While reactive arthritis and psoriatic arthritis present in similar age groups, they lack supporting systemic or dermatologic findings; mechanical back pain is excluded by the strong inflammatory character and extra-articular features.

---

## NEXT STEP:

**HLA-B27 testing and inflammatory markers (ESR/CRP) combined with pelvic radiographs or MRI of the sacroiliac joints.**

- **Expected findings supporting AS:** HLA-B27 positive (90-95% of AS patients); elevated inflammatory markers (ESR and/or CRP); radiographic evidence of sacroiliitis on pelvic X-ray (bilateral, symmetric changes) or MRI (early inflammatory changes if radiographs negative but clinical suspicion high)
- **Rationale:** HLA-B27 positivity is highly specific for spondyloarthropathies in this clinical context; sacroiliitis on imaging is required for ASAS classification criteria and distinguishes AS from","# DIFFERENTIAL DIAGNOSIS CONSULTATION

## PRIMARY DIAGNOSIS: Ankylosing Spondylitis (Axial Spondyloarthropathy)
**Confidence: High**

**Supporting findings:**
- Inflammatory back pain pattern: onset in mid-20s, morning stiffness 45–60 minutes improving with activity and heat, pain in lumbosacral region and buttocks with gradual worsening
- Axial predominance with peripheral oligoarthritis: bilateral knee involvement after activity, typical pattern for spondyloarthropathy
- Extra-articular manifestation: recent anterior eye discomfort with photophobia (consistent with acute anterior uveitis, present in ~30% of AS patients)
- Favorable NSAID response and symptom improvement with exercise (characteristic of inflammatory rather than mechanical back pain)
- Family history of chronic back problems in father at age 35 (suggests familial spondyloarthropathy)

**Findings against:** 
- None identified. Absence of night pain that disrupts sleep is common early in AS and does not exclude diagnosis.

---

## DIFFERENTIAL DIAGNOSIS:

1. **Reactive Arthritis/Undifferentiated Spondyloarthropathy (20%)** — for: young male with axial and peripheral arthritis, eye symptoms | against: no documented preceding infection, urethritis, or diarrhea; absence of genital involvement; 3-year duration suggests established disease beyond typical reactive arthritis timeline

2. **Polymyalgia Rheumatica (8%)** — for: morning stiffness improving with activity | against: age 28 is far too young (PMR typically age >50); no proximal shoulder/hip girdle involvement; no constitutional symptoms; ESR/CRP likely normal in this age group with this presentation

3. **Mechanical Low Back Pain with Incidental Uveitis (12%)** — for: sedentary occupation, activity-related knee symptoms | against: morning stiffness pattern and degree of improvement with motion are atypical for mechanical pain; bilateral knee involvement; concurrent uveitis in young male is not coincidental but suggestive of systemic inflammatory disease; progressive worsening over 3 years despite conservative management

---

## REASONING:

The clinical presentation is highly consistent with ankylosing spondylitis based on the classic triad of inflammatory back pain (morning stiffness improving with activity and heat), axial predominance with peripheral oligoarthritis, and extra-articular manifestation (anterior uveitis). The 3-year progressive course, NSAID responsiveness, and activity-dependent symptoms are characteristic of AS rather than mechanical back pain or reactive arthritis. The family history of early-onset back problems in the father substantially increases pre-test probability, as HLA-B27–related spondyloarthropathies cluster in families. The recent onset of unilateral or bilateral uveitis in a young male with this back pain pattern is a red flag that strongly supports systemic inflammatory disease rather than primary mechanical pathology. At age 28 with a 3-year history, the disease is likely in early stages before significant syndesmophyte formation, explaining preserved spinal mobility on current examination.

---

## NEXT STEP:

**HLA-B27 testing** combined with **inflammatory markers (ESR and CRP)** and **pelvic radiographs or MRI of sacroiliac joints**.

**Expected findings to confirm diagnosis:**
- **HLA-B27: Positive** (present in ~90% of AS; negative result does NOT exclude AS but makes it less likely)
- **ESR/CRP: Elevated** (supporting active inflammation; normal values do not exclude early AS)
- **Sacroiliac joint imaging: Bilateral sacroiliitis** (grades 2–4 on radiography, or edema/enhancement on MRI sacroiliac sequences) — this is the **key confirmatory finding** per Modified New York Criteria for AS

**Additional concurrent evaluation:** Ophthalmology referral for formal confirmation of anterior uveitis (slit-lamp examination) and to rule out other ocular inflammatory causes.",,
gen-014,http://purl.bioontology.org/ontology/AIR/DXANK,NONE,NONE,"# RHEUMATOLOGY DIFFERENTIAL DIAGNOSIS CONSULTATION

## PRIMARY DIAGNOSIS: Ankylosing Spondylitis (AS)
**Confidence: High**

**Supporting findings:**
- Positive HLA-B27 with insidious-onset inflammatory back pain (morning stiffness 45-60 minutes improving with activity) in a 42-year-old male
- Early bilateral sacroiliitis on lumbar spine radiographs—the pathognomonic skeletal finding for AS
- Elevated acute phase reactants (ESR 22, CRP 8.2) with asymmetric peripheral arthritis (right knee) and bilateral heel discomfort (Achilles insertion sites suggesting enthesitis)

**Findings against:**
- None identified. Clinical presentation, serology, and imaging are highly concordant with AS.

---

## DIFFERENTIAL DIAGNOSIS:

1. **Reactive Arthritis (ReA)** (10%) 
   — *for:* HLA-B27 positivity, acute phase elevation, asymmetric oligoarthritis with knee involvement, young male | *against:* No preceding GI/GU symptoms or documented infection; 8-month duration typical of chronic AS, not acute ReA; lack of conjunctivitis, urethritis, or oral ulcers

2. **Psoriatic Arthritis (PsA)** (5%) 
   — *for:* HLA-B27 positivity, axial inflammation with peripheral joint involvement, enthesitis pattern | *against:* Negative family history of psoriasis; no skin lesions on examination; RF and anti-CCP negative (though typical for PsA); less common presentation with isolated early sacroiliitis

3. **Inflammatory Bowel Disease-Associated Arthropathy** (3%) 
   — *for:* HLA-B27 positivity, sacroiliitis, axial and peripheral arthritis | *against:* No reported GI symptoms, abdominal pain, diarrhea, or weight loss; no documented IBD diagnosis; less likely without GI manifestations

4. **Behçet's Disease** (2%)
   — *for:* Peripheral arthritis, potential axial involvement | *against:* No oral or genital ulcers; no ocular disease; HLA-B27 positivity less typical; very low prior probability without systemic features

---

## REASONING:

The clinical presentation is highly suggestive of **Ankylosing Spondylitis**. The pivotal findings are: (1) **HLA-B27 positivity** in a middle-aged male with inflammatory back pain characterized by morning stiffness >30 minutes improving with activity—the classic phenotype for AS; (2) **early bilateral sacroiliitis on imaging**—the radiographic hallmark and often the first structural manifestation of AS; and (3) **progressive axial inflammation** (limited lumbar flexion on Schober test, 4 cm vs. normal >5 cm) coupled with **oligoarticular peripheral involvement** (right knee effusion) and **clinical enthesitis** (bilateral heel discomfort). The negative RF, anti-CCP, and ANA effectively exclude rheumatoid arthritis and other non-spondyloarthritic conditions. The absence of preceding infection, GI/GU symptoms, and skin findings makes reactive arthritis, IBD-arthropathy, and psoriatic arthritis less likely, though these remain on the differential given HLA-B27 positivity. The 8-month indolent course and family history of paternal spinal arthritis further support the AS diagnosis.

---

## NEXT STEP:

**Obtain HLA-B27–validated genetic testing confirmation (already done—positive) plus high-resolution MRI of the sacroiliac joints and lumbar spine (short tau inversion recovery [STIR] sequences).**

**Expected finding:** Active inflammation on STIR imaging (bone marrow edema in the sacroiliac joints and early syndesmophytes in the lumbar spine) would confirm active spondyloarthritis and guide initiation of TNF-inhibitor therapy or other DMARD strategies before progression to structural ankylosis occurs. This imaging modality is more sensitive than radiography for detecting early inflammatory change and would solidify the AS diagnosis if structural changes are still subtle on plain films.","# STRUCTURED DIFFERENTIAL DIAGNOSIS

**PRIMARY DIAGNOSIS: Ankylosing Spondylitis (Axial Spondyloarthritis)**

**Confidence: High**

**Supporting findings:**
- Positive HLA-B27 in a 42-year-old male with inflammatory back pain: HLA-B27 positivity is present in 90% of AS patients and is a major genetic susceptibility marker
- Characteristic inflammatory back pain pattern: Morning stiffness lasting 45-60 minutes that improves with activity is pathognomonic for axial spondyloarthritis; contrast with mechanical back pain which worsens with activity
- Objective imaging confirmation: Early bilateral sacroiliitis on lumbar spine radiographs is the hallmark finding of AS and fulfills modified New York criteria

**Findings against:** 
- None identified. The clinical presentation is highly consistent with early AS.

---

## DIFFERENTIAL DIAGNOSIS:

1. **Psoriatic Arthritis (20%)** — for: HLA-B27 positivity (present in ~60% of PsA), peripheral joint involvement (right knee swelling), morning stiffness | against: No documented psoriatic skin lesions despite 8-month disease course; absence of classic PsA patterns (DIP involvement, dactylitis, asymmetry); nail findings not mentioned

2. **Reactive Arthritis/Enteropathic Arthritis (10%)** — for: HLA-B27 positivity, acute monoarticular knee involvement, sacroiliitis on imaging | against: No documented preceding GI or GU symptoms; 8-month duration suggests established disease rather than reactive process; bilateral symmetrical sacroiliitis more typical of primary AS than reactive arthritis

3. **Rheumatoid Arthritis (5%)** — for: Morning stiffness, elevated inflammatory markers (ESR 22, CRP 8.2) | against: Negative RF and anti-CCP antibodies essentially exclude RA; lumbar spine/sacroiliac involvement is atypical for RA; pattern of inflammation (axial > peripheral) is opposite to RA

---

## REASONING:

This case presents a textbook presentation of early ankylosing spondylitis. The convergence of HLA-B27 positivity, inflammatory back pain with characteristic temporal pattern (morning-predominant, activity-responsive), and imaging-confirmed early bilateral sacroiliitis is highly discriminatory. The negative RF/anti-CCP effectively excludes rheumatoid arthritis despite superficially similar inflammatory markers. While HLA-B27 is not specific (present in spondyloarthropathies broadly), the clinical phenotype—axial inflammation preceding or dominating peripheral involvement—and imaging findings pointing to the sacroiliac joints (not typical for PsA or reactive arthritis) strongly support AS. The family history of paternal ""spine arthritis"" adds hereditary support consistent with AS's genetic predisposition.

---

## NEXT STEP:

**MRI of the sacroiliac joints and lumbar spine**

**Expected findings:** MRI would demonstrate:
- **Active inflammation** in sacroiliac joints (bone marrow edema, STIR hyperintensity) and/or early syndesmophyte formation, confirming inflammatory sacroiliitis
- **Spondylitis** (vertebral corner inflammation, early syndesmophyte formation) consistent with radiographic findings
- These findings would meet Assessment of SpondyloArthritis International Society (ASAS) imaging criteria for axial spondyloarthritis and would solidify the diagnosis, guide biologics eligibility (TNF inhibitors), and establish baseline for monitoring disease progression.",,
gen-015,http://purl.bioontology.org/ontology/AIR/DXANK,NONE,NONE,"# RHEUMATOLOGIC DIFFERENTIAL DIAGNOSIS CONSULTATION

---

## PRIMARY DIAGNOSIS: Axial Spondyloarthritis (AS) / Undifferentiated SpA

**Confidence:** High

**Supporting findings:**
- Classic inflammatory back pain pattern: age 24, morning stiffness >30 minutes, improvement with activity and NSAIDs, worse in early morning
- HLA-B27 positivity in a young male with sacroiliac/lumbar pain (highly discriminating)
- Objective inflammatory markers (ESR 18, CRP 7.2) with sacroiliac and lumbar tenderness on examination

**Findings against:**
- Sacroiliac radiographs show equivocal rather than definitive inflammatory changes (though early disease may not yet show radiographic erosions); imaging may lag clinical presentation by months to years
- Peripheral joint involvement is minimal (mild knee discomfort only, no synovitis on exam), though axial-predominant disease is common in early AS

---

## DIFFERENTIAL DIAGNOSIS:

1. **Psoriatic Arthritis/Spondyloarthritis** (15%) — for: young male, inflammatory markers elevated, sacroiliac involvement | against: no psoriasis/nail involvement documented; peripheral polyarthritis pattern not prominent

2. **Inflammatory Bowel Disease-associated Spondyloarthritis (IBD-SpA)** (10%) — for: HLA-B27 positive, axial inflammation pattern | against: explicitly denies inflammatory bowel symptoms; no history of GI disease; would typically expect GI manifestations

3. **Reactive Arthritis/post-infectious SpA** (5%) — for: young male, acute inflammatory presentation | against: no clear preceding infection; 3-month duration suggests established rather than acute reactive process; no urethritis/conjunctivitis/diarrhea reported

4. **Mechanical/degenerative low back pain with incidental HLA-B27** (3%) — for: young age could suggest trauma/structural etiology | against: inflammatory pattern (morning stiffness >30 min, improvement with activity/NSAIDs), elevated acute phase reactants, and positive HLA-B27 make mechanical etiology unlikely

---

## REASONING:

This patient presents with a textbook inflammatory back pain syndrome in a young male with HLA-B27 positivity—a combination that creates high pre-test probability for spondyloarthritis. The morning stiffness duration (45 minutes) exceeds mechanical thresholds, the pain's improvement with NSAIDs and activity rather than rest is characteristic of inflammatory disease, and the sacroiliac tenderness with lumbar limitation objectively supports axial inflammation. Although elevated acute phase reactants (ESR, CRP) support inflammation, they are modest—consistent with early axial SpA where inflammatory burden can be subclinical. The equivocal radiographic findings do not argue against AS, as early disease often exhibits clinical inflammation before radiographic changes become apparent; MRI typically detects inflammatory changes 6-12 months before plain radiographs. The mild knee involvement is a minor point favoring broader SpA spectrum diagnosis but does not change the primary diagnostic direction. Negative RF, anti-CCP, and ANA effectively exclude rheumatoid arthritis and systemic lupus erythematosus.

---

## NEXT STEP:

**MRI of the sacroiliac joints and lumbar spine (STIR and T1-weighted sequences with contrast).**

**Expected finding:** If axial spondyloarthritis is present, MRI should demonstrate bilateral sacroiliitis with bone marrow edema (STIR hyperintensity) and/or early inflammatory changes in the lumbar spine (chronic inflammatory changes: fatty infiltration of the corners of vertebral bodies, syndesmophytes). This imaging modality has superior sensitivity for early inflammatory change compared to plain radiographs and meets ASAS classification criteria for axial SpA when combined with HLA-B27 positivity and clinical inflammatory back pain pattern. A negative MRI would significantly lower confidence in AS diagnosis and prompt reconsideration of alternative etiologies (mechanical back pain, other systemic disease).","# DIFFERENTIAL DIAGNOSIS CONSULTATION

## PRIMARY DIAGNOSIS: Ankylosing Spondylitis (AS) / Axial Spondyloarthropathy

**Confidence: High**

**Supporting findings:**
- **HLA-B27 positivity** in a young male with inflammatory back pain—this is a cardinal genetic marker present in ~90% of AS patients and only ~8% of general population
- **Inflammatory back pain phenotype**: lumbar/sacroiliac localization, morning stiffness lasting 45 minutes (improves with activity, worsened at rest), progressive course over 3 months
- **Physical examination findings**: bilateral sacroiliac tenderness on stress testing, reduced lumbar flexion (Schober's test equivalently ~12 cm from floor), and mild oligoarticular involvement (knees)—classic pattern for spondyloarthropathy

**Findings against:**
- None identified. Early radiographic changes may not yet be manifest; sacroiliac radiographs can be normal in early disease (MRI would be more sensitive)

---

## DIFFERENTIAL DIAGNOSIS:

1. **Undifferentiated Spondyloarthropathy** (20%) — for: HLA-B27+, inflammatory back pain, sacroiliac tenderness | against: None; overlaps significantly with early AS but reserved for cases not yet meeting full AS criteria

2. **Reactive Arthritis/Enteropathic Arthropathy** (10%) — for: oligoarticular pattern (knees), HLA-B27+ | against: No preceding genitourinary/gastrointestinal infection documented; no IBD history; axial involvement more prominent than typical early reactive arthritis

3. **Mechanical Low Back Pain with Inflammatory Component** (5%) — for: localized lumbar pain | against: Morning stiffness pattern, HLA-B27 positivity, bilateral sacroiliac tenderness, elevated inflammatory markers, and family history of early-onset back pain all inconsistent with purely mechanical etiology

4. **Rheumatoid Arthritis** (3%) — for: morning stiffness, mild knee involvement | against: RF and anti-CCP negative (excludes seropositive RA); symmetric polyarticular pattern not present; axial spine involvement atypical for RA; elevated inflammatory markers alone insufficient without serologic confirmation

---

## REASONING:

This 24-year-old man presents a textbook early AS phenotype. The **HLA-B27 positivity combined with inflammatory back pain** (worse in morning, improves with activity) in a young male with a positive family history of early-onset back pain is highly specific for axial spondyloarthropathy. The **physical examination findings of bilateral sacroiliac tenderness and reduced lumbar flexion** are pathognomonic, and the **mild oligoarticular involvement (knees)** fits the broader spondyloarthropathy spectrum. Importantly, **negative RF and anti-CCP exclude seronegative RA**, while the **axial predominance and HLA-B27 positivity strongly favor spondyloarthropathy over other conditions**. The mildly elevated inflammatory markers (ESR 18, CRP 7.2) support active inflammation but are nonspecific; however, their presence in conjunction with clinical features strengthens the diagnosis. Early radiographic changes may not yet be visible by conventional imaging.

---

## NEXT STEP:

**MRI of the sacroiliac joints and lumbar spine (T2-weighted STIR sequences).**

**Expected finding:** Early bone marrow edema (osteitis) in the sacroiliac joints and/or anterior vertebral corners of the lumbar spine, which would confirm inflammatory change and establish definitive evidence of axial spondyloarthritis even before radiographic syndesmophytes become visible. This would support initiating TNF-inhibitor therapy and formal AS diagnosis, shifting management from NSAIDs alone to disease-modifying therapy.",,
gen-016,http://purl.bioontology.org/ontology/AIR/DXPMR,NONE,NONE,"# RHEUMATOLOGY DIFFERENTIAL DIAGNOSIS CONSULTATION

## PRIMARY DIAGNOSIS: Polymyalgia Rheumatica (PMR)
**Confidence:** High

**Supporting findings:**
- Classic presentation: bilateral shoulder and hip girdle pain with severe morning stiffness (90 minutes) in a patient >60 years old
- Marked elevation of inflammatory markers (ESR 54 mm/hr, CRP 8.2 mg/dL) disproportionate to mild clinical findings
- Acute onset (6 weeks) with constitutional symptoms (low-grade fever, unintentional weight loss, mild anemia) and dramatic functional impairment out of proportion to objective joint findings

**Findings against:**
- None identified. Absence of headache/scalp tenderness does not exclude PMR; these features suggest giant cell arteritis (GCA) overlap, but GCA is not required for PMR diagnosis.

---

## DIFFERENTIAL DIAGNOSIS:

1. **Giant Cell Arteritis (GCA) with PMR overlap** (15-20%) — 
   - *for:* Age >60, elevated ESR/CRP, constitutional symptoms, temporal artery examination normal but does not exclude GCA
   - *against:* Absence of headache, scalp tenderness, or vision changes; normal temporal artery palpation; no jaw claudication reported

2. **Rheumatoid Arthritis (RA)** (8-12%) — 
   - *for:* Bilateral symmetric shoulder/hip involvement, elevated inflammatory markers, morning stiffness, weight loss
   - *against:* Absence of synovitis on joint examination; pain described as deep muscular ache rather than articular; acute post-viral onset atypical for RA; would expect polyarticular involvement (hands, wrists, knees)

3. **Viral myositis/myalgia** (5-8%) — 
   - *for:* Clear temporal relationship to recent upper respiratory infection; acute onset; myalgias with preserved strength
   - *against:* Marked elevation of systemic inflammatory markers (ESR/CRP) and anemia unusual for uncomplicated viral myalgia; 6-week duration suggests persistent inflammatory process beyond typical viral timeline

4. **Polymyositis/Dermatomyositis** (3-5%) — 
   - *for:* Proximal muscle weakness and pain, elevated inflammatory markers, weight loss
   - *against:* Strength documented as 5/5 throughout; absence of typical skin findings (heliotrope rash, Gottron's papules); CK level not provided but clinical weakness absent

---

## REASONING:

This presentation is **pathognomonic for polymyalgia rheumatica**: a 68-year-old woman with the clinical pentad of (1) age >60, (2) acute-onset proximal muscle pain and stiffness, (3) severe morning stiffness >1 hour, (4) markedly elevated inflammatory markers, and (5) dramatic functional impairment without objective articular or muscular findings on examination. The normocytic anemia and post-viral timeline further support this diagnosis.

The critical discriminating feature is the **discordance between subjective severity and objective findings**—the patient's profound functional limitation (cannot raise arms, climb stairs) contrasts sharply with preserved strength testing and absence of synovitis. This pattern is characteristic of PMR, where inflammation is felt to be primarily in bursal and periarticular structures rather than synovium or muscle proper. 

The 6-week timeline distinguishes this from simple viral myalgia, which typically resolves within 2-3 weeks. While GCA must be considered in any PMR patient >60 (occurring in 15-20% of PMR cases), the complete absence of cranial ischemic symptoms and normal temporal artery findings make clinically evident GCA less likely, though biopsy may still be warranted depending on clinical suspicion.

RA is excluded by the absence of detectable synovitis and the dramatic acute post-viral onset typical of PMR rather than RA's usual insidious presentation.

---

## NEXT STEP:

**Temporal artery biopsy (unilateral preferred) with contemporaneous ultrasound of temporal and axillary arteries to assess for GCA.**

**Expected finding:** 
- If negative: Confirms PMR without GCA; proceed with corticosteroid therapy monitoring for treatment response
- If positive (granulomatous inflammation, giant cells):","# DIFFERENTIAL DIAGNOSIS CONSULTATION

## PRIMARY DIAGNOSIS: Polymyalgia Rheumatica (PMR)
**Confidence: High**

**Supporting findings:**
- Classic presentation: bilateral proximal shoulder and hip girdle pain with prominent morning stiffness (90 minutes) in elderly woman (age 68)
- Markedly elevated inflammatory markers (ESR 54 mm/hr, CRP 8.2 mg/dL) with acute symptom onset
- Absence of synovitis on examination with preserved cervical spine ROM and normal strength (5/5), ruling out primary myositis or cervical myelopathy

**Findings against:**
- None identified; temporal artery examination is normal but does not exclude GCA (which occurs in 15-20% of PMR cases and may develop later)

---

## DIFFERENTIAL DIAGNOSIS:

1. **Giant Cell Arteritis (GCA)/Temporal Arteritis (15-20%)** — for: elevated ESR/CRP, age >60, acute onset, systemic symptoms (fever, weight loss) | against: absent headache, scalp tenderness, jaw claudication, and normal temporal artery examination with palpable pulses

2. **Ankylosing Spondylitis or Axial Spondyloarthropathy (8-12%)** — for: morning stiffness improving with activity, age consideration | against: bilateral shoulder/hip girdle predominance rather than axial spine, normal cervical ROM, no sacroiliac tenderness elicited, female gender (less common), acute post-viral onset unusual

3. **Viral-Induced Myositis or Post-Viral Inflammatory Syndrome (5-8%)** — for: temporal relationship to URI 2 weeks prior, acute onset, systemic symptoms | against: normal strength (5/5), diffuse muscle tenderness without elevated CK (presumed normal), markedly elevated ESR/CRP more consistent with PMR, timeline now 6 weeks duration

4. **Malignancy-Associated Syndrome or Paraneoplastic Myositis (3-5%)** — for: age >60, constitutional symptoms (fever, weight loss), elevated inflammatory markers | against: normal strength testing, absence of specific myositis pattern, no mention of risk factors or screening abnormalities, typical paraneoplastic presentations more acute

---

## REASONING:

This case presents a textbook presentation of polymyalgia rheumatica: a woman >60 years with acute-onset bilateral proximal shoulder and hip girdle pain, striking morning stiffness lasting >1 hour, markedly elevated acute phase reactants (ESR 54, CRP 8.2), and systemic symptoms (fever, weight loss). Critically, the physical examination demonstrates absence of synovitis, preserved neurologic function (strength 5/5, intact reflexes), and normal cervical spine mobility—findings that argue against primary myositis, myopathy, or cervical pathology.

The post-viral timeline is notable but does not exclude PMR; autoimmune conditions commonly follow infections. The key discriminating feature is the *proximal girdle predominance* with *preserved distal strength* and the *characteristic inflammatory laboratory response*, which makes ankylosing spondylitis (axial disease pattern) and myositis (generalized weakness) considerably less likely. While the normal temporal artery examination is reassuring against acute GCA, approximately 15-20% of PMR patients develop GCA subsequently, making baseline imaging and close follow-up essential. The mild normocytic anemia noted is consistent with anemia of chronic inflammation.

---

## NEXT STEP:

**Obtain temporal artery ultrasound (or temporal artery biopsy if ultrasound positive/inconclusive)** with expectation of **negative findings** (no halo sign, no stenosis), which would support isolated PMR without concurrent GCA. Simultaneously, initiate **empiric prednisone 15-20 mg daily** given high clinical suspicion—dramatic symptom resolution within 24-48 hours would confirm PMR diagnosis. Also check CK and aldolase to exclude inflammatory myopathy, and perform basic malignancy screening (age-appropriate: CXR, CBC differential, consider CT chest/abdomen/pelvis if symptoms do not respond to steroids within 2 weeks).",,
gen-017,http://purl.bioontology.org/ontology/AIR/DXPMR,NONE,NONE,"# DIFFERENTIAL DIAGNOSIS ANALYSIS

## PRIMARY DIAGNOSIS: Giant Cell Arteritis (Temporal Arteritis)
**Confidence: High**

**Supporting findings:**
- Age 71 (peak incidence 70-80 years) with new-onset proximal shoulder and hip pain
- Elevated inflammatory markers (ESR 48 mm/hr, CRP 2.1 mg/dL) indicating systemic inflammation
- Suboptimal response to prednisone 15 mg daily after 2 weeks (only 40% improvement in stiffness with persistent hip discomfort is atypical for pure PMR)

**Findings against:**
- No temporal headache, visual symptoms, or jaw claudication documented (though absence doesn't exclude GCA)
- No polymyalgia rheumatica features (preserved grip strength, no small joint involvement)—though GCA can present with shoulder/hip pain without classic PMR

---

## DIFFERENTIAL DIAGNOSIS:

1. **Polymyalgia Rheumatica (PMR)** (65%) — for: classic age, bilateral shoulder/hip girdle pain, morning stiffness >1 hour, elevated ESR/CRP | against: incomplete prednisone response at standard dose (typically expect dramatic improvement within days), persistent hip symptoms

2. **Seronegative Rheumatoid Arthritis** (10%) — for: bilateral symmetric pain, elevated inflammatory markers, age >60 | against: negative RF and anti-CCP (highly sensitive in this age group), preserved grip strength, no hand/wrist involvement, no synovitis on exam

3. **Polymyositis/Dermatomyositis** (8%) — for: proximal muscle pain, age, mild anemia | against: preserved 5/5 strength throughout, no skin findings, no dysphagia/respiratory symptoms, CK not mentioned but clinical picture argues against myositis

4. **Osteoarthritis with reactive inflammation** (7%) — for: mild bilateral shoulder OA on imaging, age | against: 90-minute morning stiffness is excessive for primary OA, bilateral hip involvement with significant pain, elevated inflammatory markers out of proportion

5. **Hypothyroidism (occult)** (5%) — for: fatigue, arthralgia, osteoporosis history | against: TSH normal at 2.1 mIU/L, inflammatory markers markedly elevated (not typical for hypothyroidism alone)

6. **Malignancy-associated rheumatic syndrome** (5%) — for: age, constitutional symptoms (fatigue), anemia | against: recent cancer screening up to date, no B symptoms, normal metabolic panel, no weight loss reported

---

## REASONING:

This case presents a classic diagnostic fork between PMR and GCA, which exist on a spectrum of large-vessel inflammation in older adults. The patient's presentation strongly suggests **PMR as the primary syndrome** (age, bilateral shoulder/hip girdle pain, morning stiffness >1.5 hours, markedly elevated ESR/CRP), but the **incomplete response to prednisone 15 mg daily is the critical discriminating feature**. Standard PMR typically shows dramatic improvement (>80%) within 3-7 days of corticosteroid initiation; only 40% improvement after 2 weeks is atypical and raises concern for: (1) inadequate dose, (2) underlying GCA, or (3) alternative diagnosis entirely. The patient's age, persistent constitutional symptoms (fatigue), and mild anemia further increase pre-test probability for GCA. Negative RF/anti-CCP and preserved hand function effectively exclude rheumatoid arthritis. The normal TSH excludes hypothyroidism. The serologic negativity (ANA, RF, anti-CCP) combined with marked inflammatory markers without synovitis is classic for large-vessel vasculitis rather than systemic autoimmune disease.

---

## NEXT STEP:

**Temporal artery ultrasound (or alternatively, temporal artery biopsy if ultrasound positive)**

**Expected findings to support GCA:** Halo sign (hypoechoic intima-media layer thickening >0.5 mm) on temporal and axillary artery assessment, or positive biopsy showing granulomatous inflammation with giant cells. A negative temporal ultrasound with clinical suspicion would prompt axillary artery assessment (more sensitive) or proceeding directly to biopsy. Confirmation of GCA would explain the suboptimal steroid response (15","# DIFFERENTIAL DIAGNOSIS ANALYSIS

**PRIMARY DIAGNOSIS: Polymyalgia Rheumatica (PMR)**

**Confidence: High**

**Supporting findings:**
- Age 71 with classic proximal girdle involvement (bilateral shoulders and hips) and marked morning stiffness (90 minutes)
- Significantly elevated inflammatory markers (ESR 48 mm/hr, CRP 2.1 mg/dL) with negative serologies (RF, anti-CCP, ANA negative)
- Partial but incomplete response to prednisone 15 mg daily—while this dose is standard for PMR, the suboptimal response warrants investigation for alternative diagnoses or concurrent pathology

**Findings against:**
- Incomplete steroid response is atypical; PMR typically shows dramatic symptomatic improvement (>80%) within days of appropriate corticosteroid dosing, raising concern for alternative or concurrent diagnosis
- None other identified

---

## DIFFERENTIAL DIAGNOSIS:

1. **Polymyalgia Rheumatica with concurrent Giant Cell Arteritis (GCA) (25-30%)** — for: Age, elevated ESR/CRP, proximal symptoms | against: No cranial/temporal symptoms or visual complaints reported; no palpable temporal artery abnormalities documented

2. **Seronegative Rheumatoid Arthritis (15-20%)** — for: Morning stiffness, symmetric distribution, elevated inflammatory markers | against: Preserved grip strength, no hand/wrist involvement, no synovitis on exam, negative anti-CCP (more specific for seronegative RA)

3. **Ankylosing Spondylitis or Axial Spondyloarthropathy (10-15%)** — for: Morning stiffness improving with motion, normocytic anemia | against: No documented sacroiliitis, age of onset atypical (usually younger), bilateral hip/shoulder pattern less typical than axial involvement

4. **Polymyalgia Rheumatica with Malignancy-Related Syndrome (5-10%)** — for: Age, incomplete steroid response, mild fatigue | against: Recent cancer screening reportedly up to date, no constitutional symptoms beyond fatigue, normal CBC/CMP

5. **Drug-induced or Secondary Myopathy/Myositis (5%)** — for: Proximal weakness pattern potential | against: Preserved 5/5 strength throughout, no elevated creatine kinase documented, pain predominates over weakness

---

## REASONING:

This 71-year-old woman presents with the cardinal features of PMR: age >70, bilateral proximal shoulder and hip pain/stiffness with morning stiffness lasting >60 minutes, and markedly elevated acute phase reactants with completely negative serologies. The ESR of 48 mm/hr and CRP of 2.1 mg/dL in this clinical context are highly specific for PMR or its associated vasculitis.

However, the **incomplete response to prednisone 15 mg daily** after two weeks is the critical red flag. While PMR typically exhibits dramatic and rapid symptom resolution with appropriate steroids, this patient's 40% improvement suggests either: (1) inadequate dosing (though 15 mg is standard initial therapy), (2) concurrent GCA requiring higher doses, or (3) an alternative diagnosis entirely. The absence of cranial symptoms, visual disturbances, or temporal artery findings argues against isolated GCA, but GCA can present insidiously and warrants temporal artery imaging.

The negative RF/anti-CCP and ANA essentially exclude classic seropositive RA and lupus. The preserved grip strength and absence of hand involvement further reduce RA likelihood. HLA-B27 status and sacroiliac imaging would clarify axial spondyloarthropathy, though the age and pattern are less typical.

---

## NEXT STEP:

**Temporal artery ultrasound (or temporal artery biopsy if ultrasound positive)** to evaluate for Giant Cell Arteritis, given the inadequate corticosteroid response and need to exclude vasculitis before optimizing PMR therapy. Expect either: (a) halo sign or vessel wall thickening on ultrasound (supporting GCA, requiring higher prednisone dosing), or (b) normal findings (supporting isolated PMR with need to reassess prednisone dosing adequacy and/or explore alternative diagnoses). Additionally, obtain **HLA-B27 and pelvic radi",,
gen-018,http://purl.bioontology.org/ontology/AIR/DXPMR,NONE,NONE,"# RHEUMATOLOGIC DIFFERENTIAL DIAGNOSIS

**PRIMARY DIAGNOSIS: Polymyalgia Rheumatica (PMR)**

**Confidence:** High

**Supporting findings:**
- Age >65 years (67-year-old woman) with acute onset of bilateral shoulder and hip girdle pain and stiffness
- Prominent morning stiffness lasting 45-60 minutes, classic for PMR
- Elevated inflammatory markers (ESR 42 mm/hr, CRP 18 mg/L) supporting systemic inflammation
- Limited shoulder abduction with pain on resisted movement, consistent with myofascial involvement rather than arthritis; normal grip strength and preserved internal rotation argue against primary articular disease
- Rapid, dramatic response to modest NSAID dosing would be expected, though inadequate as monotherapy

**Findings against:**
- None identified. Absence of giant cell arteritis symptoms (no headache, jaw claudication, visual disturbance, or scalp tenderness) does not exclude PMR, though temporal artery examination negative is reassuring.

---

## DIFFERENTIAL DIAGNOSIS:

1. **Rheumatoid Arthritis (RA)** (15%) — for: bilateral symmetric shoulder/hip involvement, elevated inflammatory markers, morning stiffness | against: no synovial joint swelling, preserved grip strength (age-appropriate at 26-28 kg), preserved shoulder internal rotation, subacute presentation without polyarticular pattern

2. **Hypothyroidism with myalgia** (5%) — for: history of hypothyroidism, fatigue, myalgia | against: TSH well-controlled at 2.1 mIU/L one month ago, prominent morning stiffness and markedly elevated ESR/CRP inconsistent with thyroid dysfunction alone

3. **Systemic Lupus Erythematosus (SLE) or other connective tissue disease** (5%) — for: age, female gender, polyarticular involvement | against: absence of constitutional symptoms (no fever, weight loss, night sweats), no rash, no serositis, normal hemoglobin without cytopenias, clinical picture lacks multisystem features typical of SLE

4. **Rotator cuff tendinopathy/shoulder impingement syndrome** (10%) — for: shoulder pain with resisted abduction, morning stiffness | against: bilateral symmetric presentation is atypical for mechanical shoulder pathology, hip involvement unexplained, marked ESR/CRP elevation disproportionate to simple tendinitis

---

## REASONING:

This 67-year-old woman presents with the archetypal triad of polymyalgia rheumatica: age >65, acute bilateral symmetric pain and stiffness in shoulder and hip girdles, and markedly elevated inflammatory markers (ESR 42, CRP 18). The **45-60 minute morning stiffness is particularly discriminating**—this is a hallmark of PMR and helps distinguish it from mechanical/degenerative causes. The physical examination pattern is key: pain with resisted shoulder abduction in the presence of preserved strength (5/5) and normal grip strength suggests myofascial inflammation rather than primary joint disease or rotator cuff tear. The **absence of joint swelling** effectively excludes RA as the primary diagnosis despite overlapping features. The negative giant cell arteritis symptoms reduce immediate concern for concurrent vasculitis, though PMR and giant cell arteritis can coexist in ~15% of cases. RA would be expected to present with synovitis (swelling, warmth) and grip strength reduction, neither of which are present.

---

## NEXT STEP:

**Obtain serum IL-6 level and anti-CCP antibodies / rheumatoid factor to exclude RA, followed by temporal artery ultrasound or MRI of shoulders (with fat-saturated T2 sequences) if diagnosis remains uncertain.**

**Most definitively:** *Initiate low-dose corticosteroid trial (prednisone 15-20 mg daily).* PMR shows a **dramatic, near-complete clinical response within 2-4 weeks** of corticosteroid initiation (often by 3-5 days)—this is both diagnostic and therapeutic. Failure to respond should prompt reconsideration of the diagnosis and further investigation. Giant cell arteritis screening with temporal artery evaluation (ultrasound preferred; consider biopsy if high suspicion) should proceed before corticosteroid initiation given age and ESR elevation.","# DIFFERENTIAL DIAGNOSIS CONSULTATION

## PRIMARY DIAGNOSIS: Polymyalgia Rheumatica (PMR)
**Confidence: High**

**Supporting findings:**
- Age 67 years (classic presentation in elderly patients >60)
- Bilateral proximal shoulder and hip girdle pain with prominent morning stiffness lasting 45-60 minutes that improves with motion—the pathognomonic pattern for PMR
- Elevated inflammatory markers (ESR 42 mm/hr, CRP 18 mg/L) with objective functional limitation (difficulty combing hair, rising from seated position)

**Findings against:** 
- Absence of temporal arteritis features (no headache, visual disturbance, jaw claudication, or temporal artery tenderness on examination), though GCA coexists in ~10-15% of PMR cases and cannot be excluded without further vascular assessment

---

## DIFFERENTIAL DIAGNOSIS:

1. **Ankylosing Spondylitis (10%)** — for: morning stiffness improving with motion, elevated inflammatory markers | against: female gender with typical presentation (usually males HLA-B27+), lumbar/sacroiliac involvement not mentioned, no polyarticular involvement, age >60 at onset atypical

2. **Rheumatoid Arthritis (8%)** — for: bilateral symmetric involvement, morning stiffness, elevated ESR/CRP | against: notable absence of polyarticular swelling/warmth, preserved grip strength (age-appropriate), no small joint involvement on examination, clinical picture focuses on proximal girdle not hands/feet

3. **Systemic Lupus Erythematosus or other connective tissue disease (5%)** — for: bilateral symmetric arthralgias, elevated inflammatory markers, female gender | against: no constitutional symptoms (fever, weight loss), no rash or mucosal findings, normal CBC without cytopenias, clinical presentation atypical for SLE arthritis pattern

4. **Thyroid-associated myopathy (2%)** — for: fatigue, age, female gender | against: TSH well-controlled (2.1 mIU/L), pain not myalgia pattern, preserved 5/5 strength, inflammatory markers elevated (thyroid dysfunction alone would not cause this)

---

## REASONING:

The clinical presentation is strikingly consistent with Polymyalgia Rheumatica: a 67-year-old woman with the classic triad of bilateral shoulder girdle and hip girdle pain, pronounced morning stiffness (45-60 minutes) that improves with motion, and significantly elevated acute phase reactants (ESR 42, CRP 18). The functional impairment (inability to comb hair, difficulty rising from seated position) with preserved strength and no joint swelling further supports PMR over polyarticular arthropathies. The 3-week duration and response to NSAIDs are consistent, though corticosteroids remain the gold standard treatment. Critically, the absence of cranial/vascular symptoms (headache, visual disturbance, jaw claudication, temporal tenderness) makes concurrent Giant Cell Arteritis (GCA) less likely but does not exclude it—temporal artery biopsy remains indicated if clinical suspicion for GCA emerges. Ankylosing Spondylitis is effectively ruled out by female gender, lack of HLA-B27 risk factors, absence of sacroiliac findings, and normal lumbar motion pattern. RA is unlikely given the absence of polyarticular synovitis, normal grip strength, and proximal-predominant girdle distribution rather than small joint involvement.

---

## NEXT STEP:

**Temporal artery ultrasound (or biopsy if ultrasound positive) to exclude concurrent Giant Cell Arteritis/Takayasu arteritis.**

*Expected finding:* Negative for vasculitis (absence of halo sign, compression sign, or intimal thickening), which would be reassuring; however, clinical PMR diagnosis can be initiated on corticosteroids (prednisone 15-20 mg daily) pending vascular imaging, with expected rapid improvement in stiffness within 1-2 days (a near-pathognomonic response that further confirms the diagnosis). If vascular imaging were positive or if patient develops cranial symptoms during follow-up, GCA would be confirmed and immunosuppression intensified.",,
gen-019,NONE,NONE,NONE,"# Rheumatologic Differential Diagnosis

## PRIMARY DIAGNOSIS: Acute Calcium Pyrophosphate Dihydrate (CPPD) Arthritis (Pseudogout)

**Confidence:** High

**Supporting findings:**
- Rhomboid, positively birefringent intracellular crystals on synovial fluid analysis (pathognomonic for CPPD)
- Acute monoarticular knee effusion with inflammatory synovial fluid (WBC 18,500/µL with PMN predominance) in a patient with known osteoarthritis
- Recurrent acute inflammatory arthritis in the same joint 8 months prior (classic pattern for CPPD flares)

**Findings against:** 
None identified; the crystal identification is definitive.

---

## DIFFERENTIAL DIAGNOSIS:

1. **Acute Gout (Monosodium Urate Arthritis)** (5%) — for: acute monoarticular presentation, severe pain, inflammatory synovial fluid with PMN predominance | against: needle-shaped, negatively birefringent crystals expected (NOT rhomboid positive); normal serum uric acid (5.2 mg/dL) argues against acute gout flare

2. **Bacterial (Septic) Arthritis** (3%) — for: acute severe monoarthritis, elevated synovial WBC (18,500/µL), patient with diabetes (risk factor) | against: afebrile with stable vitals; synovial glucose only mildly depressed (52 vs serum 118); no positive cultures mentioned; no reported preceding infection or arthrocentesis findings of organisms

3. **Acute Rheumatoid Arthritis or other Inflammatory Polyarthritis** (2%) — for: acute inflammatory arthritis | against: monoarticular presentation only; history of localized osteoarthritis without prior polyarticular disease; hand examination shows only chronic OA changes without acute synovitis

---

## REASONING:

The synovial fluid crystal analysis is diagnostic: rhomboid, positively birefringent crystals are pathognomonic for CPPD. This finding alone clinches the diagnosis and effectively excludes gout (which requires needle-shaped, negatively birefringent monosodium urate crystals). The clinical context strongly supports pseudogout: acute onset in an elderly patient with pre-existing osteoarthritis (a risk factor for CPPD deposition), a prior similar self-limited episode in another large joint 8 months earlier, and a markedly inflammatory synovial fluid (WBC 18,500/µL, PMN-predominant) typical of acute CPPD flare. While the synovial glucose is reduced, the mild depression (52 mg/dL with serum 118) and afebrile status make septic arthritis unlikely; moreover, absence of positive cultures and organism identification makes infection less probable. The normal serum uric acid and rhomboid rather than needle-shaped crystals definitively exclude gout.

---

## NEXT STEP:

**Perform synovial fluid Gram stain, culture, and sensitivity** to definitively exclude bacterial infection. Given the diagnostic crystal identification, a negative culture would confirm CPPD arthritis as the sole diagnosis and allow confident exclusion of septic arthritis. Alternatively, if synovial fluid studies are already complete with negative cultures, **confirm the diagnosis clinically and initiate anti-inflammatory therapy** (intra-articular corticosteroid injection and/or NSAIDs/colchicine) with expectation of symptom resolution over 5–7 days, mirroring the patient's prior episode.","# DIFFERENTIAL DIAGNOSIS ANALYSIS

**PRIMARY DIAGNOSIS: Acute Calcium Pyrophosphate Dihydrate (CPPD) Arthritis (Pseudogout)**

**Confidence: High**

**Supporting findings:**
- Rhomboid, positively birefringent intracellular crystals on synovial fluid analysis (pathognomonic for CPPD)
- Acute monoarticular knee involvement with severe inflammatory response (WBC 18,500/µL with PMN predominance)
- Recurrent episodes: similar acute presentation in contralateral knee 8 months prior with spontaneous resolution, which is the classic pattern of CPPD attacks

**Findings against:** None identified
- Serum uric acid is normal, but this does not exclude CPPD
- Age (67) and osteoarthritis history are actually risk factors for CPPD

---

## DIFFERENTIAL DIAGNOSIS:

1. **Acute Gout (Monosodium Urate Arthritis)** (8%) — *for:* Acute monoarticular knee arthritis with severe pain, PMN-predominant synovial fluid | *against:* Crystal morphology is needle-shaped and negatively birefringent in gout (not rhomboid/positive); normal serum uric acid makes acute attack unlikely; recurrent episodes in separate joints over months favor CPPD pattern

2. **Septic Arthritis (Bacterial)** (3%) — *for:* Acute monoarticular swelling with warmth, erythema, elevated WBC and inflammatory markers | *against:* Afebrile with stable vitals; synovial glucose only mildly depressed (52 mg/dL with serum 118; glucose differential 66 is modest); crystal identification excludes bacterial infection; no constitutional symptoms

3. **Acute Rheumatoid Arthritis** (2%) — *for:* Inflammatory polyarticular potential with elevated CRP | *against:* Presentation is monoarticular (not polyarticular/symmetric); abrupt 36-hour onset atypical for RA (usually insidious); no hand involvement on exam; recurrent single-joint flares inconsistent with RA natural history; crystals present on synovial fluid

---

## REASONING:

The synovial fluid crystal analysis is the diagnostic linchpin: **rhomboid, positively birefringent intracellular crystals are diagnostic of CPPD**, not urate crystals (needle-shaped, negatively birefringent). The clinical pattern—acute monoarticular knee inflammation with PMN-predominant synovitis, followed by spontaneous resolution, with recurrence in the contralateral knee 8 months later—is the quintessential presentation of pseudogout/CPPD arthritis. The normal serum uric acid excludes acute gout. Septic arthritis is unlikely given the afebrile status, stable hemodynamics, and relatively preserved synovial glucose. Age 67 with underlying osteoarthritis is a major risk factor for CPPD deposition disease. The acuity, severity, and monoarticular distribution distinguish this from seropositive rheumatoid arthritis.

---

## NEXT STEP:

**X-ray of both knees (AP, lateral, sunrise views) to identify chondrocalcinosis**

*Expected finding:* Calcium pyrophosphate deposits visualized in articular cartilage (particularly menisci, articular surface, or triangular fibrocartilage), supporting CPPD crystal deposition disease. This finding, combined with the diagnostic synovial fluid crystals, confirms the diagnosis and helps assess severity and distribution of CPPD burden. This would guide long-term management regarding flare prevention and screening for metabolic complications (hyperparathyroidism, hemochromatosis, hypomagnesemia).",,
gen-020,NONE,NONE,NONE,"# DIFFERENTIAL DIAGNOSIS CONSULTATION

## PRIMARY DIAGNOSIS: Reactive Arthritis (Reiter's Syndrome)
**Confidence: High**

**Supporting findings:**
1. Classic triad of arthritis (bilateral knee effusions) + inflammatory back pain (morning stiffness 45 minutes, improvement with activity, positive Schober test with reduced flexion) + preceding GI infection (self-limited diarrhea 8 weeks prior)
2. HLA-B27 positivity in a young male with oligoarticular lower extremity involvement and axial disease
3. Elevated acute phase reactants (ESR 34, CRP 18) with negative autoantibodies (RF, anti-CCP, ANA negative), establishing seronegative spondyloarthropathy pattern

**Findings against:** 
Incomplete Reiter's triad—patient denies urethritis and uveitis/conjunctivitis; however, these are not required for diagnosis and occur in <50% of cases

---

## DIFFERENTIAL DIAGNOSIS:

1. **Ankylosing Spondylitis (AS)** (15-20%) — *for:* HLA-B27 positivity, inflammatory back pain with morning stiffness and improvement with activity, positive Schober test, elevated inflammatory markers | *against:* Acute oligoarticular peripheral arthritis (knees) as presenting feature is atypical; AS typically has more insidious axial-predominant course; 8-week symptom timeline is very rapid for AS debut

2. **Enteropathic Arthritis** (8-12%) — *for:* Preceding diarrheal illness, HLA-B27 positivity, seronegative pattern | *against:* No history of inflammatory bowel disease (Crohn's or UC); diarrhea was self-limited and non-bloody; lacks extraintestinal manifestations of IBD

3. **Acute Rheumatoid Arthritis** (5-8%) — *for:* Bilateral symmetric joint swelling, systemic inflammation (elevated ESR/CRP), young adult | *against:* Negative RF and anti-CCP (rules out seropositive RA in ~95% of cases); HLA-B27 positivity; asymmetric knee involvement (right worse); prominent axial/spinal involvement is atypical for RA

4. **Psoriatic Arthritis** (5-8%) — *for:* HLA-B27 association possible, seronegative, can present with oligoarticular pattern and axial disease | *against:* No mention of skin psoriasis, nail changes, or dactylitis; no family history provided but timing/presentation less typical than reactive arthritis

---

## REASONING:

The clinical presentation strongly favors **reactive arthritis** based on the temporal relationship between gastrointestinal infection (8 weeks prior) and subsequent development of inflammatory arthritis. The combination of oligoarticular peripheral arthritis (bilateral knees, asymmetric), inflammatory back pain with morning stiffness and positive Schober test (indicating true axial involvement), and HLA-B27 positivity establishes a spondyloarthropathy pattern. The seronegative immunology profile (negative RF, anti-CCP, ANA) excludes classic RA and supports HLA-B27–associated disease.

While incomplete presentation (absence of urethritis and uveitis) might suggest consideration of AS or other spondyloarthropathies, the acute timeline (6 weeks), recent documented GI infection, and prominent peripheral arthritis make reactive arthritis most probable. AS typically presents insidiously with axial disease predominance over years, not weeks. The absence of IBD history argues against enteropathic arthritis despite HLA-B27 positivity.

---

## NEXT STEP:

**Lumbar spine MRI (or plain radiographs if MRI unavailable)** to assess for:
- **Expected findings supporting reactive arthritis:** Early inflammatory changes (bone marrow edema at discovertebral junctions, facet joint inflammation) without structural damage (syndesmophytes, complete bony ankylosis)
- If findings present, this confirms spondyloarthritis and strongly supports reactive arthritis diagnosis over early AS
- Alternatively: **HLA-B27 subtyping** (B27-05 vs. others) and **stool culture/serologies for preceding pathogen** (Shigella, Salmonella,","# RHEUMATOLOGIC DIFFERENTIAL DIAGNOSIS

**PRIMARY DIAGNOSIS: Ankylosing Spondylitis (Axial Spondyloarthropathy)**
**Confidence: High**

**Supporting findings:**
- HLA-B27 positive with inflammatory back pain pattern (morning-predominant, improving with activity, 45 minutes morning stiffness)
- Significantly reduced lumbar flexion (Schober test 3.5 cm, normal >5 cm) in a 28-year-old male—hallmark of axial involvement
- Elevated inflammatory markers (ESR 34, CRP 18) with compatible clinical timeline (6 weeks progressive symptoms)

**Findings against:**
- Peripheral joint involvement (bilateral knee effusions) is less typical for pure AS at this early stage, though can occur in spondyloarthritis spectrum disease
- None identified that meaningfully challenge the diagnosis

---

## DIFFERENTIAL DIAGNOSIS:

1. **Reactive Arthritis/Enteropathic Spondyloarthropathy (25%)** — *for:* antecedent diarrhea 8 weeks prior, HLA-B27 positivity, axial plus peripheral polyarticular pattern | *against:* no urethritis, conjunctivitis, oral ulcers; diarrhea was self-limited without documented pathogen; timeline is now 8 weeks post-GI episode

2. **Undifferentiated Spondyloarthropathy (20%)** — *for:* HLA-B27+, inflammatory back pain, reduced Schober test, elevated inflammatory markers, young male | *against:* does not change management; more a diagnostic label pending further classification

3. **Rheumatoid Arthritis (10%)** — *for:* polyarticular involvement, morning stiffness, elevated inflammatory markers | *against:* negative RF and anti-CCP (essentially excludes seropositive RA); typical RA presents with symmetric small joint PIP/MCP involvement, not primary axial disease with marked Schober limitation

4. **Psoriatic Arthritis (10%)** — *for:* HLA-B27 association, axial + peripheral pattern | *against:* no skin/nail findings on examination; no documented psoriasis history; less typical presentation

---

## REASONING:

This is a classic presentation of **early ankylosing spondylitis** in a young male with the pathognomonic triad: HLA-B27 positivity, inflammatory back pain (morning-predominant, activity-responsive), and objective axial restriction (Schober 3.5 cm—markedly abnormal). The elevated inflammatory markers and progressive 6-week timeline support active inflammation. While the bilateral knee effusions suggest polyarticular involvement, they represent axial spondyloarthropathy spectrum disease rather than excluding AS; up to 30% of AS patients have peripheral arthritis, particularly at disease onset.

Reactive arthritis remains on the differential given the antecedent diarrhea and HLA-B27 positivity, but the self-limited nature of diarrhea without systemic features (no fever, no documented dysentery) and absence of classic triggering pathogens (Shigella, Salmonella, Yersinia, Chlamydia) makes this less likely than primary AS. Negative RF/anti-CCP convincingly excludes seropositive RA.

The discriminating factor is the **marked lumbar restriction** (Schober 3.5 cm) combined with HLA-B27 and inflammatory back pain pattern—this is far more suggestive of AS than any other diagnosis.

---

## NEXT STEP:

**Imaging: MRI of the sacroiliac joints and lumbar spine with contrast (or non-contrast CT if MRI contraindicated)**

*Expected findings:*
- **Most likely:** Bilateral symmetrical sacroiliitis (edema on T2-weighted/STIR sequences, or sclerosis on CT) with or without early syndesmophytes in the lumbar spine—this would confirm AS diagnosis
- **If negative sacroiliitis but positive MRI inflammatory changes** in lumbar spine: supports early spondyloarthropathy with axial-predominant disease
- **If normal:** Would necessitate reconsideration of diagnosis and investigation for mechanical back pain (unlikely given clinical pattern) or other systemic disease

This imaging will also establish baseline severity for prognostic counseling and NSA",,
gen-021,NONE,NONE,NONE,"# DIFFERENTIAL DIAGNOSIS ANALYSIS

## PRIMARY DIAGNOSIS: Drug-Induced Lupus Erythematosus (DILE)

**Confidence:** High

**Supporting findings:**
- Recent initiation of hydralazine (3 months prior) temporally preceding symptom onset by ~6 weeks, with hydralazine being a well-established DILE culprit
- Positive ANA (1:320, homogeneous pattern) with negative anti-dsDNA and anti-Smith antibodies—the serologic signature of DILE
- Clinical presentation of symmetric polyarthritis with malar rash and constitutional symptoms, without severe systemic manifestations (normal complement, no renal involvement, no serositis)

**Findings against:**
- None identified; presentation is highly consistent with DILE

---

## DIFFERENTIAL DIAGNOSIS:

1. **Systemic Lupus Erythematosus (SLE) – Seronegative** (20%) — *for:* malar rash, symmetric polyarthritis, morning stiffness, elevated inflammatory markers | *against:* negative anti-dsDNA and anti-Smith (typically present in ≥50% and ≥95% of SLE respectively), relatively short 6-week duration, lack of other systemic features (renal sparing, normal complements, no hematologic cytopenias)

2. **Rheumatoid Arthritis** (8%) — *for:* symmetric polyarthritis of hands and knees, morning stiffness lasting 45 minutes | *against:* negative RF and anti-CCP (seronegative RA possible but <20% of cases), malar rash atypical for RA, elevated ESR without cytopenia or systemic toxicity makes inflammatory RA less likely than DILE

3. **Undifferentiated Connective Tissue Disease (UCTD)** (12%) — *for:* positive ANA, polyarthritis, and malar rash without meeting criteria for a specific diagnosis | *against:* temporal relationship to hydralazine initiation strongly suggests drug etiology rather than primary UCTD, normal complement levels and lack of serositis/renal involvement less compatible with evolving SLE-like disease

---

## REASONING:

The clinical constellation strongly implicates drug-induced lupus, with hydralazine as the offending agent. The timeline is critical: hydralazine initiated 3 months ago with symptoms emerging 6 weeks into therapy places us squarely within the typical latency window for DILE (weeks to months post-initiation). The serologic profile is pathognomonic—a positive ANA with negative anti-dsDNA and anti-Smith virtually excludes idiopathic SLE and strongly favors DILE, where anti-histone antibodies (pending) would be detected in >95% of cases. The clinical phenotype (arthralgias, malar rash, systemic symptoms) without severe renal, hematologic, or serosal involvement fits the milder disease course typical of DILE. The absence of erosions on imaging and negative RF/anti-CCP effectively excludes rheumatoid arthritis. While seronegative SLE remains possible, the temporal relationship to a known DILE-inducing agent and the specific seronegative pattern make drug-induced etiology most parsimonious.

---

## NEXT STEP:

**Anti-histone antibody testing** (currently pending)

**Expected result:** Strongly positive (>1:160 or >95% sensitivity in DILE)

*Rationale:* Anti-histone antibodies are present in >95% of hydralazine-induced lupus cases and <5% of idiopathic SLE, making this the most discriminating test to confirm DILE. A positive anti-histone result would essentially confirm the diagnosis and support discontinuation of hydralazine with consideration of alternative antihypertensive agents (e.g., calcium channel blockers, ACE inhibitors, or diuretics). If anti-histone is negative, reconsider seronegative SLE and screen for additional autoantibodies (anti-centromere, anti-Scl-70) or repeat anti-dsDNA with high-sensitivity assays.","# DIFFERENTIAL DIAGNOSIS CONSULTATION

**PRIMARY DIAGNOSIS: Drug-Induced Lupus Erythematosus (DILE)**

**Confidence: High**

**Supporting findings:**
- Recent initiation of hydralazine (3 months ago), a well-established culprit drug for DILE, with symptom onset 6 weeks into therapy
- Positive ANA (1:320, homogeneous pattern) consistent with drug-induced disease
- Malar rash and polyarthritis in appropriate temporal relationship to drug exposure

**Findings against:** 
- Anti-histone antibody result pending (highly specific for DILE; critical for confirmation)
- None otherwise identified

---

## DIFFERENTIAL DIAGNOSIS:

1. **Systemic Lupus Erythematosus (SLE)** (20–25%) — *for:* Malar rash, polyarthritis, positive ANA, elevated inflammatory markers | *against:* Negative anti-dsDNA and anti-Smith (>95% and >99% specific for SLE respectively), normal complement levels, absence of constitutional symptoms and multi-system involvement

2. **Rheumatoid Arthritis (RA)** (10–15%) — *for:* Symmetric polyarthritis with morning stiffness >30 minutes, elevated ESR/CRP | *against:* Negative RF and anti-CCP (sensitivity 70–80% and 95% respectively in established RA), no radiographic erosions, prominent rash not typical of early RA, non-articular features inconsistent

3. **Polymyalgia Rheumatica (PMR)** (5–10%) — *for:* Age >50, elevated ESR (42 mm/hr), morning stiffness | *against:* Age 52 is early for PMR, joint involvement is distal (MCPs/wrists) rather than proximal girdle pattern, prominent cutaneous manifestation atypical, female predominance with acute onset less characteristic

4. **Parvovirus B19 Arthropathy** (5–10%) — *for:* Acute symmetric polyarthritis, constitutional symptoms, elevated inflammatory markers | *against:* Malar rash and sustained ANA positivity less typical, rash temporally related to drug initiation not viral prodrome

5. **Seronegative SLE** (5%) — *for:* Clinical lupus phenotype with negative anti-dsDNA/anti-Smith | *against:* Lack of typical SLE multi-system features, strong temporal and pharmacologic association with hydralazine exposure makes DILE far more parsimonious

---

## REASONING:

This case presents a textbook temporal and pharmacologic signature for drug-induced lupus. The patient initiated hydralazine 3 months ago and developed symptoms 6 weeks into therapy—well within the typical 2–6 month window for DILE onset. The positive ANA with homogeneous pattern is consistent with drug-induced disease, though less specific than the anti-Smith and anti-dsDNA antibodies that define idiopathic SLE. Critically, **both anti-dsDNA and anti-Smith are negative**, which argues strongly against classical SLE (these have >95% and >99% specificity respectively); she also lacks the multi-system manifestations typical of SLE (normal urinalysis, no serositis, normal complement, no cytopenias). 

The differential with RA is excluded by negative RF and anti-CCP combined with the prominent cutaneous manifestation; PMR is excluded by distal rather than proximal joint involvement. The hydralazine exposure is the most discriminating clinical finding—this antihypertensive is one of the most common DILE culprits, and the clinical presentation (polyarthritis + rash + ANA) with negative anti-dsDNA/anti-Smith is the signature profile of drug-induced rather than idiopathic disease.

---

## NEXT STEP:

**Anti-histone antibody titer (most diagnostic)** — Expected to show: **Positive/elevated (>1:40–1:80)**, which would confirm drug-induced lupus with >95% specificity. Anti-histone antibodies are present in 95% of hydralazine-induced lupus cases but only 40–60% of idiopathic SLE, making this the single most discriminating test. 

*Secondary confirmatory step:* Clinical response to hydralazine discontinuation (expect resolution of r",,
gen-022,NONE,NONE,NONE,"# RHEUMATOLOGY DIFFERENTIAL DIAGNOSIS CONSULTATION

---

## PRIMARY DIAGNOSIS: Osteoarthritis (Hand OA with Generalized Distribution)

**Confidence:** High

**Supporting findings:**
- **DIP joint predominance with bony enlargement**: Heberden's nodes at DIP joints are pathognomonic for primary hand OA; the bilateral symmetric pattern is classic
- **Age and pattern of involvement**: 62-year-old woman with insidious 8-month progressive course; hand-heavy occupational and avocational history (gardening, knitting) consistent with mechanical stress
- **Morning stiffness improving with activity**: The brief duration (45-60 minutes) and improvement with movement is typical of mechanical OA rather than inflammatory arthritis
- **CMC and PIP involvement with right knee pain**: Polyarticular distribution affecting weight-bearing (right knee with effusion/crepitus) and hand joints is consistent with generalized OA phenotype

**Findings against:**
- Mild erythema at DIP joints could suggest inflammatory component, though this can occur in OA
- None identified that substantially argue against OA

---

## DIFFERENTIAL DIAGNOSIS:

1. **Rheumatoid Arthritis (RA)** (15-20%) — 
   - *For*: Bilateral symmetric hand swelling; morning stiffness; gradual 8-month progression; female gender and age group; involvement of PIP joints and CMC joints
   - *Against*: DIP predominance (RA typically spares DIP joints); lack of systemic symptoms (fever, weight loss, fatigue); no mention of seropositivity; morning stiffness brief (RA typically >1 hour); absence of wrist/ankle synovitis; no palmar erythema; preserved grip strength relatively symmetric

2. **Psoriatic Arthritis (PsA) or other Spondyloarthropathy** (5-10%) — 
   - *For*: Can involve DIP joints distinctly; asymmetric pattern possible; insidious onset
   - *Against*: Explicitly denies skin rash or psoriasis history; symmetric bilateral presentation; no systemic features; no history of inflammatory bowel disease or uveitis; DIP involvement in OA context with mechanical history more parsimonious

3. **Erosive Hand Osteoarthritis** (10-15%) — 
   - *For*: Central OA phenotype with DIP/PIP/CMC involvement; can present with inflammatory features (erythema, swelling); female predominance; can mimic RA clinically
   - *Against*: Typically presents with more acute inflammatory episodes; would expect more pronounced pain out of proportion to findings; usually more dramatic functional impairment

4. **Secondary OA (Post-traumatic, Metabolic)** (5-10%) — 
   - *For*: History of right knee meniscectomy 15 years ago; osteoporosis suggesting metabolic factors; diabetes
   - *Against*: Left hand and knee unaffected by prior trauma; symmetric pattern argues against post-traumatic etiology alone

---

## REASONING:

This presentation is most consistent with **primary generalized osteoarthritis** of the hands based on several discriminating features. The **pathognomonic involvement of DIP joints with bony enlargement (Heberden's nodes)** is the single most specific finding for hand OA and is uncommon in RA, which characteristically spares DIP joints. The **brief morning stiffness (45-60 minutes) that improves with activity** is mechanically-mediated inflammation rather than the inflammatory stiffness of RA, which typically persists 1+ hours and worsens with rest. The **symmetric, polyarticular pattern affecting hand joints plus right knee (with effusion/crepitus suggesting mechanical OA)** suggests a generalized OA phenotype rather than primary inflammatory arthritis. Critically, **absence of systemic symptoms, preserved symmetric grip strength, lack of wrist/ankle involvement, and no mention of positive inflammatory markers** all argue strongly against seronegative RA. While the mild erythema at DIP joints could suggest erosive hand OA (an inflammatory subset), the indolent 8-month course and mechanical exacerbation pattern fit primary hand OA.

---

## NEXT STEP:

**Obtain serum inflammatory markers and rheumatologic panel:**
- **ESR and CRP**: Expect **normal or minimally elevated** (supporting O","# RHEUMATOLOGIC DIFFERENTIAL DIAGNOSIS CONSULTATION

## PRIMARY DIAGNOSIS: Osteoarthritis (Hand OA)
**Confidence: High**

**Supporting findings:**
- DIP joint involvement with bony enlargement (Heberden's nodes) bilaterally—the hallmark of primary hand OA
- Age 62 with gradual 8-month progressive course typical of degenerative joint disease
- Morning stiffness <1 hour (mechanical rather than inflammatory pattern) that improves with activity

**Findings against:**
- PIP and CMC involvement alongside DIP joints suggests polyarticular pattern that may exceed typical OA distribution
- Symmetric distribution and morning stiffness lasting 45-60 minutes could suggest inflammatory etiology, though the rapid improvement with activity favors mechanical stiffness

---

## DIFFERENTIAL DIAGNOSIS:

1. **Rheumatoid Arthritis (15%)** — for: symmetric polyarticular involvement, morning stiffness 45-60 min, progressive course | against: DIP joint predominance (RA typically spares DIP joints), no systemic symptoms, no extraarticular findings, notably absent RF/anti-CCP mention in labs

2. **Psoriatic Arthritis (10%)** — for: DIP joint involvement, asymmetric potential, progressive hand swelling | against: no psoriasis history, no nail pitting documented, no dactylitis (true sausage digit), no enthesitis, no axial symptoms

3. **Erosive Hand Osteoarthritis (5%)** — for: DIP/PIP involvement with inflammation, bony enlargement | against: no mention of erosions on imaging yet, no systemic inflammatory markers mentioned, relatively mild presentation for erosive disease

---

## REASONING:

This 62-year-old woman's presentation is most consistent with primary osteoarthritis of the hand, particularly the DIP-predominant pattern with characteristic bony enlargement (Heberden's nodes). The clinical hallmark favoring OA over inflammatory arthropathy is the **morning stiffness pattern**: mechanical stiffness that peaks at <1 hour and improves with activity is classic for OA, whereas inflammatory stiffness in RA typically lasts ≥1 hour and may worsen with activity. The **DIP joint involvement** is virtually pathognomonic for OA and argues strongly against RA, which characteristically spares the DIP joints. The **absence of systemic features** (no fever, weight loss, fatigue, xerophthalmia, or skin involvement) and the **lack of extraarticular nodules or synovitis** further reduce the probability of RA or PsA. The symmetric bilateral distribution and CMC involvement are expected in generalized hand OA, particularly in a woman of this age with hand-intensive hobbies (gardening, knitting). Laboratory confirmation (negative RF, anti-CCP, normal inflammatory markers) would solidify this diagnosis.

---

## NEXT STEP:

**Obtain rheumatologic panel including rheumatoid factor (RF), anti-CCP antibodies, ESR, and CRP.**

*Expected findings:* All markers should be negative/normal (RF <1:80, anti-CCP <20 IU/mL, ESR <20 mm/hr, CRP <3 mg/L). This would effectively exclude RA and other seronegative inflammatory arthropathies, confirming primary osteoarthritis. If any inflammatory markers are elevated or antibodies positive, clinical reassessment and imaging (hand X-rays ± MRI) would be indicated to evaluate for early RA or erosive OA.",,
gen-023,NONE,NONE,NONE,"# DIFFERENTIAL DIAGNOSIS ANALYSIS

## PRIMARY DIAGNOSIS: Adult-Onset Still's Disease (AOSD)
**Confidence: High**

**Supporting findings:**
- Classic triad of quotidian fevers (documented 39.8°C), evanescent salmon-pink maculopapular rash appearing during febrile episodes, and polyarthralgia/polyarthritis (12 joints, symmetric small and large joints)
- Marked elevation of inflammatory markers (ESR 68, CRP 12.5, ferritin 680 ng/mL) with hepatosplenomegaly and leukocytosis with neutrophil predominance (78%)
- Seronegative polyarthritis (negative RF, anti-CCP, ANA) with non-erosive pattern on imaging—hallmark of AOSD's benign articular course

**Findings against:**
- Normal complement levels (typically normal in AOSD, so not discriminating against diagnosis)
- Mild dyspnea on exertion without documented pulmonary involvement on exam (though mild interstitial lung disease occurs in ~5% of AOSD)

---

## DIFFERENTIAL DIAGNOSIS:

1. **Systemic Lupus Erythematosus (SLE)** (8-12%) 
   - *For:* Polyarthritis, fever, rash, elevated ESR/CRP, elevated liver enzymes, leukocytosis
   - *Against:* Negative ANA is highly unusual in SLE (>98% of patients are ANA-positive); absence of photosensitivity, oral ulcers, or other lupus-specific features; normal complement levels argue against active lupus

2. **Rheumatoid Arthritis with systemic features** (5-8%)
   - *For:* Symmetric polyarthritis, morning stiffness (45 min), swelling in MCPs/PIPs/wrists, elevated inflammatory markers
   - *Against:* Negative RF and anti-CCP essentially excludes seropositive RA; evanescent fever-associated rash and hepatosplenomegaly are atypical; non-erosive pattern favors AOSD

3. **Acute Rheumatic Fever (ARF)** (3-5%)
   - *For:* Fever, migratory polyarthritis, rash, elevated inflammatory markers, recent sore throat history
   - *Against:* Three-month duration with persistent intermittent symptoms is atypical (ARF is usually acute, self-limited); hepatosplenomegaly is not characteristic; absence of carditis or chorea; age (34 years) is older than typical ARF presentation

---

## REASONING:

The clinical presentation is highly characteristic of Adult-Onset Still's Disease, which is defined by the triad of spiking quotidian fevers, evanescent rash, and seronegative polyarthritis. The ferritin elevation (680 ng/mL) is particularly discriminating—ferritin >6 times upper limit of normal has 80% specificity for AOSD among systemic inflammatory diseases. The negative ANA and rheumatoid serology effectively exclude SLE and seropositive RA, which are the most common polyarthritic mimics in this age group. The three-month intermittent course with persistent systemic manifestations (fever, rash, hepatosplenomegaly) and marked elevation of acute-phase reactants (ESR 68, CRP 12.5) without tissue damage on imaging is the cardinal pattern of AOSD. The neutrophil predominance and thrombocytosis further support a systemic inflammatory condition rather than autoimmune arthritis.

---

## NEXT STEP:

**Serum ferritin level confirmation and glycosylated ferritin (GlyFer) measurement**

*Expected finding:* Serum ferritin >1000 ng/mL and/or glycosylated ferritin <20% would strongly support AOSD diagnosis (ferritin becomes predominantly non-glycosylated in systemic inflammation). Additionally, **pro-inflammatory cytokine panel (IL-6, IL-18, TNF-α)** would show marked elevations characteristic of AOSD's IL-6-driven inflammation, distinguishing it from autoimmune arthropathies. Consider empiric trial of daily NSAIDs or low-dose corticosteroids; rapid clinical and laboratory response within 1-2 weeks would confirm diagnosis","# DIFFERENTIAL DIAGNOSIS ANALYSIS

**PRIMARY DIAGNOSIS: Adult-Onset Still's Disease (AOSD)**

**Confidence: High**

**Supporting findings:**
- Classic quotidian fever pattern (late afternoon/evening spikes to 39.8°C) with evanescent salmon-pink maculopapular rash that appears during febrile episodes and resolves with fever—this is pathognomonic for AOSD
- Systemic inflammatory markers markedly elevated (ESR 68, CRP 12.5, ferritin 680 ng/mL) with hepatosplenomegaly and elevated transaminases (AST 112, ALT 128), reflecting systemic inflammation
- Symmetric polyarthralgia/arthritis involving 12 joints (wrists, MCPs, PIPs, knees, ankles) with morning stiffness, plus neutrophil-predominant leukocytosis (WBC 14,200, neutrophils 78%) and thrombocytosis (385,000)

**Findings against: None identified**

---

## DIFFERENTIAL DIAGNOSIS:

1. **Rheumatoid Arthritis (20%)** — for: symmetric polyarthritis involving MCPs/PIPs, morning stiffness, elevated inflammatory markers | against: RF and anti-CCP both negative (seronegative RA possible but less likely), absence of erosions on imaging, high fever with evanescent rash not typical, hepatosplenomegaly unusual

2. **Systemic Lupus Erythematosus (10%)** — for: symmetric polyarthritis, fever, elevated inflammatory markers, hepatosplenomegaly | against: ANA negative (argues strongly against SLE), absence of photosensitivity/oral ulcers/complement consumption, no renal involvement evident, rash pattern not consistent with typical SLE rashes

3. **Acute Rheumatic Fever (8%)** — for: fever, polyarthritis, elevated inflammatory markers, rash | against: no documented recent streptococcal infection or elevated anti-streptolysin O titers mentioned, no carditis signs, rash morphology (evanescent maculopapular) differs from rheumatic fever's typical salmon-pink transient rash distribution pattern, extended 3-month timeline

4. **Septic Arthritis or Disseminated Infection (7%)** — for: fever, leukocytosis, elevated inflammatory markers, arthritis | against: symmetric polyarticular involvement argues against monobacterial infection, no positive blood cultures mentioned, clinical stability over 3 months, no mention of systemic toxicity

---

## REASONING:

The clinical presentation is highly characteristic of Adult-Onset Still's Disease (AOSD), a rare systemic inflammatory disorder. The pathognomonic triad of quotidian fever (characteristic late afternoon/evening pattern), evanescent salmon-pink maculopapular rash appearing during febrile episodes, and symmetric polyarthritis involving small and large joints is strongly present here. The laboratory picture supports systemic inflammation: markedly elevated ferritin (680 ng/mL)—a key discriminator in AOSD criteria—leukocytosis with left shift, thrombocytosis, and elevated acute phase reactants (ESR 68, CRP 12.5).

The negative RF and anti-CCP virtually exclude seropositive RA and make seronegative RA unlikely given the atypical systemic features. The ANA negativity excludes SLE. The absence of X-ray erosions after 3 months is consistent with AOSD (early disease typically shows no erosions). Hepatosplenomegaly with transaminitis reflects characteristic systemic involvement. The clinical timeline (3 months of intermittent symptoms) and neutrophilic predominance further support AOSD over acute bacterial infection or ARF.

---

## NEXT STEP:

**Serum ferritin level (repeat) and evaluation for elevated serum ferritin with markedly elevated soluble IL-2 receptor (sIL-2R) and elevated IL-18 levels** — Expected findings would show ferritin >1000 ng/mL and elevated cytokine markers that strongly support AOSD diagnosis. Additionally, **echocardiography should be performed to exclude myocarditis/pericarditis** (cardiac involvement occurs in ~30% of AOSD cases), and **repeat ANA and rheumatologic serologies (including complement levels if not already done)** to",,
gen-024,NONE,NONE,NONE,"# DIFFERENTIAL DIAGNOSIS ANALYSIS

**PRIMARY DIAGNOSIS: Fibromyalgia**

**Confidence: High**

**Supporting findings:**
- Widespread musculoskeletal pain affecting ≥4 body regions (shoulders, hips, knees, lower back, neck) persisting 8 months with characteristic dull ache and sharp pain on movement
- Reproducible tenderness at multiple characteristic tender points (occiput, trapezius, supraspinatus, lateral epicondyles, gluteal muscles, medial knee fat pads) without objective joint swelling or inflammation
- Severe sleep disturbance (waking 4-5 times nightly with unrefreshed sleep) and disproportionate fatigue that are hallmark cognitive/constitutional symptoms of fibromyalgia

**Findings against:**
- Normal grip strength (28 kg) argues against inflammatory myopathy, though not definitively exclusionary
- None identified that substantially argue against fibromyalgia

---

## DIFFERENTIAL DIAGNOSIS:

1. **Rheumatoid Arthritis (10%)** — *for:* morning stiffness, symmetric polyarticular pain pattern | *against:* absence of joint swelling/warmth/erythema on exam; normal grip strength; no documented elevated inflammatory markers mentioned; 8-month timeline with no progression to visible synovitis is atypical

2. **Systemic Lupus Erythematosus (8%)** — *for:* female, reproductive-age, constitutional symptoms (fatigue, night sweats), cognitive dysfunction (""brain fog"") | *against:* no rash (including malar), no mention of photosensitivity, no oral ulcers, no serositis features, normal vital signs; diffuse tender points without objective joint inflammation is atypical for SLE

3. **Hypothyroidism/Thyroid Dysfunction (12%)** — *for:* fatigue, sleep disturbance, mood changes, irregular menses, temperature dysregulation (night sweats, flushing) | *against:* 15-20 minute morning stiffness and widespread tender points less typical; normal temperature at rest (37.0°C) reduces likelihood, though subclinical disease possible

4. **Polymyalgia Rheumatica (5%)** — *for:* morning stiffness, proximal muscle pain/stiffness pattern | *against:* age 45 is significantly younger than typical PMR presentation (>50 years); normal ESR/CRP expected to be abnormal; no temporal artery involvement; normal neurological exam argues against giant cell arteritis

5. **Major Depressive Disorder with Somatic Symptom Disorder (8%)** — *for:* anhedonia, low mood, cognitive complaints, sleep disturbance, fatigue | *against:* reproducible objective tender points on examination; symmetric widespread pain distribution; no prior psychiatric history; symptoms predate mood changes by approximately 6 months

6. **Chronic Fatigue Syndrome/ME (15%)** — *for:* profound post-exertional fatigue, cognitive dysfunction (""brain fog""), unrefreshed sleep despite adequate duration, widespread pain | *against:* less emphasis on post-exertional malaise documentation; tender point exam findings more consistent with fibromyalgia criteria

---

## REASONING:

This patient's clinical presentation is most consistent with **fibromyalgia**, defined by the convergence of widespread chronic pain in characteristic anatomical regions and the presence of reproducible tender points on examination without objective signs of inflammation (no swelling, erythema, or warmth). The 8-month insidious onset, morning stiffness that improves with activity (rather than worsening), and profoundly disrupted sleep with unrefreshed quality are hallmark features. The constellation of cognitive symptoms (""brain fog,"" memory lapses), night sweats, and mood changes represent the central sensitization and autonomic dysfunction characteristic of fibromyalgia rather than primary psychiatric or endocrine disease.

Inflammatory arthropathies (RA, SLE) are substantially less likely given the complete absence of objective joint inflammation on examination despite 8 months of symptoms—inflammatory conditions typically show demonstrable synovitis when pain is this severe and protracted. Hypothyroidism remains on the differential because temperature dysregulation and menstrual irregularity are notable, but the specific tender point pattern and short morning stiffness are less typical. Polymyalgia rheumatica is effectively excluded by age alone. Chronic Fatigue Syndrome overlaps significantly","# DIFFERENTIAL DIAGNOSIS CONSULTATION

## PRIMARY DIAGNOSIS: Fibromyalgia Syndrome
**Confidence: High**

**Supporting findings:**
- Widespread musculoskeletal pain (shoulders, hips, knees, lower back, neck) with characteristic tender point examination (occiput, trapezius, supraspinatus, lateral epicondyles, gluteal muscles, medial knee fat pads reproducibly tender)
- Severe sleep disturbance (4–5 nocturnal awakenings, unrefreshed despite adequate sleep duration) with profound fatigue requiring afternoon rest—classic fibromyalgia association
- Cognitive dysfunction (""brain fog,"" memory lapses, concentration difficulty) and mood symptoms (anhedonia, low mood) accompanying pain and fatigue, consistent with central sensitization syndrome

**Findings against:**
- No objective inflammatory markers or joint swelling documented (though labs not yet performed); full painless range of motion in all joints argues against inflammatory arthropathy

---

## DIFFERENTIAL DIAGNOSIS:

1. **Fibromyalgia Syndrome (68%)** — for: reproducible tender points in characteristic locations, sleep-related fatigue, cognitive/mood symptoms, 8-month insidious course | against: None identified

2. **Polymyalgia Rheumatica (15%)** — for: proximal pain (shoulders, hips), morning stiffness improving with activity, fatigue, age consideration (though typically >50) | against: age 45 (below typical range), no cranial symptoms, normal temperature, absence of temporal artery signs, only 15–20 min morning stiffness (PMR typically >1 hour)

3. **Early Seronegative Spondyloarthropathy/Ankylosing Spondylitis (10%)** — for: inflammatory back pain pattern (pain improves with motion), morning stiffness, neck involvement | against: female sex (though possible), widespread non-axial joint pain, full lumbar motion without Schober restriction noted, no mention of sacroiliac pain with stress testing, 8-month duration without progressive stiffness

4. **Systemic Lupus Erythematosus or other Connective Tissue Disease (5%)** — for: widespread pain, fatigue, mood symptoms, night sweats, menstrual irregularity | against: no rash, no objective joint inflammation/swelling, no mucosal ulcers, normal vital signs, clinical presentation not typical for lupus

5. **Thyroid Dysfunction/Hypothyroidism (2%)** — for: fatigue, cold intolerance (temperature control problems), cognitive symptoms, mood changes, menstrual irregularity | against: night sweats and flushing more consistent with fibromyalgia/central dysregulation than hypothyroidism

---

## REASONING:

This 45-year-old woman presents with the **classic pentad of fibromyalgia**: (1) widespread bilateral musculoskeletal pain in characteristic anatomical regions; (2) reproducible tender points on examination in diagnostic locations (ACR criteria-consistent distribution); (3) sleep disorder with characteristic unrefreshed sleep despite adequate duration; (4) associated fatigue disproportionate to activity level; and (5) cognitive and mood complaints (central sensitization features). 

The **absence of objective inflammatory findings** (no joint swelling, warmth, or erythema; full range of motion; normal strength bilaterally) makes primary inflammatory arthropathy or spondyloarthropathy less likely. Polymyalgia rheumatica, though it shares fatigue and morning stiffness, typically presents in patients >50 years and exhibits much longer morning stiffness duration (>1 hour) and would show elevated inflammatory markers (ESR/CRP). The insidious 8-month onset without systemic features (fever, weight loss, rash) and the prominence of sleep disturbance and cognitive symptoms argue strongly against connective tissue disease.

The **menstrual irregularity and temperature dysregulation** (night sweats, flushing) suggest possible perimenopausal status, which can coexist with or even precipitate fibromyalgia through hormonal and neuroendocrine mechanisms. Laboratory evaluation is essential to exclude occult inflammatory, endocrine, or systemic disease before confirming fibromyalgia.

---

## NEXT STEP:

**Obtain baseline laboratory panel including: ESR, CRP, CBC, comprehensive metabolic panel (including creatinine, transaminases), thy",,
gen-025,NONE,NONE,NONE,"# DIFFERENTIAL DIAGNOSIS ANALYSIS

## PRIMARY DIAGNOSIS: Sarcoidosis (with Löfgren Syndrome)

**Confidence:** High

**Supporting findings:**
- Polyarticular arthritis (knees and ankles) in classic distribution with bilateral symmetry and inflammatory markers (ESR 34, CRP 2.8) in a middle-aged African American woman
- Pulmonary symptoms (nonproductive cough, dyspnea on exertion) with pending CXR findings suggesting possible hilar lymphadenopathy
- Seronegative arthritis (RF and ANA both negative) with systemic manifestations (mild fatigue, facial flushing) without features of other connective tissue diseases

**Findings against:**
- No erythema nodosum noted on examination (though absence doesn't exclude Löfgren—occurs in ~25% of sarcoidosis cases); relatively normal serum calcium (typical for non-hypercalcemic sarcoidosis)

---

## DIFFERENTIAL DIAGNOSIS:

1. **Early Rheumatoid Arthritis (25%)** — for: polyarticular symmetric inflammatory arthritis, elevated ESR, morning stiffness duration | against: RF negative, ANA negative (though seronegative RA occurs in ~30% of cases), absence of systemic complaints typical of RA, pulmonary cough more suggestive of sarcoidosis

2. **Acute Q Fever or Brucellosis (15%)** — for: polyarthritis in knees/ankles, systemic symptoms, negative RF/ANA | against: no fever/night sweats, no recent exposures documented, cough nonproductive (not typical of Q fever pneumonitis), normal CMP/LFTs

3. **Reactive Arthritis/Post-infectious Arthropathy (15%)** — for: subacute onset, polyarticular, seronegative | against: denies recent GI/GU symptoms or clear triggering infection, duration now 3 weeks with progression rather than self-limited course

4. **Tuberculosis (Poncet Disease) (10%)** — for: polyarthritis, pulmonary involvement, demographics (African American) | against: afebrile, no night sweats/weight loss, no risk factors documented, cough nonproductive and mild

5. **Systemic Lupus Erythematosus (10%)** — for: polyarthritis, systemic symptoms, demographics | against: ANA negative (highly sensitive for SLE, specificity issue acknowledged but makes diagnosis unlikely), no photosensitivity/oral ulcers/dry eyes, no rash

6. **Gout or Crystal Arthropathy (5%)** — for: knee/ankle involvement | against: bilateral symmetric presentation, inflammatory polyarthritis pattern (not monoarticular), no tophi, normal uric acid expected with normal renal function

---

## REASONING:

The clinical presentation is highly suggestive of **sarcoidosis with Löfgren syndrome**, the acute triad of arthritis, hilar lymphadenopathy, and erythema nodosum. While erythema nodosum is absent here, the constellation of seronegative polyarticular arthritis (particularly knee-dominant with classic distribution), pulmonary symptoms with pending imaging, and demographic fit (African American woman, middle-aged) points strongly toward sarcoidosis. The negative RF and ANA effectively exclude classic autoimmune arthritis initially, while the systemic respiratory complaint differentiates this from uncomplicated early RA. The normal serum calcium and routine labs don't exclude sarcoidosis, as hypercalcemia is not required for diagnosis. The 3-week timeline and progressive nature favor an acute systemic process over reactive arthritis, which typically peaks within 2 weeks.

---

## NEXT STEP:

**Chest X-ray findings (most discriminating):** Expect **bilateral hilar lymphadenopathy (Scadding stage I-II)** with or without pulmonary infiltrates. This would substantially elevate sarcoidosis probability to >75-80%. If CXR shows hilar lymphadenopathy, proceed with **serum ACE level and 24-hour urinary calcium** to support diagnosis; **transbronchial biopsy or mediastinal lymph node sampling** would provide definitive histologic confirmation (non-caseating granulomas). Absence of hilar lymphadenopathy would necessitate reconsideration of seronegative RA or other","# RHEUMATOLOGIC DIFFERENTIAL DIAGNOSIS

## PRIMARY DIAGNOSIS: Sarcoidosis with Articular Manifestation
**Confidence: High**

**Supporting findings:**
1. **Polyarticular arthritis pattern** — bilateral knees (with effusions) and ankles in symmetric distribution, characteristic of Löfgren syndrome variant
2. **Systemic features with pulmonary involvement** — nonproductive cough and dyspnea on exertion over 2 weeks, suggesting early pulmonary sarcoidosis
3. **Elevated inflammatory markers without serologic autoimmunity** — ESR 34 mm/hr and CRP 2.8 mg/dL with negative RF and ANA, typical for sarcoidosis; facial flushing may represent erythema nodosum precursor or hypercalcemia

**Findings against:**
None identified — this presentation is highly consistent with Löfgren syndrome (classic triad: erythema nodosum/arthralgias, hilar lymphadenopathy, and restrictive lung disease).

---

## DIFFERENTIAL DIAGNOSIS:

1. **Early Rheumatoid Arthritis (15-20%)** — *for:* symmetric polyarticular knees/ankles with morning stiffness and effusions *|* *against:* negative RF and ANA, absence of MCP/PIP involvement, normal inflammatory burden for RA severity

2. **Acute Viral Arthritis (10-15%)** — *for:* acute onset, polyarticular distribution, systemic symptoms *|* *against:* 3-week duration exceeds typical viral arthritis timeline, lack of prodrome, progressively worsening course suggests non-viral etiology

3. **Reactive Arthritis/Post-infectious Arthritis (8-12%)** — *for:* acute polyartritis with systemic features *|* *against:* no recent GI/GU infection history, respiratory symptoms not typical trigger, lack of conjunctivitis or mucocutaneous findings

4. **Polymyalgia Rheumatica (5-8%)** — *for:* elevated ESR, morning stiffness *|* *against:* age 52 (below typical PMR range of 60+), joint swelling present (PMR is myalgic, not arthritic), lower limb predominance unusual for PMR

5. **Systemic Lupus Erythematosus (5%)** — *for:* polyarticular arthritis, systemic symptoms *|* *against:* negative ANA is highly specific against SLE, African American ethnicity increases pre-test probability but serology is definitive

---

## REASONING:

The clinical presentation strongly suggests **sarcoidosis**, specifically Löfgren syndrome. The constellation of acute polyarticular arthritis (knees >> ankles), elevated but modest inflammatory markers (ESR 34, CRP 2.8), negative autoimmune serology (RF/ANA), and concurrent **new pulmonary symptoms** (nonproductive cough, dyspnea) over 2-3 weeks is pathognomonic for this diagnosis. The facial flushing raises concern for occult hypercalcemia or early erythema nodosum (which may not yet be clinically obvious). Löfgren syndrome accounts for approximately 10-15% of sarcoidosis cases and has excellent prognosis with self-limited course in 70% of patients.

The negative RF and ANA effectively exclude seronegative RA in this context (which would be unusual to present this acutely without polyarticular small joint involvement). The timeline and pulmonary component rule out simple viral or reactive arthritis.

---

## NEXT STEP:

**Chest X-ray (already ordered) — Expected findings:**
- **Hilar lymphadenopathy** (often bilateral, symmetric) with or without perihilar infiltrates
- This would complete the Löfgren classic triad and essentially confirm sarcoidosis diagnosis

**If CXR is abnormal suggesting sarcoidosis:**
- Serum angiotensin-converting enzyme (ACE) level and 24-hour urine calcium to assess hypercalcemia risk and disease activity
- Consider high-resolution CT chest if CXR findings are equivocal
- Skin examination specifically for erythema nodosum (anterior tibial nodules)

**If CXR is normal:**
- Reconsider early RA/seronegative arth",,
gen-026,NONE,NONE,NONE,"# DIFFERENTIAL DIAGNOSIS CONSULTATION

## PRIMARY DIAGNOSIS: Septic Arthritis (Bacterial Joint Infection)
**Confidence: High**

**Supporting findings:**
- Synovial fluid WBC 18,500 cells/µL with 92% neutrophils (markedly inflammatory, consistent with bacterial infection; threshold typically >50,000 but not required for diagnosis)
- Acute monoarticular arthritis with severe pain, large effusion, warmth, and erythema in setting of recent skin inoculation (small shin cut 5 days prior)
- Elevated inflammatory markers (CRP 8.2 mg/dL, ESR 34 mm/hr) with acute presentation over 36 hours

**Findings against:**
- Afebrile (37.1°C) — though absence of fever does not exclude septic arthritis, particularly in diabetic patients with impaired inflammatory response
- Synovial fluid described as ""straw-coloured"" rather than frankly purulent — though appearance is unreliable predictor

---

## DIFFERENTIAL DIAGNOSIS:

1. **Acute Crystal Arthritis (Gout or Pseudogout)** (20%) 
   — *for:* Acute monoarticular presentation, severe pain, large effusion, markedly elevated WBC with neutrophil predominance | *against:* No mention of crystal identification on synovial fluid analysis (polarizing microscopy results not provided); patient afebrile with gradual rise in inflammatory markers rather than hyperacute presentation typical of gout; 5-day antecedent skin wound makes infectious etiology more likely

2. **Acute Inflammatory Arthritis (Rheumatoid Arthritis Flare or Seronegative Spondyloarthropathy)** (5%)
   — *for:* Significant effusion and elevated inflammatory markers | *against:* Acute monoarticular presentation without polyarticular involvement or constitutional symptoms; synovial WBC >10,000 with this degree of neutrophilic predominance atypical for RA flare; no preceding or concurrent symptoms suggestive of systemic inflammatory disease

3. **Post-traumatic Hemarthrosis or Reactive Effusion (Osteoarthritis Flare)** (5%)
   — *for:* History of bilateral knee osteoarthritis; large effusion on imaging | *against:* Patient specifically denies trauma at onset (""sudden while gardening"" without mechanistic injury); marked synovial inflammatory response (WBC 18,500) disproportionate to simple mechanical effusion; recent skin breach with local inflammation suggests infectious seeding rather than mechanical process

---

## REASONING:

This 67-year-old diabetic presents with classic features of septic arthritis: **acute monoarticular arthritis with rapid progression, significant joint inflammation (warmth, erythema, large effusion), severe pain limiting mobility, and a preceding inoculation event** (small laceration 5 days ago allowing bacterial entry). The **synovial fluid analysis is highly supportive**, demonstrating a markedly elevated WBC count with predominant neutrophils (92%), which indicates bacterial infection rather than crystal disease or systemic inflammatory arthropathy. Although he is afebrile, diabetic patients frequently mount blunted febrile responses due to impaired neutrophil function and hyperglycemia (glucose 248 mg/dL at presentation).

The critical discriminator is the **clinical context**: a skin inoculation 5 days prior followed by acute monoarticular arthritis with pyogenic synovial fluid analysis makes hematogenous or lymphatic seeding of bacteria to the joint the most parsimonious explanation. Crystal arthritis remains in the differential only because crystal identification results were not explicitly reported, but the presence of an antecedent cutaneous source makes infection far more likely. Inflammatory arthropathies would present with more insidious onset and typically affect multiple joints.

---

## NEXT STEP:

**Gram stain and bacterial culture of synovial fluid** — *Expected findings:* Identification of gram-positive cocci (likely *Staphylococcus aureus* or *Streptococcus* species from skin flora, or gram-negative rods if compromised host) with growth on aerobic/anaerobic cultures within 24-48 hours. Blood cultures should also be obtained (positive in ~50% of septic arthritis cases). Culture results will confirm diagnosis, identify organism, and guide antibiotic de-escalation.","# DIFFERENTIAL DIAGNOSIS CONSULTATION

## PRIMARY DIAGNOSIS: Septic Arthritis (Bacterial Joint Infection)
**Confidence: High**

**Supporting findings:**
- Synovial fluid WBC 18,500 cells/µL with 92% neutrophils (markedly elevated, typical threshold >50,000 but this meets septic range, especially with acute presentation)
- Acute monoarticular arthritis with severe pain (9/10), inability to bear weight, and severe restriction of motion—classic presentation for septic joint
- Recent skin inoculation (small cut on shin 5 days prior) providing potential portal of entry for bacterial seeding; localized erythema at abrasion site suggests ongoing inflammatory process

**Findings against:**
- Absence of fever (37.1°C is normal); however, immunocompromised states (diabetes) and some organisms can present without fever
- Straw-colored (clear) synovial fluid is less typical for bacterial infection, which usually appears frankly purulent; however, early infection or less virulent organisms may not yet show turbidity

---

## DIFFERENTIAL DIAGNOSIS:

1. **Acute Gout** (15%) — *for:* sudden onset, severe pain, large effusion | *against:* monoarticular gout typically involves first MTP joint, not knee in initial attack; no crystal identification mentioned; hyperuricemia not documented

2. **Acute Rheumatoid Arthritis or other inflammatory arthropathy** (10%) — *for:* joint swelling and systemic inflammation (elevated CRP, ESR) | *against:* monoarticular presentation with such severe acute onset; no mention of symmetric polyarthritis, morning stiffness, or RF/anti-CCP status; RF-negative presentations would be atypical with this acuity

3. **Post-traumatic hemarthrosis or traumatic effusion** (8%) — *for:* sudden onset, large effusion | *against:* patient explicitly denies preceding trauma; X-ray shows no fracture; hemarthrosis would show RBC predominance on fluid analysis (not described as present)

4. **Viral arthritis (e.g., parvovirus B19)** (5%) — *for:* acute effusion and systemic inflammatory markers | *against:* typically polyarticular and symmetric; synovial WBC count is too high and neutrophil predominance too marked for typical viral arthritis

---

## REASONING:

This case presents with a **classic acute septic arthritis picture** in a patient with diabetes (immunocompromising condition). The critical discriminating features are:

1. **Synovial fluid cellular pattern**: WBC 18,500/µL with **92% neutrophils** is pathognomonic for bacterial infection. Viral arthritis shows lymphocytic predominance; gout and non-infectious inflammatory arthropathies show lower WBC counts or mixed patterns.

2. **Portal of entry**: The small laceration 5 days prior with current localized erythema suggests recent skin breach allowing bacteremia and joint seeding—the timeline (5 days) fits bacterial replication within the joint.

3. **Clinical acuity and severity**: Rapid onset over 36 hours with **inability to ambulate, severe pain, and marked restriction of motion** is far more consistent with bacterial infection than gout (where some patients can ambulate) or early RA (which typically progresses over weeks).

4. **Monoarticular presentation**: Unlike RA (polyarticular) or viral arthritis (often polyarticular), septic arthritis classically presents as a single inflamed joint.

5. **Diabetes as risk factor**: Type 2 diabetes with suboptimal glycemic control (glucose 248 mg/dL) significantly elevates septic arthritis risk.

The **straw-colored fluid** is the only atypical feature; however, early bacterial infection or less virulent organisms (e.g., Staphylococcus aureus) can present with non-turbid synovial fluid initially.

---

## NEXT STEP:

**Synovial fluid Gram stain and culture** with sensitivities.

**Expected finding:** Gram-positive cocci in clusters (consistent with *Staphylococcus aureus*, most common pathogen in community-acquired septic arthritis, especially in diabetics) or gram-negative rods. Positive culture would **confirm septic arthritis** and guide antimicrobial therapy. A negative",,
gen-027,NONE,NONE,NONE,"# RHEUMATOLOGIC DIFFERENTIAL DIAGNOSIS

**PRIMARY DIAGNOSIS: Early Rheumatoid Arthritis (RA)**
**Confidence: Medium**

**Supporting findings:**
- Symmetric polyarthritis affecting small joints (PIPs, MCPs) and wrists with characteristic morning stiffness lasting 45 minutes—a hallmark of inflammatory arthritis
- Elevated acute phase reactants (ESR 34, CRP 18) indicating active inflammation
- Improvement with NSAIDs and activity, typical pain pattern for RA

**Findings against:**
- Negative rheumatoid factor and anti-CCP antibodies (seronegative pattern possible but less common at presentation; ~30% of early RA is seronegative)
- Acute onset following URI suggests possible post-infectious trigger rather than primary autoimmune disease

---

## DIFFERENTIAL DIAGNOSIS

1. **Acute Viral Arthritis/Post-Viral Polyarthritis (35%)** — for: acute onset following URI, self-limited timeline (3 weeks), seronegative profile, mild systemic involvement | against: prolonged morning stiffness (45 min) and persistence beyond typical 1-2 weeks suggests more than transient viral arthritis

2. **Acute Rheumatic Fever (ARF) with Polyarthritis (25%)** — for: elevated ASO titer (480 IU/mL), recent pharyngitis (4 weeks prior), symmetric polyarthritis affecting hands/knees, elevated ESR | against: no carditis findings on exam, no typical migratory pattern described, prolonged morning stiffness less characteristic of ARF arthritis

3. **Seronegative RA/Early Inflammatory Arthritis (25%)** — for: symmetric small-joint polyarthritis with wrist involvement, prominent morning stiffness, elevated inflammatory markers, RF/anti-CCP negative compatible with ~30% of early RA | against: very acute onset post-URI atypical for primary autoimmune RA; lack of other systemic features

4. **Other Early Seronegative Spondyloarthropathy (10%)** — for: seronegative profile, inflammatory presentation | against: no axial symptoms, no enthesitis, no dactylitis, no psoriatic/IBD history, no HLA-B27 clinical context

5. **Systemic Lupus Erythematosus (5%)** — for: symmetric polyarthritis, elevated inflammatory markers in young woman | against: negative ANA is highly sensitive for SLE (excludes in ~98% of cases), no rash/photosensitivity/oral ulcers, normal CBC without cytopenias

---

## REASONING

The clinical presentation sits at a critical decision point between **post-infectious reactive arthritis** and **early inflammatory arthropathy**. The 3-week duration with symmetric small-joint involvement, prominent morning stiffness (45 minutes), and elevated acute phase reactants point toward genuine inflammatory arthritis rather than simple viral arthralgia. The negative RF and anti-CCP do not exclude RA—approximately 30% of early RA is seronegative—but the very acute post-URI onset raises the possibility of acute rheumatic fever (supported by elevated ASO titer and recent pharyngitis) or viral-triggered polyarthritis.

The elevated ASO titer is the most discriminating finding: in the context of documented pharyngitis 4 weeks prior, it may represent genuine post-streptococcal sequelae (ARF) rather than incidental elevation. However, the absence of cardinal features of ARF (migratory polyarthritis pattern, carditis) and the persistence of symmetrical small-joint inflammation argues against classic acute rheumatic fever. Seronegative early RA remains the leading diagnostic consideration because the joint pattern (small joints, wrists, morning stiffness duration) is highly specific for inflammatory arthropathy and the seronegativity does not exclude it.

---

## NEXT STEP

**Obtain repeat anti-CCP and rheumatoid factor in 4-6 weeks, combined with clinical reassessment and inflammatory marker trend (ESR/CRP).**

**What to expect:**
- **If anti-CCP or RF converts to positive** → strongly supports RA diagnosis; initiate DMARDs (methotrexate) promptly
- **If markers normalize and arthritis resolves** → supports post-viral or post-streptococcal reactive arthritis (self-limited course expected)","# DIFFERENTIAL DIAGNOSIS CONSULTATION

## PRIMARY DIAGNOSIS: Seronegative Inflammatory Polyarthritis (Early Rheumatoid Arthritis vs. Post-viral Arthritis)

**Confidence: Medium**

**Supporting findings:**
- Symmetric polyarthritis affecting small joints (PIP, MCP) and wrists bilaterally with characteristic morning stiffness lasting 45 minutes—classic pattern for inflammatory arthropathy
- Elevated acute phase reactants (ESR 34, CRP 18) indicating active systemic inflammation
- Acute onset post-URI with progressive spread over 3 weeks (hand→wrist→knee pattern typical of evolving polyarthritis)

**Findings against:**
- Seronegative status (negative RF and anti-CCP) makes seropositive RA less likely, though 20-30% of RA patients remain seronegative
- Symptom onset <4 weeks (too early to fully exclude post-viral arthritis, which typically resolves within 6-8 weeks)

---

## DIFFERENTIAL DIAGNOSIS:

1. **Post-viral Polyarthritis (likely viral or post-streptococcal)** (35%) 
   — *for:* Temporal relationship to URI, acute onset, seronegative status | *against:* Persistence beyond typical 2-week viral arthritis timeline, prominent morning stiffness suggesting inflammatory chronicity

2. **Seronegative Rheumatoid Arthritis** (30%) 
   — *for:* Symmetric small joint involvement, morning stiffness >30 min, elevated ESR/CRP, MCP/PIP/wrist distribution | *against:* Seronegative presentation (though possible), short duration (<4 weeks) before seroconversion typical

3. **Acute Rheumatic Fever (post-streptococcal)** (15%) 
   — *for:* Elevated ASO titer (480, significantly elevated), recent pharyngitis, polyarthritis | *against:* ASO elevation may be incidental; no carditis, chorea, erythema marginatum, or subcutaneous nodules noted; arthritis pattern more symmetric than typical migratory pattern of ARF

4. **Systemic Lupus Erythematosus** (10%) 
   — *for:* Young woman, symmetric polyarthritis, elevated inflammatory markers | *against:* Negative ANA (highly sensitive for SLE); no rash, oral ulcers, photosensitivity, or constitutional symptoms

5. **Early Seronegative Spondyloarthropathy** (10%) 
   — *for:* Seronegative status, acute onset | *against:* No axial symptoms, no HLA-B27 testing mentioned, knee involvement secondary (not typical for SpA)

---

## REASONING:

The clinical presentation of acute-onset symmetric polyarthritis with small joint predominance and prolonged morning stiffness in a previously healthy 42-year-old woman represents a medical crossroads between post-viral arthritis and true inflammatory arthropathy. The timing (3 weeks duration with progressive wrist/knee involvement) and seronegative status (negative RF and anti-CCP) initially favor post-viral etiologies, which can present with symmetric patterns. However, the *degree* of morning stiffness (45 minutes) and persistently elevated acute phase reactants argue against simple viral arthritis, which typically shows rapid improvement. The elevated ASO titer (480 IU/mL) with documented prior pharyngitis raises the specter of acute rheumatic fever, but the absence of major Jones criteria manifestations (carditis, nodules, erythema marginatum, chorea) and the polyarticular non-migratory pattern make this less likely. The most discriminating finding is the seronegative status combined with the symmetric small-joint predominance—this clinical picture is consistent with either seronegative RA (which accounts for ~25-30% of all RA cases) or persistent post-viral inflammation. The distinction will require follow-up serology and time-dependent observation.

---

## NEXT STEP:

**Perform: Repeat RF and anti-CCP antibodies in 4-6 weeks, concurrent with clinical reassessment.**

**Expected finding:** 
- **If seroconversion occurs** (RF or anti-CCP becomes positive) → strongly supports seronegative RA converting to seropositive disease; warrants init",,
gen-028,http://purl.bioontology.org/ontology/AIR/DXRA|http://purl.bioontology.org/ontology/AIR/DXPSO,NONE,NONE,"# RHEUMATOLOGY CONSULTATION: DIFFERENTIAL DIAGNOSIS

---

## PRIMARY DIAGNOSIS: Rheumatoid Arthritis (RA)
**Confidence: High**

**Supporting findings:**
- Symmetric polyarticular involvement of PIP and MCP joints bilaterally with insidious onset over 2-3 weeks—classic distribution and temporal pattern for RA
- Morning stiffness lasting 45 minutes, which meets the ≥30-minute criterion highly suggestive of inflammatory arthritis
- Elevated ESR (32 mm/hr) indicating systemic inflammation; progression over 8 weeks consistent with established RA

**Findings against:**
- Absence of visible erythema or warmth on examination (though soft tissue swelling and tenderness are present and consistent with RA)
- DIP joint involvement (left index), which is atypical for RA but can occur in seronegative disease or overlap presentations

---

## DIFFERENTIAL DIAGNOSIS:

1. **Psoriatic Arthritis (PsA)** (20-25%) — **for:** Family history of psoriasis; DIP involvement (index finger) is characteristic; insidious polyarticular onset | **against:** No visible psoriatic plaques, nail pitting, or skin lesions on current examination; symmetric MCP/PIP pattern less typical than asymmetric DIP-predominant pattern; relatively low inflammatory markers for PsA with systemic involvement

2. **Systemic Lupus Erythematosus (SLE)** (8-12%) — **for:** Female, middle-aged, polyarticular symmetric hand involvement | **against:** Absence of constitutional symptoms (fever, weight loss, photosensitivity); no rash, oral ulcers, or serositis; elevated ESR but modest (more typical of RA); no cytopenias reported

3. **Early Seronegative Spondyloarthritis (undifferentiated)** (5-10%) — **for:** Insidious onset; polyarticular involvement; elevated ESR | **against:** No axial symptoms, enthesitis, or dactylitis noted; no personal history of inflammatory bowel disease or psoriasis; symmetric small joint pattern less typical

4. **Other Inflammatory Polyarthropathies (Mixed Connective Tissue Disease, Overlap Syndrome)** (5-8%) — **for:** Polyarticular presentation with inflammatory markers | **against:** No reported Raynaud's phenomenon, photosensitivity, or systemic features; presentation is relatively monoarticular system involvement

---

## REASONING:

The clinical presentation strongly favors **rheumatoid arthritis** based on the classic triad of: (1) symmetric polyarticular involvement of small joints (PIP, MCP) with characteristic distribution; (2) insidious-to-progressive onset over weeks with morning stiffness ≥30 minutes—a hallmark inflammatory pattern; and (3) elevated inflammatory marker (ESR 32) without constitutional symptoms, typical of early-to-established RA.

**Psoriatic arthritis** remains an important differential given the strong family history of psoriasis and the atypical DIP involvement. However, the complete absence of cutaneous or nail manifestations, combined with a symmetric rather than asymmetric/DIP-predominant pattern, makes this substantially less likely than RA.

**SLE and seronegative spondyloarthritis** are less probable given the lack of systemic or extra-articular features and the predominantly small-joint symmetric distribution, which is more characteristic of RA than these alternatives.

---

## NEXT STEP:

**Obtain rheumatologic serologies: RF (rheumatoid factor), anti-CCP antibodies, ANA, and complement levels (C3/C4); plus CRP and CBC.**

**Expected findings supportive of RA:** Positive RF and/or anti-CCP antibodies (present in ~70-80% of RA); elevated CRP; normal complement and ANA negativity would essentially rule out SLE. Seronegative pattern would shift probability toward PsA or other seronegative inflammatory arthritis but would not exclude RA (which is seronegative in ~30% of cases). Anti-CCP positivity is particularly high-specificity for RA even in early disease and would substantially increase confidence in the primary diagnosis.","# DIFFERENTIAL DIAGNOSIS ANALYSIS

**PRIMARY DIAGNOSIS: Rheumatoid Arthritis**
**Confidence: High**

**Supporting findings:**
- Symmetric polyarticular involvement of PIP and MCP joints bilaterally in a classic distribution (hallmark of RA)
- Morning stiffness lasting 45 minutes, indicating inflammatory etiology
- Elevated ESR (32) consistent with active systemic inflammation

**Findings against:**
- None identified; presentation is highly typical for RA onset

---

## DIFFERENTIAL DIAGNOSIS:

1. **Rheumatoid Arthritis (75%)** — *for:* Symmetric PIP/MCP involvement, morning stiffness >30 min, elevated ESR, insidious onset over weeks, female gender, middle age | *against:* None; awaiting serology

2. **Psoriatic Arthritis (18%)** — *for:* Family history of psoriasis (mother), possible DIP involvement (left index), asymmetric features possible | *against:* No visible psoriasis on skin/nails, predominant PIP-MCP pattern is atypical (PsA favors DIP), no dactylitis or enthesitis reported

3. **Seronegative Spondyloarthropathy/Early Inflammatory Arthritis (5%)** — *for:* Elevated ESR, polyarticular onset | *against:* No axial symptoms, no HLA-B27 clinical context, symmetric distribution argues against seronegative SpA

4. **Systemic Lupus Erythematosus (2%)** — *for:* Female, polyarthritis, elevated ESR | *against:* No constitutional symptoms, no mention of photosensitivity/rash/oral ulcers, hand involvement typically non-erosive and reversible

---

## REASONING:

This patient presents a classic picture of early rheumatoid arthritis with the strongest discriminating features being: (1) **symmetric polyarticular involvement** of the functionally significant MCP and PIP joints bilaterally—the signature distribution of RA; (2) **morning stiffness >30 minutes**, a hallmark of inflammatory arthritis that specifically favors RA over mechanical processes; and (3) **elevated ESR (32)** indicating systemic inflammation. The 8-week duration is consistent with RA's typical insidious onset. While a family history of psoriasis in the mother raises consideration of psoriatic arthritis, the clinical presentation argues strongly against it: PsA characteristically affects DIP joints *first* and shows asymmetry with dactylitis and nail changes—none of which are prominent here. The absence of visible skin/nail findings further reduces PsA probability. The symmetric PIP-MCP predominance with morning stiffness is virtually pathognomonic for RA. Seronegative presentations exist but remain less likely given this typical phenotype.

---

## NEXT STEP:

**Rheumatoid Factor (RF) and anti-CCP antibodies** — expect both to be **positive** (titer ≥1:80 for RF, anti-CCP >20 U/mL). A positive anti-CCP would essentially confirm RA diagnosis even if RF is negative, as anti-CCP is highly specific (95-98%) and associated with erosive disease. Additionally, obtain **high-resolution ultrasound or MRI of hands** to assess for early synovitis, synovial hypertrophy, and subclinical erosions, which would further support RA and allow baseline documentation for prognostication and treatment response monitoring.",,
gen-029,http://purl.bioontology.org/ontology/AIR/DXPMR|http://purl.bioontology.org/ontology/AIR/DXRA,NONE,NONE,"# RHEUMATOLOGY CONSULTATION REPORT

## PRIMARY DIAGNOSIS: Polymyalgia Rheumatica (PMR)
**Confidence: High**

**Supporting findings:**
- Age >65 with acute onset bilateral symmetric proximal muscle girdle pain (shoulders and hips)
- Severe morning stiffness lasting 90 minutes with gradual improvement—classic for PMR
- Elevated inflammatory markers (ESR 44 mm/hr, CRP 8.2 mg/L) in appropriate clinical context with systemic features (fatigue, weight loss, mild anemia)

**Findings against:**
- Weak positive rheumatoid factor is atypical (though RF positivity occurs in ~5-10% of PMR); Anti-CCP negativity actually supports PMR over rheumatoid arthritis

---

## DIFFERENTIAL DIAGNOSIS:

1. **Rheumatoid Arthritis (Seronegative or Early)** (15-20%) — for: elevated ESR/CRP, weak RF positivity, symmetric bilateral involvement | against: absence of synovitis on exam, no small joint involvement, anti-CCP negative, preserved joint spaces on imaging, no erosions, prominent morning stiffness atypical for RA distribution

2. **Large Vessel Vasculitis (Giant Cell Arteritis variant or Takayasu)** (5-10%) — for: age >65, elevated inflammatory markers, constitutional symptoms | against: no temporal headache/vision changes/jaw claudication, no pulse deficits, no carotid/aortic imaging abnormalities documented, proximal girdle pain more typical of PMR than isolated vasculitis

3. **Hypothyroidism (Undertreated)** (3-5%) — for: history of hypothyroidism, fatigue, mild anemia | against: TSH 2.1 mIU/L is well-controlled on current therapy, does not explain elevated ESR/CRP or acute onset 90-minute morning stiffness pattern

4. **Systemic Lupus Erythematosus or other Connective Tissue Disease** (2-5%) — for: constitutional symptoms, anemia, elevated inflammatory markers | against: no rash, photosensitivity, oral ulcers, or serositis; seronegative profile; no typical SLE clinical features; age and demographic less typical

5. **Drug-Induced or Statin-Related Myopathy** (2-3%) — for: muscle discomfort, elevated ESR | against: not on statin therapy documented, no elevated CK, symmetric proximal pattern atypical, stiffness rather than true myalgia predominates

---

## REASONING:

This 68-year-old presents with the **classic pentad of PMR**: age >65, acute-onset symmetric bilateral proximal shoulder and hip pain, severe morning stiffness (90 minutes), elevated inflammatory markers (ESR 44, CRP 8.2), and systemic features (fatigue, weight loss, mild normocytic anemia). The **absence of synovitis on physical examination** and **negative anti-CCP** effectively exclude RA; the weak RF positivity in this context is a red herring, as RF can be weakly positive in ~10% of PMR cases and does not indicate rheumatoid disease. The **preserved joint architecture on imaging** and **lack of hand involvement** further support PMR over inflammatory arthropathy. The pattern of **pain-free improvement with movement** and **prolonged morning stiffness specifically in proximal muscles** is pathognomonic for PMR's distinctive inflammatory myalgia pattern. While giant cell arteritis (GCA) shares the age group and inflammatory profile, the absence of cranial symptoms, vision changes, or vascular findings makes isolated GCA unlikely; however, **temporal artery ultrasound or GCA screening remains essential** given the risk of concurrent GCA in ~15-20% of PMR patients.

---

## NEXT STEP:

**Obtain temporal artery ultrasound (or temporal artery biopsy if ultrasound concerning) to exclude concurrent Giant Cell Arteritis prior to initiating corticosteroid therapy.**

*Expected finding:* Normal temporal artery intima-media thickness without halo sign or compression signs (would support PMR without GCA). If ultrasound is concerning or performed clinically, biopsy would show either granulomatous vasculitis (confirming GCA) or normal vessel (confirming isolated PMR).

**Secondary confirmatory step","# RHEUMATOLOGY CONSULTATION: DIFFERENTIAL DIAGNOSIS

---

## PRIMARY DIAGNOSIS: Polymyalgia Rheumatica (PMR)

**Confidence: High**

**Supporting findings:**
- **Age and demographics**: 68-year-old female (PMR typically affects patients >50 years, mean age 70)
- **Bilateral proximal girdle pain with prominent morning stiffness (90 minutes)**: Classic for PMR; stiffness that improves with activity is pathognomonic
- **Markedly elevated acute phase reactants**: ESR 44 mm/hr and CRP 8.2 mg/L in the context of proximal myalgia

**Findings against:**
- None identified; clinical presentation is textbook for PMR

---

## DIFFERENTIAL DIAGNOSIS:

1. **Rheumatoid Arthritis (RA)** (15%) — *for*: weak positive rheumatoid factor, elevated inflammatory markers, morning stiffness | *against*: negative anti-CCP (highly specific for RA), absence of synovitis on exam, no small joint involvement, normal hand imaging, pain localized to proximal girdle only

2. **Ankylosing Spondylitis/Axial Spondyloarthropathy** (5%) — *for*: morning stiffness improving with motion, elevated ESR | *against*: no axial spine pain, bilateral hip/shoulder girdle involvement (not typical presentation), female gender with late-life onset (male predominance, usually younger), no sacroiliac involvement documented

3. **Malignancy-associated syndrome or other systemic disease** (3%) — *for*: unintentional weight loss (4 lbs), fatigue, constitutional symptoms | *against*: no other systemic manifestations, normal metabolic panel, no lymphadenopathy on exam, mild anemia is explained by chronic inflammation

---

## REASONING:

This 68-year-old woman presents with the classic tetrad of polymyalgia rheumatica: **age >50, bilateral symmetric proximal girdle pain (shoulders and hips), morning stiffness lasting >45 minutes that improves with activity, and markedly elevated inflammatory markers (ESR 44, CRP 8.2)**. The absence of synovitis on examination and normal small joint imaging effectively excludes rheumatoid arthritis, despite the weakly positive rheumatoid factor—which occurs in 5-10% of the healthy elderly and is nonspecific. The negative anti-CCP antibody further argues strongly against RA, as this is present in 95% of seropositive RA patients. The clinical distribution of pain (proximal shoulders and buttocks) rather than axial spine makes spondyloarthropathy unlikely. The mild normocytic anemia and constitutional symptoms (fatigue, weight loss) are typical accompaniments of PMR's systemic inflammatory state. The dramatic functional impairment (difficulty rising from chair, overhead limitation) disproportionate to any detectable joint swelling is characteristic. PMR responds rapidly and dramatically to low-dose corticosteroids (typically 15-20 mg prednisone daily), which would distinguish it from other diagnoses if clinical uncertainty remained.

---

## NEXT STEP:

**Temporal Artery Ultrasound (or alternatively, ESR trending and consideration of temporal artery biopsy)** to exclude **Giant Cell Arteritis (GCA)**, which coexists in 15-20% of PMR patients and is critical to identify before initiating steroid therapy.

**Expected finding**: Normal arterial wall thickness and absence of hypoechoic halo sign would exclude GCA; if present, biopsy would be required despite normal findings to confirm GCA diagnosis before low-dose corticosteroids are begun (GCA requires higher initial steroid doses to prevent blindness from arteritic anterior ischemic optic neuropathy).

**Clinical pearl**: Initiate prednisone 15-20 mg daily (or equivalent) pending vascular imaging. Expect dramatic improvement in stiffness and pain within 48-72 hours if PMR is confirmed; failure to improve would prompt reconsideration of diagnosis.",,
gen-030,http://purl.bioontology.org/ontology/AIR/DXPMR|NONE,NONE,NONE,"# RHEUMATOLOGIC DIFFERENTIAL DIAGNOSIS CONSULTATION

## PRIMARY DIAGNOSIS: Fibromyalgia Syndrome
**Confidence:** Medium

**Supporting findings:**
- Widespread musculoskeletal pain (neck, low back, shoulders, hips, bilateral thighs) with multiple tender points on examination (trapezius, supraspinatus, lateral epicondyles, greater trochanters bilaterally)
- Profound fatigue and sleep disturbance with unrefreshing sleep pattern (multiple nocturnal awakenings)
- Absence of clinical synovitis, normal inflammatory markers, and negative autoimmune serology despite significant symptom burden

**Findings against:**
- Age 65 with 4-month symptom duration (fibromyalgia typically develops in middle-aged adults but presentation timeline is compatible)
- None identified as strongly contradictory; however, the clinical presentation could equally represent an early inflammatory arthropathy

---

## DIFFERENTIAL DIAGNOSIS:

1. **Polymyalgia Rheumatica (PMR)** (35%) — for: age >60, bilateral shoulder and hip girdle pain with morning stiffness 30-45 minutes, fatigue | against: ESR only 18 mm/hr (typically >50 in PMR), no temporal artery tenderness or vision symptoms reported, CRP mildly elevated

2. **Early Rheumatoid Arthritis or Seronegative Inflammatory Arthropathy** (25%) — for: 4-month progressive course, bilateral symmetric shoulder/hip involvement, morning stiffness | against: negative RF and anti-CCP, absence of synovitis on examination, only borderline inflammatory markers

3. **Systemic Lupus Erythematosus or Connective Tissue Disease** (15%) — for: fatigue, sleep disturbance, widespread pain, night sweats | against: negative ANA (highly sensitive in SLE), normal CBC, normal metabolic panel, no rash or other systemic manifestations

4. **Hypothyroidism/Myxedema** (10%) — for: fatigue, widespread aching, sleep disturbance, morning stiffness | against: TSH documented as normal, no weight gain or cold intolerance mentioned

5. **Sleep Disorder with Secondary Musculoskeletal Pain** (10%) — for: profound sleep disruption with multiple nocturnal awakenings as primary driver | against: pain preceded sleep complaints; tender point examination findings suggest primary pain pathology

6. **Myositis or Inflammatory Myopathy** (5%) — for: widespread muscle pain and fatigue | against: no focal weakness, normal CK not mentioned but no elevation suggested, no muscle atrophy on examination

---

## REASONING:

This case presents a clinically challenging overlap between fibromyalgia and polymyalgia rheumatica, with seronegative inflammatory arthropathy remaining in the differential. The **absence of synovitis clinically** is a critical discriminating feature that argues against typical rheumatoid arthritis, yet the **symmetric bilateral shoulder and hip involvement with morning stiffness** is classic for PMR. However, the **ESR of only 18 mm/hr with CRP 4 mg/L is atypical for PMR**, which typically presents with marked elevation of acute phase reactants (ESR often >50). The presence of **widespread tender points beyond the shoulder and hip girdles** (trapezius, lateral epicondyles, greater trochanters) and **prominent sleep disturbance with fatigue disproportionate to objective inflammatory findings** shift probability toward fibromyalgia. The **negative autoimmune serology (RF, anti-CCP, ANA) and normal TSH** effectively exclude systemic autoimmune disease and endocrinopathy. PMR remains the primary competing diagnosis given age and distribution; seronegative inflammatory arthropathy cannot be fully excluded without imaging.

---

## NEXT STEP:

**Obtain bilateral shoulder and hip ultrasound or MRI to evaluate for subdeltoid/subacromial bursal effusions, hip capsular effusions, or synovitis.**

**Expected finding:** 
- **If fibromyalgia:** No structural abnormalities, no bursal or synovial effusions
- **If PMR:** Characteristic subdeltoid/subacromial bursal effusions and/or hip capsular distension (highly specific for PMR, present in 80-90% of cases)
- This single imaging study would substantially increase confidence in","# DIFFERENTIAL DIAGNOSIS ANALYSIS

## PRIMARY DIAGNOSIS: Fibromyalgia Syndrome
**Confidence: Medium**

**Supporting findings:**
- Widespread tender points at characteristic sites (trapezius, supraspinatus, lateral epicondyles, greater trochanters bilaterally)
- Profound fatigue and sleep disturbance (multiple nighttime awakenings) as prominent features
- Normal/borderline inflammatory markers (ESR 18, CRP 4) despite significant symptom burden and 4-month duration
- Absence of objective joint synovitis or swelling on examination despite patient's pain severity

**Findings against:**
- Morning stiffness duration (30-45 minutes) is notable; while fibromyalgia can cause stiffness, this prominence might suggest inflammatory etiology
- Night sweats present (though patient denies fever/weight loss); typically absent in primary fibromyalgia

---

## DIFFERENTIAL DIAGNOSIS:

1. **Polymyalgia Rheumatica (PMR)** (30%) — for: Bilateral proximal shoulder/hip pain, morning stiffness in elderly woman, constitutional fatigue | against: ESR only mildly elevated (18 mm/hr); CRP normal; typically ESR >40-50 expected; no temporal arteritis symptoms (headache, scalp tenderness, vision changes)

2. **Ankylosing Spondylitis or Axial Spondyloarthropathy** (15%) — for: Morning stiffness improving with activity, prominent back/neck involvement, overnight pain disrupting sleep | against: Female gender (though possible); no sacroiliac joint tenderness on examination; negative inflammatory markers argue against active axial inflammation; no history of uveitis or inflammatory bowel disease

3. **Hypothyroidism or Other Endocrine Disorder** (10%) — for: Fatigue, widespread aching, sleep disturbance | against: TSH documented normal; no weight gain, cold intolerance, or other classic features

4. **Early Rheumatoid Arthritis or other Seronegative Inflammatory Arthritis** (10%) — for: Bilateral symmetric symptoms, morning stiffness, fatigue | against: Negative RF and anti-CCP; absence of synovitis on examination; normal CRP/ESR; pain predominantly girdle/generalized rather than polyarticular

5. **Sleep Disorder (Primary) with Secondary Musculoskeletal Complaints** (25%) — for: Profound sleep disturbance is dominant feature; multiple nightly awakenings; tender points often amplified by poor sleep; normal labs | against: 4-month progressive course suggests organic pathology; morning stiffness specific to shoulders/hips rather than generalized

6. **Depression with Somatization** (10%) — for: Fatigue, sleep disturbance, widespread pain, normal physical exam | against: No depressed mood documented; relatively specific tender point distribution; active morning stiffness is more organic than purely psychosomatic

---

## REASONING:

This case presents a classic challenge in rheumatology: significant somatic complaints with only mildly elevated inflammatory markers. The **normal ESR/CRP is the pivotal finding** that argues against systemic inflammatory disease as the primary etiology. Polymyalgia rheumatica, while the ontology algorithm highlights, typically presents with ESR >40 mm/hr and CRP elevation proportional to symptom severity; this patient's markers are borderline despite 4 months of progressive symptoms and functional impairment—atypical for active PMR.

The **characteristic tender point distribution** (trapezius, supraspinatus, lateral epicondyles, greater trochanters) aligns with fibromyalgia diagnostic criteria and is notably *absent* of true synovitis, which would be expected in inflammatory conditions. However, the **prominence of morning stiffness and night pain improvement with motion** introduces uncertainty—these features favor inflammatory disease over pure fibromyalgia. The **sleep disturbance as a dominant feature** is crucial: it is both a hallmark of fibromyalgia AND a perpetuating factor that can amplify pain perception across multiple etiologies.

The absence of systemic features (no fever, weight loss, or constitutional illness beyond fatigue) reduces likelihood of malignancy, infection, or vasculitis. The **negative autoimmune serology** (RF, anti-CCP, ANA) substantially lowers probability of seropositive or seronegative inflammatory arthritis, though",,
