case_id,model_key,model_name,rag_context,top_k,retrieved_chunks
gen-001,minilm,all-MiniLM-L6-v2,"RELEVANT ONTOLOGY KNOWLEDGE:

[1] Polymyalgia Rheumatica (relevance: 0.673)
    Clinical keywords: polymyalgia rheumatica proximal stiffness shoulder girdle hip girdle ESR elevated CRP steroid responsive prednisone 15mg elderly bilateral aching morning stiffness temporal arteritis GCA
    Associated findings by system: (13):
  - Arterial biopsy, eosinophilic granulomatous vasculitis
  - Arterial biopsy, giant cell arteritis
  - Arterial biopsy, necrotizing vasculitis
  - Arterial biopsy, vasculitis
  - Cranial arteritis, clinical finding only
  - Favorable response to treatment
  - Giant cell arteritis
  - Lumbar spine pain and/or morning stiffness or night pain of the back, improving with motion
  - Morning st…

[2] Rheumatoid Arthritis (relevance: 0.627)
    Clinical keywords: rheumatoid arthritis symmetric polyarthritis RF anti-CCP morning stiffness erosions MCP PIP wrist synovitis pannus
    Associated findings by system: (21):
  - Articular erosion(s) present
  - Chronic uveitis or iridocyclitis
  - Family history of rheumatoid arthritis
  - Growth retardation
  - Hemochromatosis
  - Hyperparathyroidism
  - Kerato conjunctivitis sicca
  - Lyme arthritis
  - MCP joints : arthralgia with or without swelling
  - MCP joints: synovial soft tissue swelling
  - RA factor, titer 1: (positive is greater than 1:80)
  - Ray…

[3] Psoriatic Arthritis (relevance: 0.555)
    Clinical keywords: psoriatic arthritis psoriasis DIP dactylitis nail pitting sausage digit asymmetric oligoarthritis enthesitis
    Associated findings by system: (13):
  - DIP joints: arthralgia with or without swelling
  - DIP joints: bony joint enlargement, Heberden's nodes
  - DIP joints: synovial soft tissue swelling
  - Extra-articular swelling of hands or fingers (i.e., sausage finger or dactylitis)
  - Juxta-articular swelling (sausage toe)
  - Nail pitting
  - Pain or paresthesias, median nerve distribution
  - Pain with palpation and/or swelling …

[4] Lumbar spine pain and/or morning stiffness or night pain of the back, improving with motion (relevance: 0.536)
    Body system: Spine complaint
    Diagnostic relevance: It is a typical complaint of ankylosing spondylitis or other inflammatory diseases of the spine.
    Assessment: Assessed by history. Ask if the patient ever wakes up at night with back pain or stiffness that subsides after some exercise. Report as present or absent.
    Linked diagnoses: DXANK, DXPMR

[5] Ankylosing Spondylitis (relevance: 0.526)
    Clinical keywords…",5,"[{""label"": ""Polymyalgia Rheumatica"", ""score"": 0.6732}, {""label"": ""Rheumatoid Arthritis"", ""score"": 0.6272}, {""label"": ""Psoriatic Arthritis"", ""score"": 0.5547}, {""label"": ""Lumbar spine pain and/or morning stiffness or night pain of the back, improving with motion"", ""score"": 0.536}, {""label"": ""Ankylosing Spondylitis"", ""score"": 0.526}]"
gen-002,minilm,all-MiniLM-L6-v2,"RELEVANT ONTOLOGY KNOWLEDGE:

[1] Psoriatic Arthritis (relevance: 0.531)
    Clinical keywords: psoriatic arthritis psoriasis DIP dactylitis nail pitting sausage digit asymmetric oligoarthritis enthesitis
    Associated findings by system: (13):
  - DIP joints: arthralgia with or without swelling
  - DIP joints: bony joint enlargement, Heberden's nodes
  - DIP joints: synovial soft tissue swelling
  - Extra-articular swelling of hands or fingers (i.e., sausage finger or dactylitis)
  - Juxta-articular swelling (sausage toe)
  - Nail pitting
  - Pain or paresthesias, median nerve distribution
  - Pain with palpation and/or swelling …

[2] Rheumatoid Arthritis (relevance: 0.514)
    Clinical keywords: rheumatoid arthritis symmetric polyarthritis RF anti-CCP morning stiffness erosions MCP PIP wrist synovitis pannus
    Associated findings by system: (21):
  - Articular erosion(s) present
  - Chronic uveitis or iridocyclitis
  - Family history of rheumatoid arthritis
  - Growth retardation
  - Hemochromatosis
  - Hyperparathyroidism
  - Kerato conjunctivitis sicca
  - Lyme arthritis
  - MCP joints : arthralgia with or without swelling
  - MCP joints: synovial soft tissue swelling
  - RA factor, titer 1: (positive is greater than 1:80)
  - Ray…

[3] Primary Raynaud's (relevance: 0.511)

[4] DIP joints: arthralgia with or without swelling (relevance: 0.499)
    Body system: Joint or joint related complaint
    Linked diagnoses: DXPSO

[5] Extra-articular swelling of hands or fingers (i.e., sausage finger or dactylitis) (relevance: 0.489)
    Body system: Joint or joint related complaint
    Linked diagnoses: DXPSO",5,"[{""label"": ""Psoriatic Arthritis"", ""score"": 0.5312}, {""label"": ""Rheumatoid Arthritis"", ""score"": 0.5139}, {""label"": ""Primary Raynaud's"", ""score"": 0.5109}, {""label"": ""DIP joints: arthralgia with or without swelling"", ""score"": 0.4988}, {""label"": ""Extra-articular swelling of hands or fingers (i.e., sausage finger or dactylitis)"", ""score"": 0.489}]"
gen-003,minilm,all-MiniLM-L6-v2,"RELEVANT ONTOLOGY KNOWLEDGE:

[1] Rheumatoid Arthritis (relevance: 0.636)
    Clinical keywords: rheumatoid arthritis symmetric polyarthritis RF anti-CCP morning stiffness erosions MCP PIP wrist synovitis pannus
    Associated findings by system: (21):
  - Articular erosion(s) present
  - Chronic uveitis or iridocyclitis
  - Family history of rheumatoid arthritis
  - Growth retardation
  - Hemochromatosis
  - Hyperparathyroidism
  - Kerato conjunctivitis sicca
  - Lyme arthritis
  - MCP joints : arthralgia with or without swelling
  - MCP joints: synovial soft tissue swelling
  - RA factor, titer 1: (positive is greater than 1:80)
  - Ray…

[2] Polymyalgia Rheumatica (relevance: 0.585)
    Clinical keywords: polymyalgia rheumatica proximal stiffness shoulder girdle hip girdle ESR elevated CRP steroid responsive prednisone 15mg elderly bilateral aching morning stiffness temporal arteritis GCA
    Associated findings by system: (13):
  - Arterial biopsy, eosinophilic granulomatous vasculitis
  - Arterial biopsy, giant cell arteritis
  - Arterial biopsy, necrotizing vasculitis
  - Arterial biopsy, vasculitis
  - Cranial arteritis, clinical finding only
  - Favorable response to treatment
  - Giant cell arteritis
  - Lumbar spine pain and/or morning stiffness or night pain of the back, improving with motion
  - Morning st…

[3] Extra-articular swelling of hands or fingers (i.e., sausage finger or dactylitis) (relevance: 0.550)
    Body system: Joint or joint related complaint
    Linked diagnoses: DXPSO

[4] MCP joints : arthralgia with or without swelling (relevance: 0.542)
    Body system: Joint or joint related complaint
    Linked diagnoses: DXRA

[5] Psoriatic Arthritis (relevance: 0.540)
    Clinical keywords: psoriatic arthritis psoriasis DIP dactylitis nail pitting sausage digit asymmetric oligoarthritis enthesitis
    Associated findings by system: (13):
  - DIP joints: arthralgia with or without swelling
  - DIP joints: bony joint enlargement, Heberden's nodes
  - DIP joints: synovial soft tissue swelling
  - Extra-articular swelling of hands or fingers (i.e., sausage finger or dactylitis)
  - Juxta-articular swelling (sausage toe)
  - Nail pitting
  - Pain or paresthesias, median nerve distribution
  - Pain with palpation and/or swelling …",5,"[{""label"": ""Rheumatoid Arthritis"", ""score"": 0.6358}, {""label"": ""Polymyalgia Rheumatica"", ""score"": 0.5845}, {""label"": ""Extra-articular swelling of hands or fingers (i.e., sausage finger or dactylitis)"", ""score"": 0.5498}, {""label"": ""MCP joints : arthralgia with or without swelling"", ""score"": 0.5422}, {""label"": ""Psoriatic Arthritis"", ""score"": 0.5404}]"
gen-004,minilm,all-MiniLM-L6-v2,"RELEVANT ONTOLOGY KNOWLEDGE:

[1] Psoriatic Arthritis (relevance: 0.577)
    Clinical keywords: psoriatic arthritis psoriasis DIP dactylitis nail pitting sausage digit asymmetric oligoarthritis enthesitis
    Associated findings by system: (13):
  - DIP joints: arthralgia with or without swelling
  - DIP joints: bony joint enlargement, Heberden's nodes
  - DIP joints: synovial soft tissue swelling
  - Extra-articular swelling of hands or fingers (i.e., sausage finger or dactylitis)
  - Juxta-articular swelling (sausage toe)
  - Nail pitting
  - Pain or paresthesias, median nerve distribution
  - Pain with palpation and/or swelling …

[2] Lyme arthritis (relevance: 0.554)
    Body system: Present or past infectious disease
    Diagnostic relevance: Lyme arthritis can sometimes be confused with rheumatic fever or with pauciarticular juvenile rheumatoid arthritis, and thus must be excluded when diagnosing the two latter diseases.
    Assessment: Lyme arthritis is typically brief (one week) but recurrent. The large joints are usually involved, particularly the knee. When the knee is involved it is usually more swollen than painful. As noted, t…
    Linked diagnoses: DXRA

[3] Rheumatoid Arthritis (relevance: 0.546)
    Clinical keywords: rheumatoid arthritis symmetric polyarthritis RF anti-CCP morning stiffness erosions MCP PIP wrist synovitis pannus
    Associated findings by system: (21):
  - Articular erosion(s) present
  - Chronic uveitis or iridocyclitis
  - Family history of rheumatoid arthritis
  - Growth retardation
  - Hemochromatosis
  - Hyperparathyroidism
  - Kerato conjunctivitis sicca
  - Lyme arthritis
  - MCP joints : arthralgia with or without swelling
  - MCP joints: synovial soft tissue swelling
  - RA factor, titer 1: (positive is greater than 1:80)
  - Ray…

[4] Raynaud's phenomenon (by history or observed) (relevance: 0.515)
    Body system: Joint or joint related complaint
    Diagnostic relevance: Raynaud's phenomenon may occur in mixed connective tissue disease, systemic lupus erythematosus, progressive systemic sclerosis, poly- myositis/dermatomyositis, and rheumatoid arthritis associated with Sjogren's syndrome.
    Assessment: In Raynaud's phenomenon there are three classic color changes of the fingers or toes. First, vasoconstriction results in a white blanching of the fingertips. Second, vasodilatation with sludging of va…
    Linked diagnoses: DXRA, DXSLE

[5] Chronic uveitis or iridocyclitis (relevance: 0.510)
    Body system: …",5,"[{""label"": ""Psoriatic Arthritis"", ""score"": 0.5768}, {""label"": ""Lyme arthritis"", ""score"": 0.5544}, {""label"": ""Rheumatoid Arthritis"", ""score"": 0.5457}, {""label"": ""Raynaud's phenomenon (by history or observed)"", ""score"": 0.5146}, {""label"": ""Chronic uveitis or iridocyclitis"", ""score"": 0.5099}]"
gen-005,minilm,all-MiniLM-L6-v2,"RELEVANT ONTOLOGY KNOWLEDGE:

[1] Polymyalgia Rheumatica (relevance: 0.538)
    Clinical keywords: polymyalgia rheumatica proximal stiffness shoulder girdle hip girdle ESR elevated CRP steroid responsive prednisone 15mg elderly bilateral aching morning stiffness temporal arteritis GCA
    Associated findings by system: (13):
  - Arterial biopsy, eosinophilic granulomatous vasculitis
  - Arterial biopsy, giant cell arteritis
  - Arterial biopsy, necrotizing vasculitis
  - Arterial biopsy, vasculitis
  - Cranial arteritis, clinical finding only
  - Favorable response to treatment
  - Giant cell arteritis
  - Lumbar spine pain and/or morning stiffness or night pain of the back, improving with motion
  - Morning st…

[2] Rheumatoid Arthritis (relevance: 0.532)
    Clinical keywords: rheumatoid arthritis symmetric polyarthritis RF anti-CCP morning stiffness erosions MCP PIP wrist synovitis pannus
    Associated findings by system: (21):
  - Articular erosion(s) present
  - Chronic uveitis or iridocyclitis
  - Family history of rheumatoid arthritis
  - Growth retardation
  - Hemochromatosis
  - Hyperparathyroidism
  - Kerato conjunctivitis sicca
  - Lyme arthritis
  - MCP joints : arthralgia with or without swelling
  - MCP joints: synovial soft tissue swelling
  - RA factor, titer 1: (positive is greater than 1:80)
  - Ray…

[3] Hemochromatosis (relevance: 0.513)
    Body system: Concomitant or past diseases, Rheumatic illness with extraarticular and/or constitutional features (fever, rash, pleurisy,etc) OR Systemic illness with rheumatic manifestation
    Diagnostic relevance: Hemochromatosis is an autosomal recessive disease that produces an arthritis similar to osteoarthritis or pseudogout.
    Assessment: Hemochromatosis is diagnosed by the typical physical and radiographic findings supported by elevated serum iron concentrations and high transferrin saturations. Serum ferritin is also markedly elevate…
    Linked diagnoses: DXGT, DXRA

[4] Raynaud's phenomenon (by history or observed) (relevance: 0.499)
    Body system: Joint or joint related complaint
    Diagnostic relevance: Raynaud's phenomenon may occur in mixed connective tissue disease, systemic lupus erythematosus, progressive systemic sclerosis, poly- myositis/dermatomyositis, and rheumatoid arthritis associated with Sjogren's syndrome.
    Assessment: In Raynaud's phenomenon there are three classic color changes of the fingers or toes. First, vasoconstriction results in a white blanching of the …",5,"[{""label"": ""Polymyalgia Rheumatica"", ""score"": 0.5376}, {""label"": ""Rheumatoid Arthritis"", ""score"": 0.5321}, {""label"": ""Hemochromatosis"", ""score"": 0.5134}, {""label"": ""Raynaud's phenomenon (by history or observed)"", ""score"": 0.4989}, {""label"": ""Psoriatic Arthritis"", ""score"": 0.4844}]"
gen-006,minilm,all-MiniLM-L6-v2,"RELEVANT ONTOLOGY KNOWLEDGE:

[1] Raynaud's phenomenon (by history or observed) (relevance: 0.565)
    Body system: Joint or joint related complaint
    Diagnostic relevance: Raynaud's phenomenon may occur in mixed connective tissue disease, systemic lupus erythematosus, progressive systemic sclerosis, poly- myositis/dermatomyositis, and rheumatoid arthritis associated with Sjogren's syndrome.
    Assessment: In Raynaud's phenomenon there are three classic color changes of the fingers or toes. First, vasoconstriction results in a white blanching of the fingertips. Second, vasodilatation with sludging of va…
    Linked diagnoses: DXRA, DXSLE

[2] Rheumatoid Arthritis (relevance: 0.532)
    Clinical keywords: rheumatoid arthritis symmetric polyarthritis RF anti-CCP morning stiffness erosions MCP PIP wrist synovitis pannus
    Associated findings by system: (21):
  - Articular erosion(s) present
  - Chronic uveitis or iridocyclitis
  - Family history of rheumatoid arthritis
  - Growth retardation
  - Hemochromatosis
  - Hyperparathyroidism
  - Kerato conjunctivitis sicca
  - Lyme arthritis
  - MCP joints : arthralgia with or without swelling
  - MCP joints: synovial soft tissue swelling
  - RA factor, titer 1: (positive is greater than 1:80)
  - Ray…

[3] Chronic uveitis or iridocyclitis (relevance: 0.484)
    Body system: Eyes and vision
    Diagnostic relevance: Iridocyclitis may be one of the signs of juvenile rheumatoid arthritis (especially of pauciarticular onset), ankylosing spondylitis, Reiter's syndrome, or sarcoidosis.
    Assessment: Iridocyclitis may be asymptomatic or symptomatic. In the asymptomatic form, which is usually seen in juvenile rheumatoid arthritis, the onset is insidious and the physical findings minimal initially. …
    Linked diagnoses: DXANK, DXRA

[4] Psoriatic Arthritis (relevance: 0.484)
    Clinical keywords: psoriatic arthritis psoriasis DIP dactylitis nail pitting sausage digit asymmetric oligoarthritis enthesitis
    Associated findings by system: (13):
  - DIP joints: arthralgia with or without swelling
  - DIP joints: bony joint enlargement, Heberden's nodes
  - DIP joints: synovial soft tissue swelling
  - Extra-articular swelling of hands or fingers (i.e., sausage finger or dactylitis)
  - Juxta-articular swelling (sausage toe)
  - Nail pitting
  - Pain or paresthesias, median nerve distribution
  - Pain with palpation and/or swelling …

[5] Primary Raynaud's (relevance: 0.470)",5,"[{""label"": ""Raynaud's phenomenon (by history or observed)"", ""score"": 0.5649}, {""label"": ""Rheumatoid Arthritis"", ""score"": 0.5323}, {""label"": ""Chronic uveitis or iridocyclitis"", ""score"": 0.4841}, {""label"": ""Psoriatic Arthritis"", ""score"": 0.484}, {""label"": ""Primary Raynaud's"", ""score"": 0.4705}]"
gen-007,minilm,all-MiniLM-L6-v2,"RELEVANT ONTOLOGY KNOWLEDGE:

[1] Polymyalgia Rheumatica (relevance: 0.523)
    Clinical keywords: polymyalgia rheumatica proximal stiffness shoulder girdle hip girdle ESR elevated CRP steroid responsive prednisone 15mg elderly bilateral aching morning stiffness temporal arteritis GCA
    Associated findings by system: (13):
  - Arterial biopsy, eosinophilic granulomatous vasculitis
  - Arterial biopsy, giant cell arteritis
  - Arterial biopsy, necrotizing vasculitis
  - Arterial biopsy, vasculitis
  - Cranial arteritis, clinical finding only
  - Favorable response to treatment
  - Giant cell arteritis
  - Lumbar spine pain and/or morning stiffness or night pain of the back, improving with motion
  - Morning st…

[2] Hyperparathyroidism (relevance: 0.462)
    Body system: Concomitant or past diseases, Rheumatic illness with extraarticular and/or constitutional features (fever, rash, pleurisy,etc) OR Systemic illness with rheumatic manifestation
    Diagnostic relevance: Several rheumatological disorders are associated with hyperpara- thyroidism. First, hyperuricemia and gouty arthritis (which may mimic hyperparathyroidism with renal stone formation and colic) have an increased incidence in patients with hyperparathyroidism. Second, patients with primary hyperparathyroidism show an increased incidence of chondrocalcinosis with episodes of calcium pyrophosphate cry…
    Linked diagnoses: DXGT, DXRA

[3] Rheumatoid Arthritis (relevance: 0.458)
    Clinical keywords: rheumatoid arthritis symmetric polyarthritis RF anti-CCP morning stiffness erosions MCP PIP wrist synovitis pannus
    Associated findings by system: (21):
  - Articular erosion(s) present
  - Chronic uveitis or iridocyclitis
  - Family history of rheumatoid arthritis
  - Growth retardation
  - Hemochromatosis
  - Hyperparathyroidism
  - Kerato conjunctivitis sicca
  - Lyme arthritis
  - MCP joints : arthralgia with or without swelling
  - MCP joints: synovial soft tissue swelling
  - RA factor, titer 1: (positive is greater than 1:80)
  - Ray…

[4] Psoriatic Arthritis (relevance: 0.457)
    Clinical keywords: psoriatic arthritis psoriasis DIP dactylitis nail pitting sausage digit asymmetric oligoarthritis enthesitis
    Associated findings by system: (13):
  - DIP joints: arthralgia with or without swelling
  - DIP joints: bony joint enlargement, Heberden's nodes
  - DIP joints: synovial soft tissue swelling
  - Extra-articular swelling of hands or fingers (i.e., sausage finger or dactylitis)
  …",5,"[{""label"": ""Polymyalgia Rheumatica"", ""score"": 0.5229}, {""label"": ""Hyperparathyroidism"", ""score"": 0.462}, {""label"": ""Rheumatoid Arthritis"", ""score"": 0.4582}, {""label"": ""Psoriatic Arthritis"", ""score"": 0.4568}, {""label"": ""Hemochromatosis"", ""score"": 0.4382}]"
gen-008,minilm,all-MiniLM-L6-v2,"RELEVANT ONTOLOGY KNOWLEDGE:

[1] Gout (relevance: 0.552)
    Clinical keywords: gout monosodium urate crystals MTP podagra hyperuricemia negatively birefringent acute monoarthritis
    Associated findings by system: (13):
  - Chondrocalcinosis present
  - Family history of gout
  - Gouty tophus or erosion, not proven by biopsy or needle aspiration
  - Hemochromatosis
  - Hyperparathyroidism
  - MTP 1 joints: Arthralgia present
  - MTP 1 joints: synovial swelling
  - MTP 2-5 joints: Arthralgia present
  - MTP 2-5 joints: synovial swelling
  - Serum uric acid (normal 1.5 to 8.0 mg/dl)
  - Serum uric acid, high…

[2] Polymyalgia Rheumatica (relevance: 0.531)
    Clinical keywords: polymyalgia rheumatica proximal stiffness shoulder girdle hip girdle ESR elevated CRP steroid responsive prednisone 15mg elderly bilateral aching morning stiffness temporal arteritis GCA
    Associated findings by system: (13):
  - Arterial biopsy, eosinophilic granulomatous vasculitis
  - Arterial biopsy, giant cell arteritis
  - Arterial biopsy, necrotizing vasculitis
  - Arterial biopsy, vasculitis
  - Cranial arteritis, clinical finding only
  - Favorable response to treatment
  - Giant cell arteritis
  - Lumbar spine pain and/or morning stiffness or night pain of the back, improving with motion
  - Morning st…

[3] Hyperparathyroidism (relevance: 0.507)
    Body system: Concomitant or past diseases, Rheumatic illness with extraarticular and/or constitutional features (fever, rash, pleurisy,etc) OR Systemic illness with rheumatic manifestation
    Diagnostic relevance: Several rheumatological disorders are associated with hyperpara- thyroidism. First, hyperuricemia and gouty arthritis (which may mimic hyperparathyroidism with renal stone formation and colic) have an increased incidence in patients with hyperparathyroidism. Second, patients with primary hyperparathyroidism show an increased incidence of chondrocalcinosis with episodes of calcium pyrophosphate cry…
    Linked diagnoses: DXGT, DXRA

[4] Psoriatic Arthritis (relevance: 0.437)
    Clinical keywords: psoriatic arthritis psoriasis DIP dactylitis nail pitting sausage digit asymmetric oligoarthritis enthesitis
    Associated findings by system: (13):
  - DIP joints: arthralgia with or without swelling
  - DIP joints: bony joint enlargement, Heberden's nodes
  - DIP joints: synovial soft tissue swelling
  - Extra-articular swelling of hands or fingers (i.e., sausage finger or dactylitis)
  - Juxta-articular swelling (sa…",5,"[{""label"": ""Gout"", ""score"": 0.5518}, {""label"": ""Polymyalgia Rheumatica"", ""score"": 0.5306}, {""label"": ""Hyperparathyroidism"", ""score"": 0.5071}, {""label"": ""Psoriatic Arthritis"", ""score"": 0.4374}, {""label"": ""Rheumatoid Arthritis"", ""score"": 0.4327}]"
gen-009,minilm,all-MiniLM-L6-v2,"RELEVANT ONTOLOGY KNOWLEDGE:

[1] Gout (relevance: 0.559)
    Clinical keywords: gout monosodium urate crystals MTP podagra hyperuricemia negatively birefringent acute monoarthritis
    Associated findings by system: (13):
  - Chondrocalcinosis present
  - Family history of gout
  - Gouty tophus or erosion, not proven by biopsy or needle aspiration
  - Hemochromatosis
  - Hyperparathyroidism
  - MTP 1 joints: Arthralgia present
  - MTP 1 joints: synovial swelling
  - MTP 2-5 joints: Arthralgia present
  - MTP 2-5 joints: synovial swelling
  - Serum uric acid (normal 1.5 to 8.0 mg/dl)
  - Serum uric acid, high…

[2] Polymyalgia Rheumatica (relevance: 0.551)
    Clinical keywords: polymyalgia rheumatica proximal stiffness shoulder girdle hip girdle ESR elevated CRP steroid responsive prednisone 15mg elderly bilateral aching morning stiffness temporal arteritis GCA
    Associated findings by system: (13):
  - Arterial biopsy, eosinophilic granulomatous vasculitis
  - Arterial biopsy, giant cell arteritis
  - Arterial biopsy, necrotizing vasculitis
  - Arterial biopsy, vasculitis
  - Cranial arteritis, clinical finding only
  - Favorable response to treatment
  - Giant cell arteritis
  - Lumbar spine pain and/or morning stiffness or night pain of the back, improving with motion
  - Morning st…

[3] Psoriatic Arthritis (relevance: 0.542)
    Clinical keywords: psoriatic arthritis psoriasis DIP dactylitis nail pitting sausage digit asymmetric oligoarthritis enthesitis
    Associated findings by system: (13):
  - DIP joints: arthralgia with or without swelling
  - DIP joints: bony joint enlargement, Heberden's nodes
  - DIP joints: synovial soft tissue swelling
  - Extra-articular swelling of hands or fingers (i.e., sausage finger or dactylitis)
  - Juxta-articular swelling (sausage toe)
  - Nail pitting
  - Pain or paresthesias, median nerve distribution
  - Pain with palpation and/or swelling …

[4] Rheumatoid Arthritis (relevance: 0.522)
    Clinical keywords: rheumatoid arthritis symmetric polyarthritis RF anti-CCP morning stiffness erosions MCP PIP wrist synovitis pannus
    Associated findings by system: (21):
  - Articular erosion(s) present
  - Chronic uveitis or iridocyclitis
  - Family history of rheumatoid arthritis
  - Growth retardation
  - Hemochromatosis
  - Hyperparathyroidism
  - Kerato conjunctivitis sicca
  - Lyme arthritis
  - MCP joints : arthralgia with or without swelling
  - MCP joints: synovial soft tissue swelling
  - RA factor, titer 1…",5,"[{""label"": ""Gout"", ""score"": 0.5589}, {""label"": ""Polymyalgia Rheumatica"", ""score"": 0.5511}, {""label"": ""Psoriatic Arthritis"", ""score"": 0.5416}, {""label"": ""Rheumatoid Arthritis"", ""score"": 0.5222}, {""label"": ""Hyperparathyroidism"", ""score"": 0.522}]"
gen-010,minilm,all-MiniLM-L6-v2,"RELEVANT ONTOLOGY KNOWLEDGE:

[1] Psoriatic Arthritis (relevance: 0.698)
    Clinical keywords: psoriatic arthritis psoriasis DIP dactylitis nail pitting sausage digit asymmetric oligoarthritis enthesitis
    Associated findings by system: (13):
  - DIP joints: arthralgia with or without swelling
  - DIP joints: bony joint enlargement, Heberden's nodes
  - DIP joints: synovial soft tissue swelling
  - Extra-articular swelling of hands or fingers (i.e., sausage finger or dactylitis)
  - Juxta-articular swelling (sausage toe)
  - Nail pitting
  - Pain or paresthesias, median nerve distribution
  - Pain with palpation and/or swelling …

[2] Rheumatoid Arthritis (relevance: 0.592)
    Clinical keywords: rheumatoid arthritis symmetric polyarthritis RF anti-CCP morning stiffness erosions MCP PIP wrist synovitis pannus
    Associated findings by system: (21):
  - Articular erosion(s) present
  - Chronic uveitis or iridocyclitis
  - Family history of rheumatoid arthritis
  - Growth retardation
  - Hemochromatosis
  - Hyperparathyroidism
  - Kerato conjunctivitis sicca
  - Lyme arthritis
  - MCP joints : arthralgia with or without swelling
  - MCP joints: synovial soft tissue swelling
  - RA factor, titer 1: (positive is greater than 1:80)
  - Ray…

[3] Raynaud's phenomenon (by history or observed) (relevance: 0.560)
    Body system: Joint or joint related complaint
    Diagnostic relevance: Raynaud's phenomenon may occur in mixed connective tissue disease, systemic lupus erythematosus, progressive systemic sclerosis, poly- myositis/dermatomyositis, and rheumatoid arthritis associated with Sjogren's syndrome.
    Assessment: In Raynaud's phenomenon there are three classic color changes of the fingers or toes. First, vasoconstriction results in a white blanching of the fingertips. Second, vasodilatation with sludging of va…
    Linked diagnoses: DXRA, DXSLE

[4] Polymyalgia Rheumatica (relevance: 0.554)
    Clinical keywords: polymyalgia rheumatica proximal stiffness shoulder girdle hip girdle ESR elevated CRP steroid responsive prednisone 15mg elderly bilateral aching morning stiffness temporal arteritis GCA
    Associated findings by system: (13):
  - Arterial biopsy, eosinophilic granulomatous vasculitis
  - Arterial biopsy, giant cell arteritis
  - Arterial biopsy, necrotizing vasculitis
  - Arterial biopsy, vasculitis
  - Cranial arteritis, clinical finding only
  - Favorable response to treatment
  - Giant cell arteritis
  - Lumbar spine pain and/or morning s…",5,"[{""label"": ""Psoriatic Arthritis"", ""score"": 0.6984}, {""label"": ""Rheumatoid Arthritis"", ""score"": 0.5919}, {""label"": ""Raynaud's phenomenon (by history or observed)"", ""score"": 0.5601}, {""label"": ""Polymyalgia Rheumatica"", ""score"": 0.5536}, {""label"": ""Gout"", ""score"": 0.5525}]"
gen-011,minilm,all-MiniLM-L6-v2,"RELEVANT ONTOLOGY KNOWLEDGE:

[1] Psoriatic Arthritis (relevance: 0.710)
    Clinical keywords: psoriatic arthritis psoriasis DIP dactylitis nail pitting sausage digit asymmetric oligoarthritis enthesitis
    Associated findings by system: (13):
  - DIP joints: arthralgia with or without swelling
  - DIP joints: bony joint enlargement, Heberden's nodes
  - DIP joints: synovial soft tissue swelling
  - Extra-articular swelling of hands or fingers (i.e., sausage finger or dactylitis)
  - Juxta-articular swelling (sausage toe)
  - Nail pitting
  - Pain or paresthesias, median nerve distribution
  - Pain with palpation and/or swelling …

[2] Rheumatoid Arthritis (relevance: 0.671)
    Clinical keywords: rheumatoid arthritis symmetric polyarthritis RF anti-CCP morning stiffness erosions MCP PIP wrist synovitis pannus
    Associated findings by system: (21):
  - Articular erosion(s) present
  - Chronic uveitis or iridocyclitis
  - Family history of rheumatoid arthritis
  - Growth retardation
  - Hemochromatosis
  - Hyperparathyroidism
  - Kerato conjunctivitis sicca
  - Lyme arthritis
  - MCP joints : arthralgia with or without swelling
  - MCP joints: synovial soft tissue swelling
  - RA factor, titer 1: (positive is greater than 1:80)
  - Ray…

[3] Polymyalgia Rheumatica (relevance: 0.590)
    Clinical keywords: polymyalgia rheumatica proximal stiffness shoulder girdle hip girdle ESR elevated CRP steroid responsive prednisone 15mg elderly bilateral aching morning stiffness temporal arteritis GCA
    Associated findings by system: (13):
  - Arterial biopsy, eosinophilic granulomatous vasculitis
  - Arterial biopsy, giant cell arteritis
  - Arterial biopsy, necrotizing vasculitis
  - Arterial biopsy, vasculitis
  - Cranial arteritis, clinical finding only
  - Favorable response to treatment
  - Giant cell arteritis
  - Lumbar spine pain and/or morning stiffness or night pain of the back, improving with motion
  - Morning st…

[4] Raynaud's phenomenon (by history or observed) (relevance: 0.543)
    Body system: Joint or joint related complaint
    Diagnostic relevance: Raynaud's phenomenon may occur in mixed connective tissue disease, systemic lupus erythematosus, progressive systemic sclerosis, poly- myositis/dermatomyositis, and rheumatoid arthritis associated with Sjogren's syndrome.
    Assessment: In Raynaud's phenomenon there are three classic color changes of the fingers or toes. First, vasoconstriction results in a white blanching of the fingertips. Seco…",5,"[{""label"": ""Psoriatic Arthritis"", ""score"": 0.7098}, {""label"": ""Rheumatoid Arthritis"", ""score"": 0.6706}, {""label"": ""Polymyalgia Rheumatica"", ""score"": 0.5896}, {""label"": ""Raynaud's phenomenon (by history or observed)"", ""score"": 0.5426}, {""label"": ""Hyperparathyroidism"", ""score"": 0.5335}]"
gen-012,minilm,all-MiniLM-L6-v2,"RELEVANT ONTOLOGY KNOWLEDGE:

[1] Rheumatoid Arthritis (relevance: 0.608)
    Clinical keywords: rheumatoid arthritis symmetric polyarthritis RF anti-CCP morning stiffness erosions MCP PIP wrist synovitis pannus
    Associated findings by system: (21):
  - Articular erosion(s) present
  - Chronic uveitis or iridocyclitis
  - Family history of rheumatoid arthritis
  - Growth retardation
  - Hemochromatosis
  - Hyperparathyroidism
  - Kerato conjunctivitis sicca
  - Lyme arthritis
  - MCP joints : arthralgia with or without swelling
  - MCP joints: synovial soft tissue swelling
  - RA factor, titer 1: (positive is greater than 1:80)
  - Ray…

[2] Lyme arthritis (relevance: 0.597)
    Body system: Present or past infectious disease
    Diagnostic relevance: Lyme arthritis can sometimes be confused with rheumatic fever or with pauciarticular juvenile rheumatoid arthritis, and thus must be excluded when diagnosing the two latter diseases.
    Assessment: Lyme arthritis is typically brief (one week) but recurrent. The large joints are usually involved, particularly the knee. When the knee is involved it is usually more swollen than painful. As noted, t…
    Linked diagnoses: DXRA

[3] Psoriatic Arthritis (relevance: 0.583)
    Clinical keywords: psoriatic arthritis psoriasis DIP dactylitis nail pitting sausage digit asymmetric oligoarthritis enthesitis
    Associated findings by system: (13):
  - DIP joints: arthralgia with or without swelling
  - DIP joints: bony joint enlargement, Heberden's nodes
  - DIP joints: synovial soft tissue swelling
  - Extra-articular swelling of hands or fingers (i.e., sausage finger or dactylitis)
  - Juxta-articular swelling (sausage toe)
  - Nail pitting
  - Pain or paresthesias, median nerve distribution
  - Pain with palpation and/or swelling …

[4] Polymyalgia Rheumatica (relevance: 0.581)
    Clinical keywords: polymyalgia rheumatica proximal stiffness shoulder girdle hip girdle ESR elevated CRP steroid responsive prednisone 15mg elderly bilateral aching morning stiffness temporal arteritis GCA
    Associated findings by system: (13):
  - Arterial biopsy, eosinophilic granulomatous vasculitis
  - Arterial biopsy, giant cell arteritis
  - Arterial biopsy, necrotizing vasculitis
  - Arterial biopsy, vasculitis
  - Cranial arteritis, clinical finding only
  - Favorable response to treatment
  - Giant cell arteritis
  - Lumbar spine pain and/or morning stiffness or night pain of the back, improving with motion
  - Morning st…

…",5,"[{""label"": ""Rheumatoid Arthritis"", ""score"": 0.6075}, {""label"": ""Lyme arthritis"", ""score"": 0.5973}, {""label"": ""Psoriatic Arthritis"", ""score"": 0.5827}, {""label"": ""Polymyalgia Rheumatica"", ""score"": 0.5806}, {""label"": ""DIP joints: arthralgia with or without swelling"", ""score"": 0.5356}]"
gen-013,minilm,all-MiniLM-L6-v2,"RELEVANT ONTOLOGY KNOWLEDGE:

[1] Lumbar spine pain and/or morning stiffness or night pain of the back, improving with motion (relevance: 0.635)
    Body system: Spine complaint
    Diagnostic relevance: It is a typical complaint of ankylosing spondylitis or other inflammatory diseases of the spine.
    Assessment: Assessed by history. Ask if the patient ever wakes up at night with back pain or stiffness that subsides after some exercise. Report as present or absent.
    Linked diagnoses: DXANK, DXPMR

[2] Polymyalgia Rheumatica (relevance: 0.610)
    Clinical keywords: polymyalgia rheumatica proximal stiffness shoulder girdle hip girdle ESR elevated CRP steroid responsive prednisone 15mg elderly bilateral aching morning stiffness temporal arteritis GCA
    Associated findings by system: (13):
  - Arterial biopsy, eosinophilic granulomatous vasculitis
  - Arterial biopsy, giant cell arteritis
  - Arterial biopsy, necrotizing vasculitis
  - Arterial biopsy, vasculitis
  - Cranial arteritis, clinical finding only
  - Favorable response to treatment
  - Giant cell arteritis
  - Lumbar spine pain and/or morning stiffness or night pain of the back, improving with motion
  - Morning st…

[3] Ankylosing Spondylitis (relevance: 0.575)
    Clinical keywords: ankylosing spondylitis HLA-B27 sacroiliitis syndesmophytes inflammatory back pain morning stiffness axial spondyloarthropathy
    Associated findings by system: (9):
  - Ankylosing spondylitis
  - Chronic uveitis or iridocyclitis
  - Family history of ankylosing spondylitis or related disease
  - HLA B27 antibody
  - Limitation of lumbar motion, Schober's test <5 cm (2 \"")
  - Lumbar spine pain and/or morning stiffness or night pain of the back, improving with motion
  - Sacro-iliac joints: pain elicited by stress-test
  - Sacroiliitis
  - Syndesmophytes

[4] Rheumatoid Arthritis (relevance: 0.504)
    Clinical keywords: rheumatoid arthritis symmetric polyarthritis RF anti-CCP morning stiffness erosions MCP PIP wrist synovitis pannus
    Associated findings by system: (21):
  - Articular erosion(s) present
  - Chronic uveitis or iridocyclitis
  - Family history of rheumatoid arthritis
  - Growth retardation
  - Hemochromatosis
  - Hyperparathyroidism
  - Kerato conjunctivitis sicca
  - Lyme arthritis
  - MCP joints : arthralgia with or without swelling
  - MCP joints: synovial soft tissue swelling
  - RA factor, titer 1: (positive is greater than 1:80)
  - Ray…

[5] Sacro-iliac joints: pain elicited by stress-…",5,"[{""label"": ""Lumbar spine pain and/or morning stiffness or night pain of the back, improving with motion"", ""score"": 0.6347}, {""label"": ""Polymyalgia Rheumatica"", ""score"": 0.6095}, {""label"": ""Ankylosing Spondylitis"", ""score"": 0.5746}, {""label"": ""Rheumatoid Arthritis"", ""score"": 0.5044}, {""label"": ""Sacro-iliac joints: pain elicited by stress-test"", ""score"": 0.45}]"
gen-014,minilm,all-MiniLM-L6-v2,"RELEVANT ONTOLOGY KNOWLEDGE:

[1] Psoriatic Arthritis (relevance: 0.587)
    Clinical keywords: psoriatic arthritis psoriasis DIP dactylitis nail pitting sausage digit asymmetric oligoarthritis enthesitis
    Associated findings by system: (13):
  - DIP joints: arthralgia with or without swelling
  - DIP joints: bony joint enlargement, Heberden's nodes
  - DIP joints: synovial soft tissue swelling
  - Extra-articular swelling of hands or fingers (i.e., sausage finger or dactylitis)
  - Juxta-articular swelling (sausage toe)
  - Nail pitting
  - Pain or paresthesias, median nerve distribution
  - Pain with palpation and/or swelling …

[2] Polymyalgia Rheumatica (relevance: 0.564)
    Clinical keywords: polymyalgia rheumatica proximal stiffness shoulder girdle hip girdle ESR elevated CRP steroid responsive prednisone 15mg elderly bilateral aching morning stiffness temporal arteritis GCA
    Associated findings by system: (13):
  - Arterial biopsy, eosinophilic granulomatous vasculitis
  - Arterial biopsy, giant cell arteritis
  - Arterial biopsy, necrotizing vasculitis
  - Arterial biopsy, vasculitis
  - Cranial arteritis, clinical finding only
  - Favorable response to treatment
  - Giant cell arteritis
  - Lumbar spine pain and/or morning stiffness or night pain of the back, improving with motion
  - Morning st…

[3] Rheumatoid Arthritis (relevance: 0.552)
    Clinical keywords: rheumatoid arthritis symmetric polyarthritis RF anti-CCP morning stiffness erosions MCP PIP wrist synovitis pannus
    Associated findings by system: (21):
  - Articular erosion(s) present
  - Chronic uveitis or iridocyclitis
  - Family history of rheumatoid arthritis
  - Growth retardation
  - Hemochromatosis
  - Hyperparathyroidism
  - Kerato conjunctivitis sicca
  - Lyme arthritis
  - MCP joints : arthralgia with or without swelling
  - MCP joints: synovial soft tissue swelling
  - RA factor, titer 1: (positive is greater than 1:80)
  - Ray…

[4] Ankylosing Spondylitis (relevance: 0.545)
    Clinical keywords: ankylosing spondylitis HLA-B27 sacroiliitis syndesmophytes inflammatory back pain morning stiffness axial spondyloarthropathy
    Associated findings by system: (9):
  - Ankylosing spondylitis
  - Chronic uveitis or iridocyclitis
  - Family history of ankylosing spondylitis or related disease
  - HLA B27 antibody
  - Limitation of lumbar motion, Schober's test <5 cm (2 \"")
  - Lumbar spine pain and/or morning stiffness or night pain of the back, improving with motion
  - …",5,"[{""label"": ""Psoriatic Arthritis"", ""score"": 0.5869}, {""label"": ""Polymyalgia Rheumatica"", ""score"": 0.5645}, {""label"": ""Rheumatoid Arthritis"", ""score"": 0.5521}, {""label"": ""Ankylosing Spondylitis"", ""score"": 0.5454}, {""label"": ""Gout"", ""score"": 0.5081}]"
gen-015,minilm,all-MiniLM-L6-v2,"RELEVANT ONTOLOGY KNOWLEDGE:

[1] Chronic uveitis or iridocyclitis (relevance: 0.620)
    Body system: Eyes and vision
    Diagnostic relevance: Iridocyclitis may be one of the signs of juvenile rheumatoid arthritis (especially of pauciarticular onset), ankylosing spondylitis, Reiter's syndrome, or sarcoidosis.
    Assessment: Iridocyclitis may be asymptomatic or symptomatic. In the asymptomatic form, which is usually seen in juvenile rheumatoid arthritis, the onset is insidious and the physical findings minimal initially. …
    Linked diagnoses: DXANK, DXRA

[2] Rheumatoid Arthritis (relevance: 0.576)
    Clinical keywords: rheumatoid arthritis symmetric polyarthritis RF anti-CCP morning stiffness erosions MCP PIP wrist synovitis pannus
    Associated findings by system: (21):
  - Articular erosion(s) present
  - Chronic uveitis or iridocyclitis
  - Family history of rheumatoid arthritis
  - Growth retardation
  - Hemochromatosis
  - Hyperparathyroidism
  - Kerato conjunctivitis sicca
  - Lyme arthritis
  - MCP joints : arthralgia with or without swelling
  - MCP joints: synovial soft tissue swelling
  - RA factor, titer 1: (positive is greater than 1:80)
  - Ray…

[3] Ankylosing Spondylitis (relevance: 0.566)
    Clinical keywords: ankylosing spondylitis HLA-B27 sacroiliitis syndesmophytes inflammatory back pain morning stiffness axial spondyloarthropathy
    Associated findings by system: (9):
  - Ankylosing spondylitis
  - Chronic uveitis or iridocyclitis
  - Family history of ankylosing spondylitis or related disease
  - HLA B27 antibody
  - Limitation of lumbar motion, Schober's test <5 cm (2 \"")
  - Lumbar spine pain and/or morning stiffness or night pain of the back, improving with motion
  - Sacro-iliac joints: pain elicited by stress-test
  - Sacroiliitis
  - Syndesmophytes

[4] Polymyalgia Rheumatica (relevance: 0.544)
    Clinical keywords: polymyalgia rheumatica proximal stiffness shoulder girdle hip girdle ESR elevated CRP steroid responsive prednisone 15mg elderly bilateral aching morning stiffness temporal arteritis GCA
    Associated findings by system: (13):
  - Arterial biopsy, eosinophilic granulomatous vasculitis
  - Arterial biopsy, giant cell arteritis
  - Arterial biopsy, necrotizing vasculitis
  - Arterial biopsy, vasculitis
  - Cranial arteritis, clinical finding only
  - Favorable response to treatment
  - Giant cell arteritis
  - Lumbar spine pain and/or morning stiffness or night pain of the back, improving with motion
  - Mor…",5,"[{""label"": ""Chronic uveitis or iridocyclitis"", ""score"": 0.62}, {""label"": ""Rheumatoid Arthritis"", ""score"": 0.5759}, {""label"": ""Ankylosing Spondylitis"", ""score"": 0.5657}, {""label"": ""Polymyalgia Rheumatica"", ""score"": 0.5439}, {""label"": ""Sacroiliitis"", ""score"": 0.5266}]"
gen-016,minilm,all-MiniLM-L6-v2,"RELEVANT ONTOLOGY KNOWLEDGE:

[1] Polymyalgia Rheumatica (relevance: 0.613)
    Clinical keywords: polymyalgia rheumatica proximal stiffness shoulder girdle hip girdle ESR elevated CRP steroid responsive prednisone 15mg elderly bilateral aching morning stiffness temporal arteritis GCA
    Associated findings by system: (13):
  - Arterial biopsy, eosinophilic granulomatous vasculitis
  - Arterial biopsy, giant cell arteritis
  - Arterial biopsy, necrotizing vasculitis
  - Arterial biopsy, vasculitis
  - Cranial arteritis, clinical finding only
  - Favorable response to treatment
  - Giant cell arteritis
  - Lumbar spine pain and/or morning stiffness or night pain of the back, improving with motion
  - Morning st…

[2] Lumbar spine pain and/or morning stiffness or night pain of the back, improving with motion (relevance: 0.545)
    Body system: Spine complaint
    Diagnostic relevance: It is a typical complaint of ankylosing spondylitis or other inflammatory diseases of the spine.
    Assessment: Assessed by history. Ask if the patient ever wakes up at night with back pain or stiffness that subsides after some exercise. Report as present or absent.
    Linked diagnoses: DXANK, DXPMR

[3] Ankylosing Spondylitis (relevance: 0.512)
    Clinical keywords: ankylosing spondylitis HLA-B27 sacroiliitis syndesmophytes inflammatory back pain morning stiffness axial spondyloarthropathy
    Associated findings by system: (9):
  - Ankylosing spondylitis
  - Chronic uveitis or iridocyclitis
  - Family history of ankylosing spondylitis or related disease
  - HLA B27 antibody
  - Limitation of lumbar motion, Schober's test <5 cm (2 \"")
  - Lumbar spine pain and/or morning stiffness or night pain of the back, improving with motion
  - Sacro-iliac joints: pain elicited by stress-test
  - Sacroiliitis
  - Syndesmophytes

[4] Pain with restricted abduction and/or rotation (relevance: 0.497)
    Body system: Joint or joint related complaint
    Diagnostic relevance: This maneuver is the single best test for disease of the shoulder joint itself. Elevation and abduction of the shoulder can be performed by moving the scapula with a fixed glenohumeral joint. External rotation cannot be compensated in this way. Restricted external rotation is most prominent in RA and polymyalgia rheumatica.
    Assessment: Patient in sitting position, elbow flexed 90 degrees. Rotate forearm outwards. Normal is 80-90 degrees.
    Linked diagnoses: DXPMR

[5] Rheumatoid Arthritis (relevance: 0.440)
  …",5,"[{""label"": ""Polymyalgia Rheumatica"", ""score"": 0.6126}, {""label"": ""Lumbar spine pain and/or morning stiffness or night pain of the back, improving with motion"", ""score"": 0.5455}, {""label"": ""Ankylosing Spondylitis"", ""score"": 0.512}, {""label"": ""Pain with restricted abduction and/or rotation"", ""score"": 0.4967}, {""label"": ""Rheumatoid Arthritis"", ""score"": 0.4403}]"
gen-017,minilm,all-MiniLM-L6-v2,"RELEVANT ONTOLOGY KNOWLEDGE:

[1] Polymyalgia Rheumatica (relevance: 0.635)
    Clinical keywords: polymyalgia rheumatica proximal stiffness shoulder girdle hip girdle ESR elevated CRP steroid responsive prednisone 15mg elderly bilateral aching morning stiffness temporal arteritis GCA
    Associated findings by system: (13):
  - Arterial biopsy, eosinophilic granulomatous vasculitis
  - Arterial biopsy, giant cell arteritis
  - Arterial biopsy, necrotizing vasculitis
  - Arterial biopsy, vasculitis
  - Cranial arteritis, clinical finding only
  - Favorable response to treatment
  - Giant cell arteritis
  - Lumbar spine pain and/or morning stiffness or night pain of the back, improving with motion
  - Morning st…

[2] Lumbar spine pain and/or morning stiffness or night pain of the back, improving with motion (relevance: 0.515)
    Body system: Spine complaint
    Diagnostic relevance: It is a typical complaint of ankylosing spondylitis or other inflammatory diseases of the spine.
    Assessment: Assessed by history. Ask if the patient ever wakes up at night with back pain or stiffness that subsides after some exercise. Report as present or absent.
    Linked diagnoses: DXANK, DXPMR

[3] Ankylosing Spondylitis (relevance: 0.511)
    Clinical keywords: ankylosing spondylitis HLA-B27 sacroiliitis syndesmophytes inflammatory back pain morning stiffness axial spondyloarthropathy
    Associated findings by system: (9):
  - Ankylosing spondylitis
  - Chronic uveitis or iridocyclitis
  - Family history of ankylosing spondylitis or related disease
  - HLA B27 antibody
  - Limitation of lumbar motion, Schober's test <5 cm (2 \"")
  - Lumbar spine pain and/or morning stiffness or night pain of the back, improving with motion
  - Sacro-iliac joints: pain elicited by stress-test
  - Sacroiliitis
  - Syndesmophytes

[4] Sacro-iliac joints: pain elicited by stress-test (relevance: 0.463)
    Body system: Spine complaint
    Diagnostic relevance: A positive stress test is a weak indication of sacroiliitis or of another disease process involving the SI-joints
    Assessment: There are four methods to apply stress to the SI-joints: 1. compression on the side, while the patient is lying on one side; 2. posterior compression on the sacrum; 3. anterior compression on the spin…
    Linked diagnoses: DXANK

[5] Psoriatic Arthritis (relevance: 0.456)
    Clinical keywords: psoriatic arthritis psoriasis DIP dactylitis nail pitting sausage digit asymmetric oligoarthritis enthesitis
…",5,"[{""label"": ""Polymyalgia Rheumatica"", ""score"": 0.6351}, {""label"": ""Lumbar spine pain and/or morning stiffness or night pain of the back, improving with motion"", ""score"": 0.5149}, {""label"": ""Ankylosing Spondylitis"", ""score"": 0.5107}, {""label"": ""Sacro-iliac joints: pain elicited by stress-test"", ""score"": 0.4625}, {""label"": ""Psoriatic Arthritis"", ""score"": 0.4563}]"
gen-018,minilm,all-MiniLM-L6-v2,"RELEVANT ONTOLOGY KNOWLEDGE:

[1] Polymyalgia Rheumatica (relevance: 0.599)
    Clinical keywords: polymyalgia rheumatica proximal stiffness shoulder girdle hip girdle ESR elevated CRP steroid responsive prednisone 15mg elderly bilateral aching morning stiffness temporal arteritis GCA
    Associated findings by system: (13):
  - Arterial biopsy, eosinophilic granulomatous vasculitis
  - Arterial biopsy, giant cell arteritis
  - Arterial biopsy, necrotizing vasculitis
  - Arterial biopsy, vasculitis
  - Cranial arteritis, clinical finding only
  - Favorable response to treatment
  - Giant cell arteritis
  - Lumbar spine pain and/or morning stiffness or night pain of the back, improving with motion
  - Morning st…

[2] Lumbar spine pain and/or morning stiffness or night pain of the back, improving with motion (relevance: 0.583)
    Body system: Spine complaint
    Diagnostic relevance: It is a typical complaint of ankylosing spondylitis or other inflammatory diseases of the spine.
    Assessment: Assessed by history. Ask if the patient ever wakes up at night with back pain or stiffness that subsides after some exercise. Report as present or absent.
    Linked diagnoses: DXANK, DXPMR

[3] Ankylosing Spondylitis (relevance: 0.545)
    Clinical keywords: ankylosing spondylitis HLA-B27 sacroiliitis syndesmophytes inflammatory back pain morning stiffness axial spondyloarthropathy
    Associated findings by system: (9):
  - Ankylosing spondylitis
  - Chronic uveitis or iridocyclitis
  - Family history of ankylosing spondylitis or related disease
  - HLA B27 antibody
  - Limitation of lumbar motion, Schober's test <5 cm (2 \"")
  - Lumbar spine pain and/or morning stiffness or night pain of the back, improving with motion
  - Sacro-iliac joints: pain elicited by stress-test
  - Sacroiliitis
  - Syndesmophytes

[4] Rheumatoid Arthritis (relevance: 0.440)
    Clinical keywords: rheumatoid arthritis symmetric polyarthritis RF anti-CCP morning stiffness erosions MCP PIP wrist synovitis pannus
    Associated findings by system: (21):
  - Articular erosion(s) present
  - Chronic uveitis or iridocyclitis
  - Family history of rheumatoid arthritis
  - Growth retardation
  - Hemochromatosis
  - Hyperparathyroidism
  - Kerato conjunctivitis sicca
  - Lyme arthritis
  - MCP joints : arthralgia with or without swelling
  - MCP joints: synovial soft tissue swelling
  - RA factor, titer 1: (positive is greater than 1:80)
  - Ray…

[5] Pain with restricted abduction and/or rotati…",5,"[{""label"": ""Polymyalgia Rheumatica"", ""score"": 0.5992}, {""label"": ""Lumbar spine pain and/or morning stiffness or night pain of the back, improving with motion"", ""score"": 0.5827}, {""label"": ""Ankylosing Spondylitis"", ""score"": 0.5446}, {""label"": ""Rheumatoid Arthritis"", ""score"": 0.4402}, {""label"": ""Pain with restricted abduction and/or rotation"", ""score"": 0.436}]"
gen-019,minilm,all-MiniLM-L6-v2,"RELEVANT ONTOLOGY KNOWLEDGE:

[1] Polymyalgia Rheumatica (relevance: 0.529)
    Clinical keywords: polymyalgia rheumatica proximal stiffness shoulder girdle hip girdle ESR elevated CRP steroid responsive prednisone 15mg elderly bilateral aching morning stiffness temporal arteritis GCA
    Associated findings by system: (13):
  - Arterial biopsy, eosinophilic granulomatous vasculitis
  - Arterial biopsy, giant cell arteritis
  - Arterial biopsy, necrotizing vasculitis
  - Arterial biopsy, vasculitis
  - Cranial arteritis, clinical finding only
  - Favorable response to treatment
  - Giant cell arteritis
  - Lumbar spine pain and/or morning stiffness or night pain of the back, improving with motion
  - Morning st…

[2] Gout (relevance: 0.481)
    Clinical keywords: gout monosodium urate crystals MTP podagra hyperuricemia negatively birefringent acute monoarthritis
    Associated findings by system: (13):
  - Chondrocalcinosis present
  - Family history of gout
  - Gouty tophus or erosion, not proven by biopsy or needle aspiration
  - Hemochromatosis
  - Hyperparathyroidism
  - MTP 1 joints: Arthralgia present
  - MTP 1 joints: synovial swelling
  - MTP 2-5 joints: Arthralgia present
  - MTP 2-5 joints: synovial swelling
  - Serum uric acid (normal 1.5 to 8.0 mg/dl)
  - Serum uric acid, high…

[3] Lyme arthritis (relevance: 0.470)
    Body system: Present or past infectious disease
    Diagnostic relevance: Lyme arthritis can sometimes be confused with rheumatic fever or with pauciarticular juvenile rheumatoid arthritis, and thus must be excluded when diagnosing the two latter diseases.
    Assessment: Lyme arthritis is typically brief (one week) but recurrent. The large joints are usually involved, particularly the knee. When the knee is involved it is usually more swollen than painful. As noted, t…
    Linked diagnoses: DXRA

[4] Rheumatoid Arthritis (relevance: 0.447)
    Clinical keywords: rheumatoid arthritis symmetric polyarthritis RF anti-CCP morning stiffness erosions MCP PIP wrist synovitis pannus
    Associated findings by system: (21):
  - Articular erosion(s) present
  - Chronic uveitis or iridocyclitis
  - Family history of rheumatoid arthritis
  - Growth retardation
  - Hemochromatosis
  - Hyperparathyroidism
  - Kerato conjunctivitis sicca
  - Lyme arthritis
  - MCP joints : arthralgia with or without swelling
  - MCP joints: synovial soft tissue swelling
  - RA factor, titer 1: (positive is greater than 1:80)
  - Ray…

[5] Ankylosing Spondyli…",5,"[{""label"": ""Polymyalgia Rheumatica"", ""score"": 0.5286}, {""label"": ""Gout"", ""score"": 0.4806}, {""label"": ""Lyme arthritis"", ""score"": 0.4699}, {""label"": ""Rheumatoid Arthritis"", ""score"": 0.4473}, {""label"": ""Ankylosing Spondylitis"", ""score"": 0.4296}]"
gen-020,minilm,all-MiniLM-L6-v2,"RELEVANT ONTOLOGY KNOWLEDGE:

[1] Polymyalgia Rheumatica (relevance: 0.540)
    Clinical keywords: polymyalgia rheumatica proximal stiffness shoulder girdle hip girdle ESR elevated CRP steroid responsive prednisone 15mg elderly bilateral aching morning stiffness temporal arteritis GCA
    Associated findings by system: (13):
  - Arterial biopsy, eosinophilic granulomatous vasculitis
  - Arterial biopsy, giant cell arteritis
  - Arterial biopsy, necrotizing vasculitis
  - Arterial biopsy, vasculitis
  - Cranial arteritis, clinical finding only
  - Favorable response to treatment
  - Giant cell arteritis
  - Lumbar spine pain and/or morning stiffness or night pain of the back, improving with motion
  - Morning st…

[2] Ankylosing Spondylitis (relevance: 0.537)
    Clinical keywords: ankylosing spondylitis HLA-B27 sacroiliitis syndesmophytes inflammatory back pain morning stiffness axial spondyloarthropathy
    Associated findings by system: (9):
  - Ankylosing spondylitis
  - Chronic uveitis or iridocyclitis
  - Family history of ankylosing spondylitis or related disease
  - HLA B27 antibody
  - Limitation of lumbar motion, Schober's test <5 cm (2 \"")
  - Lumbar spine pain and/or morning stiffness or night pain of the back, improving with motion
  - Sacro-iliac joints: pain elicited by stress-test
  - Sacroiliitis
  - Syndesmophytes

[3] Lumbar spine pain and/or morning stiffness or night pain of the back, improving with motion (relevance: 0.527)
    Body system: Spine complaint
    Diagnostic relevance: It is a typical complaint of ankylosing spondylitis or other inflammatory diseases of the spine.
    Assessment: Assessed by history. Ask if the patient ever wakes up at night with back pain or stiffness that subsides after some exercise. Report as present or absent.
    Linked diagnoses: DXANK, DXPMR

[4] Gout (relevance: 0.483)
    Clinical keywords: gout monosodium urate crystals MTP podagra hyperuricemia negatively birefringent acute monoarthritis
    Associated findings by system: (13):
  - Chondrocalcinosis present
  - Family history of gout
  - Gouty tophus or erosion, not proven by biopsy or needle aspiration
  - Hemochromatosis
  - Hyperparathyroidism
  - MTP 1 joints: Arthralgia present
  - MTP 1 joints: synovial swelling
  - MTP 2-5 joints: Arthralgia present
  - MTP 2-5 joints: synovial swelling
  - Serum uric acid (normal 1.5 to 8.0 mg/dl)
  - Serum uric acid, high…

[5] Rheumatoid Arthritis (relevance: 0.461)
    Clinical keywords: rheumatoid …",5,"[{""label"": ""Polymyalgia Rheumatica"", ""score"": 0.5402}, {""label"": ""Ankylosing Spondylitis"", ""score"": 0.5367}, {""label"": ""Lumbar spine pain and/or morning stiffness or night pain of the back, improving with motion"", ""score"": 0.5266}, {""label"": ""Gout"", ""score"": 0.4829}, {""label"": ""Rheumatoid Arthritis"", ""score"": 0.4606}]"
gen-021,minilm,all-MiniLM-L6-v2,"RELEVANT ONTOLOGY KNOWLEDGE:

[1] Polymyalgia Rheumatica (relevance: 0.547)
    Clinical keywords: polymyalgia rheumatica proximal stiffness shoulder girdle hip girdle ESR elevated CRP steroid responsive prednisone 15mg elderly bilateral aching morning stiffness temporal arteritis GCA
    Associated findings by system: (13):
  - Arterial biopsy, eosinophilic granulomatous vasculitis
  - Arterial biopsy, giant cell arteritis
  - Arterial biopsy, necrotizing vasculitis
  - Arterial biopsy, vasculitis
  - Cranial arteritis, clinical finding only
  - Favorable response to treatment
  - Giant cell arteritis
  - Lumbar spine pain and/or morning stiffness or night pain of the back, improving with motion
  - Morning st…

[2] Rheumatoid Arthritis (relevance: 0.544)
    Clinical keywords: rheumatoid arthritis symmetric polyarthritis RF anti-CCP morning stiffness erosions MCP PIP wrist synovitis pannus
    Associated findings by system: (21):
  - Articular erosion(s) present
  - Chronic uveitis or iridocyclitis
  - Family history of rheumatoid arthritis
  - Growth retardation
  - Hemochromatosis
  - Hyperparathyroidism
  - Kerato conjunctivitis sicca
  - Lyme arthritis
  - MCP joints : arthralgia with or without swelling
  - MCP joints: synovial soft tissue swelling
  - RA factor, titer 1: (positive is greater than 1:80)
  - Ray…

[3] Psoriatic Arthritis (relevance: 0.507)
    Clinical keywords: psoriatic arthritis psoriasis DIP dactylitis nail pitting sausage digit asymmetric oligoarthritis enthesitis
    Associated findings by system: (13):
  - DIP joints: arthralgia with or without swelling
  - DIP joints: bony joint enlargement, Heberden's nodes
  - DIP joints: synovial soft tissue swelling
  - Extra-articular swelling of hands or fingers (i.e., sausage finger or dactylitis)
  - Juxta-articular swelling (sausage toe)
  - Nail pitting
  - Pain or paresthesias, median nerve distribution
  - Pain with palpation and/or swelling …

[4] Systemic Lupus Erythematosus (relevance: 0.506)
    Clinical keywords: systemic lupus erythematosus malar rash photosensitivity anti-dsDNA ANA complement nephritis cytopenia oral ulcers serositis
    Associated findings by system: (30):
  - Anti-DNA antibodies, titer 1: (positive is greater than 1:10)
  - Circulating anticoagulant, lupus anticoagulant or antiphospholipid antibodies
  - Coma or pre-coma
  - Discoid lupus erythematosus
  - Eosinophil count (normal 0-500/cu mm)
  - FANA (fluorescent antinuclear antibodies)
  - FANA +, cen…",5,"[{""label"": ""Polymyalgia Rheumatica"", ""score"": 0.5465}, {""label"": ""Rheumatoid Arthritis"", ""score"": 0.5437}, {""label"": ""Psoriatic Arthritis"", ""score"": 0.5065}, {""label"": ""Systemic Lupus Erythematosus"", ""score"": 0.506}, {""label"": ""Raynaud's phenomenon (by history or observed)"", ""score"": 0.4764}]"
gen-022,minilm,all-MiniLM-L6-v2,"RELEVANT ONTOLOGY KNOWLEDGE:

[1] Rheumatoid Arthritis (relevance: 0.592)
    Clinical keywords: rheumatoid arthritis symmetric polyarthritis RF anti-CCP morning stiffness erosions MCP PIP wrist synovitis pannus
    Associated findings by system: (21):
  - Articular erosion(s) present
  - Chronic uveitis or iridocyclitis
  - Family history of rheumatoid arthritis
  - Growth retardation
  - Hemochromatosis
  - Hyperparathyroidism
  - Kerato conjunctivitis sicca
  - Lyme arthritis
  - MCP joints : arthralgia with or without swelling
  - MCP joints: synovial soft tissue swelling
  - RA factor, titer 1: (positive is greater than 1:80)
  - Ray…

[2] Psoriatic Arthritis (relevance: 0.591)
    Clinical keywords: psoriatic arthritis psoriasis DIP dactylitis nail pitting sausage digit asymmetric oligoarthritis enthesitis
    Associated findings by system: (13):
  - DIP joints: arthralgia with or without swelling
  - DIP joints: bony joint enlargement, Heberden's nodes
  - DIP joints: synovial soft tissue swelling
  - Extra-articular swelling of hands or fingers (i.e., sausage finger or dactylitis)
  - Juxta-articular swelling (sausage toe)
  - Nail pitting
  - Pain or paresthesias, median nerve distribution
  - Pain with palpation and/or swelling …

[3] DIP joints: bony joint enlargement, Heberden's nodes (relevance: 0.535)
    Body system: Joint or joint related complaint
    Diagnostic relevance: The presence of Heberden's nodes is a common, characteristic physical finding of degenerative joint disease.
    Assessment: Heberden's nodes are recognized by their characteristic location at the dorsolateral and medial aspects of the distal interphalangeal joints of the hand. They are usually nontender, painless, firm nod…
    Linked diagnoses: DXPSO

[4] Extra-articular swelling of hands or fingers (i.e., sausage finger or dactylitis) (relevance: 0.530)
    Body system: Joint or joint related complaint
    Linked diagnoses: DXPSO

[5] Lyme arthritis (relevance: 0.519)
    Body system: Present or past infectious disease
    Diagnostic relevance: Lyme arthritis can sometimes be confused with rheumatic fever or with pauciarticular juvenile rheumatoid arthritis, and thus must be excluded when diagnosing the two latter diseases.
    Assessment: Lyme arthritis is typically brief (one week) but recurrent. The large joints are usually involved, particularly the knee. When the knee is involved it is usually more swollen than painful. As noted, t…
    Linked diagnoses: DXRA",5,"[{""label"": ""Rheumatoid Arthritis"", ""score"": 0.5925}, {""label"": ""Psoriatic Arthritis"", ""score"": 0.5915}, {""label"": ""DIP joints: bony joint enlargement, Heberden's nodes"", ""score"": 0.5354}, {""label"": ""Extra-articular swelling of hands or fingers (i.e., sausage finger or dactylitis)"", ""score"": 0.5298}, {""label"": ""Lyme arthritis"", ""score"": 0.5192}]"
gen-023,minilm,all-MiniLM-L6-v2,"RELEVANT ONTOLOGY KNOWLEDGE:

[1] Psoriatic Arthritis (relevance: 0.567)
    Clinical keywords: psoriatic arthritis psoriasis DIP dactylitis nail pitting sausage digit asymmetric oligoarthritis enthesitis
    Associated findings by system: (13):
  - DIP joints: arthralgia with or without swelling
  - DIP joints: bony joint enlargement, Heberden's nodes
  - DIP joints: synovial soft tissue swelling
  - Extra-articular swelling of hands or fingers (i.e., sausage finger or dactylitis)
  - Juxta-articular swelling (sausage toe)
  - Nail pitting
  - Pain or paresthesias, median nerve distribution
  - Pain with palpation and/or swelling …

[2] Rheumatoid Arthritis (relevance: 0.549)
    Clinical keywords: rheumatoid arthritis symmetric polyarthritis RF anti-CCP morning stiffness erosions MCP PIP wrist synovitis pannus
    Associated findings by system: (21):
  - Articular erosion(s) present
  - Chronic uveitis or iridocyclitis
  - Family history of rheumatoid arthritis
  - Growth retardation
  - Hemochromatosis
  - Hyperparathyroidism
  - Kerato conjunctivitis sicca
  - Lyme arthritis
  - MCP joints : arthralgia with or without swelling
  - MCP joints: synovial soft tissue swelling
  - RA factor, titer 1: (positive is greater than 1:80)
  - Ray…

[3] Polymyalgia Rheumatica (relevance: 0.505)
    Clinical keywords: polymyalgia rheumatica proximal stiffness shoulder girdle hip girdle ESR elevated CRP steroid responsive prednisone 15mg elderly bilateral aching morning stiffness temporal arteritis GCA
    Associated findings by system: (13):
  - Arterial biopsy, eosinophilic granulomatous vasculitis
  - Arterial biopsy, giant cell arteritis
  - Arterial biopsy, necrotizing vasculitis
  - Arterial biopsy, vasculitis
  - Cranial arteritis, clinical finding only
  - Favorable response to treatment
  - Giant cell arteritis
  - Lumbar spine pain and/or morning stiffness or night pain of the back, improving with motion
  - Morning st…

[4] Hemochromatosis (relevance: 0.504)
    Body system: Concomitant or past diseases, Rheumatic illness with extraarticular and/or constitutional features (fever, rash, pleurisy,etc) OR Systemic illness with rheumatic manifestation
    Diagnostic relevance: Hemochromatosis is an autosomal recessive disease that produces an arthritis similar to osteoarthritis or pseudogout.
    Assessment: Hemochromatosis is diagnosed by the typical physical and radiographic findings supported by elevated serum iron concentrations and high transferrin satur…",5,"[{""label"": ""Psoriatic Arthritis"", ""score"": 0.5674}, {""label"": ""Rheumatoid Arthritis"", ""score"": 0.5492}, {""label"": ""Polymyalgia Rheumatica"", ""score"": 0.5051}, {""label"": ""Hemochromatosis"", ""score"": 0.504}, {""label"": ""Lyme arthritis"", ""score"": 0.4991}]"
gen-024,minilm,all-MiniLM-L6-v2,"RELEVANT ONTOLOGY KNOWLEDGE:

[1] Polymyalgia Rheumatica (relevance: 0.591)
    Clinical keywords: polymyalgia rheumatica proximal stiffness shoulder girdle hip girdle ESR elevated CRP steroid responsive prednisone 15mg elderly bilateral aching morning stiffness temporal arteritis GCA
    Associated findings by system: (13):
  - Arterial biopsy, eosinophilic granulomatous vasculitis
  - Arterial biopsy, giant cell arteritis
  - Arterial biopsy, necrotizing vasculitis
  - Arterial biopsy, vasculitis
  - Cranial arteritis, clinical finding only
  - Favorable response to treatment
  - Giant cell arteritis
  - Lumbar spine pain and/or morning stiffness or night pain of the back, improving with motion
  - Morning st…

[2] Lumbar spine pain and/or morning stiffness or night pain of the back, improving with motion (relevance: 0.547)
    Body system: Spine complaint
    Diagnostic relevance: It is a typical complaint of ankylosing spondylitis or other inflammatory diseases of the spine.
    Assessment: Assessed by history. Ask if the patient ever wakes up at night with back pain or stiffness that subsides after some exercise. Report as present or absent.
    Linked diagnoses: DXANK, DXPMR

[3] Ankylosing Spondylitis (relevance: 0.469)
    Clinical keywords: ankylosing spondylitis HLA-B27 sacroiliitis syndesmophytes inflammatory back pain morning stiffness axial spondyloarthropathy
    Associated findings by system: (9):
  - Ankylosing spondylitis
  - Chronic uveitis or iridocyclitis
  - Family history of ankylosing spondylitis or related disease
  - HLA B27 antibody
  - Limitation of lumbar motion, Schober's test <5 cm (2 \"")
  - Lumbar spine pain and/or morning stiffness or night pain of the back, improving with motion
  - Sacro-iliac joints: pain elicited by stress-test
  - Sacroiliitis
  - Syndesmophytes

[4] Morning stiffness (>1 hour) (relevance: 0.411)
    Linked diagnoses: DXPMR

[5] Rheumatoid Arthritis (relevance: 0.371)
    Clinical keywords: rheumatoid arthritis symmetric polyarthritis RF anti-CCP morning stiffness erosions MCP PIP wrist synovitis pannus
    Associated findings by system: (21):
  - Articular erosion(s) present
  - Chronic uveitis or iridocyclitis
  - Family history of rheumatoid arthritis
  - Growth retardation
  - Hemochromatosis
  - Hyperparathyroidism
  - Kerato conjunctivitis sicca
  - Lyme arthritis
  - MCP joints : arthralgia with or without swelling
  - MCP joints: synovial soft tissue swelling
  - RA factor, titer 1: (positive …",5,"[{""label"": ""Polymyalgia Rheumatica"", ""score"": 0.5913}, {""label"": ""Lumbar spine pain and/or morning stiffness or night pain of the back, improving with motion"", ""score"": 0.5475}, {""label"": ""Ankylosing Spondylitis"", ""score"": 0.4688}, {""label"": ""Morning stiffness (>1 hour)"", ""score"": 0.4114}, {""label"": ""Rheumatoid Arthritis"", ""score"": 0.3711}]"
gen-025,minilm,all-MiniLM-L6-v2,"RELEVANT ONTOLOGY KNOWLEDGE:

[1] Polymyalgia Rheumatica (relevance: 0.606)
    Clinical keywords: polymyalgia rheumatica proximal stiffness shoulder girdle hip girdle ESR elevated CRP steroid responsive prednisone 15mg elderly bilateral aching morning stiffness temporal arteritis GCA
    Associated findings by system: (13):
  - Arterial biopsy, eosinophilic granulomatous vasculitis
  - Arterial biopsy, giant cell arteritis
  - Arterial biopsy, necrotizing vasculitis
  - Arterial biopsy, vasculitis
  - Cranial arteritis, clinical finding only
  - Favorable response to treatment
  - Giant cell arteritis
  - Lumbar spine pain and/or morning stiffness or night pain of the back, improving with motion
  - Morning st…

[2] Rheumatoid Arthritis (relevance: 0.587)
    Clinical keywords: rheumatoid arthritis symmetric polyarthritis RF anti-CCP morning stiffness erosions MCP PIP wrist synovitis pannus
    Associated findings by system: (21):
  - Articular erosion(s) present
  - Chronic uveitis or iridocyclitis
  - Family history of rheumatoid arthritis
  - Growth retardation
  - Hemochromatosis
  - Hyperparathyroidism
  - Kerato conjunctivitis sicca
  - Lyme arthritis
  - MCP joints : arthralgia with or without swelling
  - MCP joints: synovial soft tissue swelling
  - RA factor, titer 1: (positive is greater than 1:80)
  - Ray…

[3] Lyme arthritis (relevance: 0.533)
    Body system: Present or past infectious disease
    Diagnostic relevance: Lyme arthritis can sometimes be confused with rheumatic fever or with pauciarticular juvenile rheumatoid arthritis, and thus must be excluded when diagnosing the two latter diseases.
    Assessment: Lyme arthritis is typically brief (one week) but recurrent. The large joints are usually involved, particularly the knee. When the knee is involved it is usually more swollen than painful. As noted, t…
    Linked diagnoses: DXRA

[4] Ankylosing Spondylitis (relevance: 0.503)
    Clinical keywords: ankylosing spondylitis HLA-B27 sacroiliitis syndesmophytes inflammatory back pain morning stiffness axial spondyloarthropathy
    Associated findings by system: (9):
  - Ankylosing spondylitis
  - Chronic uveitis or iridocyclitis
  - Family history of ankylosing spondylitis or related disease
  - HLA B27 antibody
  - Limitation of lumbar motion, Schober's test <5 cm (2 \"")
  - Lumbar spine pain and/or morning stiffness or night pain of the back, improving with motion
  - Sacro-iliac joints: pain elicited by stress-test
  - Sacroiliitis
 …",5,"[{""label"": ""Polymyalgia Rheumatica"", ""score"": 0.6065}, {""label"": ""Rheumatoid Arthritis"", ""score"": 0.5868}, {""label"": ""Lyme arthritis"", ""score"": 0.5332}, {""label"": ""Ankylosing Spondylitis"", ""score"": 0.5027}, {""label"": ""DIP joints: arthralgia with or without swelling"", ""score"": 0.4967}]"
gen-026,minilm,all-MiniLM-L6-v2,"RELEVANT ONTOLOGY KNOWLEDGE:

[1] Lyme arthritis (relevance: 0.528)
    Body system: Present or past infectious disease
    Diagnostic relevance: Lyme arthritis can sometimes be confused with rheumatic fever or with pauciarticular juvenile rheumatoid arthritis, and thus must be excluded when diagnosing the two latter diseases.
    Assessment: Lyme arthritis is typically brief (one week) but recurrent. The large joints are usually involved, particularly the knee. When the knee is involved it is usually more swollen than painful. As noted, t…
    Linked diagnoses: DXRA

[2] Psoriatic Arthritis (relevance: 0.479)
    Clinical keywords: psoriatic arthritis psoriasis DIP dactylitis nail pitting sausage digit asymmetric oligoarthritis enthesitis
    Associated findings by system: (13):
  - DIP joints: arthralgia with or without swelling
  - DIP joints: bony joint enlargement, Heberden's nodes
  - DIP joints: synovial soft tissue swelling
  - Extra-articular swelling of hands or fingers (i.e., sausage finger or dactylitis)
  - Juxta-articular swelling (sausage toe)
  - Nail pitting
  - Pain or paresthesias, median nerve distribution
  - Pain with palpation and/or swelling …

[3] Gout (relevance: 0.468)
    Clinical keywords: gout monosodium urate crystals MTP podagra hyperuricemia negatively birefringent acute monoarthritis
    Associated findings by system: (13):
  - Chondrocalcinosis present
  - Family history of gout
  - Gouty tophus or erosion, not proven by biopsy or needle aspiration
  - Hemochromatosis
  - Hyperparathyroidism
  - MTP 1 joints: Arthralgia present
  - MTP 1 joints: synovial swelling
  - MTP 2-5 joints: Arthralgia present
  - MTP 2-5 joints: synovial swelling
  - Serum uric acid (normal 1.5 to 8.0 mg/dl)
  - Serum uric acid, high…

[4] Synovial fluid: monosodium urate crystals (relevance: 0.457)
    Diagnostic relevance: Type I synovial fluid (non-inflammatory) often occurs in degenerative joint disease, trauma, osteochondritis dissecans, osteochondromatosis, neuropathic arthropathy, subsiding or early inflammation, hypertrophic osteoarthropathy, and pigmented villonodular synovitis. Type II synovial fluid (inflammatory) often occurs in rheumatoid arthritis, acute crystal-induced synovitis (gout and pseudogout), R…
    Assessment: Normal -- WBCs <200/cu mm, PMNs <25%, culture negative, glucose in mg/dl nearly equal to that of blood. Type I (Noninflammatory) -- WBCs 200-2,000/cu mm, PMNs <25%, culture negative, glucose in mg/dl …
    Linked d…",5,"[{""label"": ""Lyme arthritis"", ""score"": 0.5281}, {""label"": ""Psoriatic Arthritis"", ""score"": 0.4791}, {""label"": ""Gout"", ""score"": 0.4676}, {""label"": ""Synovial fluid: monosodium urate crystals"", ""score"": 0.4571}, {""label"": ""Rheumatoid Arthritis"", ""score"": 0.4567}]"
gen-027,minilm,all-MiniLM-L6-v2,"RELEVANT ONTOLOGY KNOWLEDGE:

[1] Rheumatoid Arthritis (relevance: 0.692)
    Clinical keywords: rheumatoid arthritis symmetric polyarthritis RF anti-CCP morning stiffness erosions MCP PIP wrist synovitis pannus
    Associated findings by system: (21):
  - Articular erosion(s) present
  - Chronic uveitis or iridocyclitis
  - Family history of rheumatoid arthritis
  - Growth retardation
  - Hemochromatosis
  - Hyperparathyroidism
  - Kerato conjunctivitis sicca
  - Lyme arthritis
  - MCP joints : arthralgia with or without swelling
  - MCP joints: synovial soft tissue swelling
  - RA factor, titer 1: (positive is greater than 1:80)
  - Ray…

[2] Polymyalgia Rheumatica (relevance: 0.601)
    Clinical keywords: polymyalgia rheumatica proximal stiffness shoulder girdle hip girdle ESR elevated CRP steroid responsive prednisone 15mg elderly bilateral aching morning stiffness temporal arteritis GCA
    Associated findings by system: (13):
  - Arterial biopsy, eosinophilic granulomatous vasculitis
  - Arterial biopsy, giant cell arteritis
  - Arterial biopsy, necrotizing vasculitis
  - Arterial biopsy, vasculitis
  - Cranial arteritis, clinical finding only
  - Favorable response to treatment
  - Giant cell arteritis
  - Lumbar spine pain and/or morning stiffness or night pain of the back, improving with motion
  - Morning st…

[3] Lyme arthritis (relevance: 0.599)
    Body system: Present or past infectious disease
    Diagnostic relevance: Lyme arthritis can sometimes be confused with rheumatic fever or with pauciarticular juvenile rheumatoid arthritis, and thus must be excluded when diagnosing the two latter diseases.
    Assessment: Lyme arthritis is typically brief (one week) but recurrent. The large joints are usually involved, particularly the knee. When the knee is involved it is usually more swollen than painful. As noted, t…
    Linked diagnoses: DXRA

[4] Synovial biopsy: tenosynovitis (relevance: 0.548)
    Linked diagnoses: DXRA

[5] Psoriatic Arthritis (relevance: 0.542)
    Clinical keywords: psoriatic arthritis psoriasis DIP dactylitis nail pitting sausage digit asymmetric oligoarthritis enthesitis
    Associated findings by system: (13):
  - DIP joints: arthralgia with or without swelling
  - DIP joints: bony joint enlargement, Heberden's nodes
  - DIP joints: synovial soft tissue swelling
  - Extra-articular swelling of hands or fingers (i.e., sausage finger or dactylitis)
  - Juxta-articular swelling (sausage toe)
  - Nail pitting
  - Pain or p…",5,"[{""label"": ""Rheumatoid Arthritis"", ""score"": 0.6921}, {""label"": ""Polymyalgia Rheumatica"", ""score"": 0.601}, {""label"": ""Lyme arthritis"", ""score"": 0.5985}, {""label"": ""Synovial biopsy: tenosynovitis"", ""score"": 0.548}, {""label"": ""Psoriatic Arthritis"", ""score"": 0.5418}]"
gen-028,minilm,all-MiniLM-L6-v2,"RELEVANT ONTOLOGY KNOWLEDGE:

[1] Psoriatic Arthritis (relevance: 0.665)
    Clinical keywords: psoriatic arthritis psoriasis DIP dactylitis nail pitting sausage digit asymmetric oligoarthritis enthesitis
    Associated findings by system: (13):
  - DIP joints: arthralgia with or without swelling
  - DIP joints: bony joint enlargement, Heberden's nodes
  - DIP joints: synovial soft tissue swelling
  - Extra-articular swelling of hands or fingers (i.e., sausage finger or dactylitis)
  - Juxta-articular swelling (sausage toe)
  - Nail pitting
  - Pain or paresthesias, median nerve distribution
  - Pain with palpation and/or swelling …

[2] Rheumatoid Arthritis (relevance: 0.581)
    Clinical keywords: rheumatoid arthritis symmetric polyarthritis RF anti-CCP morning stiffness erosions MCP PIP wrist synovitis pannus
    Associated findings by system: (21):
  - Articular erosion(s) present
  - Chronic uveitis or iridocyclitis
  - Family history of rheumatoid arthritis
  - Growth retardation
  - Hemochromatosis
  - Hyperparathyroidism
  - Kerato conjunctivitis sicca
  - Lyme arthritis
  - MCP joints : arthralgia with or without swelling
  - MCP joints: synovial soft tissue swelling
  - RA factor, titer 1: (positive is greater than 1:80)
  - Ray…

[3] Hyperparathyroidism (relevance: 0.534)
    Body system: Concomitant or past diseases, Rheumatic illness with extraarticular and/or constitutional features (fever, rash, pleurisy,etc) OR Systemic illness with rheumatic manifestation
    Diagnostic relevance: Several rheumatological disorders are associated with hyperpara- thyroidism. First, hyperuricemia and gouty arthritis (which may mimic hyperparathyroidism with renal stone formation and colic) have an increased incidence in patients with hyperparathyroidism. Second, patients with primary hyperparathyroidism show an increased incidence of chondrocalcinosis with episodes of calcium pyrophosphate cry…
    Linked diagnoses: DXGT, DXRA

[4] Lyme arthritis (relevance: 0.524)
    Body system: Present or past infectious disease
    Diagnostic relevance: Lyme arthritis can sometimes be confused with rheumatic fever or with pauciarticular juvenile rheumatoid arthritis, and thus must be excluded when diagnosing the two latter diseases.
    Assessment: Lyme arthritis is typically brief (one week) but recurrent. The large joints are usually involved, particularly the knee. When the knee is involved it is usually more swollen than painful. As noted, t…
    Linked diagnoses: D…",5,"[{""label"": ""Psoriatic Arthritis"", ""score"": 0.6649}, {""label"": ""Rheumatoid Arthritis"", ""score"": 0.5814}, {""label"": ""Hyperparathyroidism"", ""score"": 0.5339}, {""label"": ""Lyme arthritis"", ""score"": 0.5238}, {""label"": ""Polymyalgia Rheumatica"", ""score"": 0.5133}]"
gen-029,minilm,all-MiniLM-L6-v2,"RELEVANT ONTOLOGY KNOWLEDGE:

[1] Pain with restricted abduction and/or rotation (relevance: 0.596)
    Body system: Joint or joint related complaint
    Diagnostic relevance: This maneuver is the single best test for disease of the shoulder joint itself. Elevation and abduction of the shoulder can be performed by moving the scapula with a fixed glenohumeral joint. External rotation cannot be compensated in this way. Restricted external rotation is most prominent in RA and polymyalgia rheumatica.
    Assessment: Patient in sitting position, elbow flexed 90 degrees. Rotate forearm outwards. Normal is 80-90 degrees.
    Linked diagnoses: DXPMR

[2] Polymyalgia Rheumatica (relevance: 0.582)
    Clinical keywords: polymyalgia rheumatica proximal stiffness shoulder girdle hip girdle ESR elevated CRP steroid responsive prednisone 15mg elderly bilateral aching morning stiffness temporal arteritis GCA
    Associated findings by system: (13):
  - Arterial biopsy, eosinophilic granulomatous vasculitis
  - Arterial biopsy, giant cell arteritis
  - Arterial biopsy, necrotizing vasculitis
  - Arterial biopsy, vasculitis
  - Cranial arteritis, clinical finding only
  - Favorable response to treatment
  - Giant cell arteritis
  - Lumbar spine pain and/or morning stiffness or night pain of the back, improving with motion
  - Morning st…

[3] Ankylosing Spondylitis (relevance: 0.566)
    Clinical keywords: ankylosing spondylitis HLA-B27 sacroiliitis syndesmophytes inflammatory back pain morning stiffness axial spondyloarthropathy
    Associated findings by system: (9):
  - Ankylosing spondylitis
  - Chronic uveitis or iridocyclitis
  - Family history of ankylosing spondylitis or related disease
  - HLA B27 antibody
  - Limitation of lumbar motion, Schober's test <5 cm (2 \"")
  - Lumbar spine pain and/or morning stiffness or night pain of the back, improving with motion
  - Sacro-iliac joints: pain elicited by stress-test
  - Sacroiliitis
  - Syndesmophytes

[4] Lumbar spine pain and/or morning stiffness or night pain of the back, improving with motion (relevance: 0.562)
    Body system: Spine complaint
    Diagnostic relevance: It is a typical complaint of ankylosing spondylitis or other inflammatory diseases of the spine.
    Assessment: Assessed by history. Ask if the patient ever wakes up at night with back pain or stiffness that subsides after some exercise. Report as present or absent.
    Linked diagnoses: DXANK, DXPMR

[5] Sacro-iliac joints: pain elicited by stres…",5,"[{""label"": ""Pain with restricted abduction and/or rotation"", ""score"": 0.5961}, {""label"": ""Polymyalgia Rheumatica"", ""score"": 0.5819}, {""label"": ""Ankylosing Spondylitis"", ""score"": 0.5663}, {""label"": ""Lumbar spine pain and/or morning stiffness or night pain of the back, improving with motion"", ""score"": 0.5625}, {""label"": ""Sacro-iliac joints: pain elicited by stress-test"", ""score"": 0.4946}]"
gen-030,minilm,all-MiniLM-L6-v2,"RELEVANT ONTOLOGY KNOWLEDGE:

[1] Polymyalgia Rheumatica (relevance: 0.679)
    Clinical keywords: polymyalgia rheumatica proximal stiffness shoulder girdle hip girdle ESR elevated CRP steroid responsive prednisone 15mg elderly bilateral aching morning stiffness temporal arteritis GCA
    Associated findings by system: (13):
  - Arterial biopsy, eosinophilic granulomatous vasculitis
  - Arterial biopsy, giant cell arteritis
  - Arterial biopsy, necrotizing vasculitis
  - Arterial biopsy, vasculitis
  - Cranial arteritis, clinical finding only
  - Favorable response to treatment
  - Giant cell arteritis
  - Lumbar spine pain and/or morning stiffness or night pain of the back, improving with motion
  - Morning st…

[2] Lumbar spine pain and/or morning stiffness or night pain of the back, improving with motion (relevance: 0.624)
    Body system: Spine complaint
    Diagnostic relevance: It is a typical complaint of ankylosing spondylitis or other inflammatory diseases of the spine.
    Assessment: Assessed by history. Ask if the patient ever wakes up at night with back pain or stiffness that subsides after some exercise. Report as present or absent.
    Linked diagnoses: DXANK, DXPMR

[3] Ankylosing Spondylitis (relevance: 0.624)
    Clinical keywords: ankylosing spondylitis HLA-B27 sacroiliitis syndesmophytes inflammatory back pain morning stiffness axial spondyloarthropathy
    Associated findings by system: (9):
  - Ankylosing spondylitis
  - Chronic uveitis or iridocyclitis
  - Family history of ankylosing spondylitis or related disease
  - HLA B27 antibody
  - Limitation of lumbar motion, Schober's test <5 cm (2 \"")
  - Lumbar spine pain and/or morning stiffness or night pain of the back, improving with motion
  - Sacro-iliac joints: pain elicited by stress-test
  - Sacroiliitis
  - Syndesmophytes

[4] Pain with restricted abduction and/or rotation (relevance: 0.601)
    Body system: Joint or joint related complaint
    Diagnostic relevance: This maneuver is the single best test for disease of the shoulder joint itself. Elevation and abduction of the shoulder can be performed by moving the scapula with a fixed glenohumeral joint. External rotation cannot be compensated in this way. Restricted external rotation is most prominent in RA and polymyalgia rheumatica.
    Assessment: Patient in sitting position, elbow flexed 90 degrees. Rotate forearm outwards. Normal is 80-90 degrees.
    Linked diagnoses: DXPMR

[5] Rheumatoid Arthritis (relevance: 0.504)
  …",5,"[{""label"": ""Polymyalgia Rheumatica"", ""score"": 0.6785}, {""label"": ""Lumbar spine pain and/or morning stiffness or night pain of the back, improving with motion"", ""score"": 0.6243}, {""label"": ""Ankylosing Spondylitis"", ""score"": 0.6241}, {""label"": ""Pain with restricted abduction and/or rotation"", ""score"": 0.601}, {""label"": ""Rheumatoid Arthritis"", ""score"": 0.5037}]"
gen-001,bge,BAAI/bge-small-en-v1.5,"RELEVANT ONTOLOGY KNOWLEDGE:

[1] Rheumatoid Arthritis (relevance: 0.788)
    Clinical keywords: rheumatoid arthritis symmetric polyarthritis RF anti-CCP morning stiffness erosions MCP PIP wrist synovitis pannus
    Associated findings by system: (21):
  - Articular erosion(s) present
  - Chronic uveitis or iridocyclitis
  - Family history of rheumatoid arthritis
  - Growth retardation
  - Hemochromatosis
  - Hyperparathyroidism
  - Kerato conjunctivitis sicca
  - Lyme arthritis
  - MCP joints : arthralgia with or without swelling
  - MCP joints: synovial soft tissue swelling
  - RA factor, titer 1: (positive is greater than 1:80)
  - Ray…

[2] Polymyalgia Rheumatica (relevance: 0.779)
    Clinical keywords: polymyalgia rheumatica proximal stiffness shoulder girdle hip girdle ESR elevated CRP steroid responsive prednisone 15mg elderly bilateral aching morning stiffness temporal arteritis GCA
    Associated findings by system: (13):
  - Arterial biopsy, eosinophilic granulomatous vasculitis
  - Arterial biopsy, giant cell arteritis
  - Arterial biopsy, necrotizing vasculitis
  - Arterial biopsy, vasculitis
  - Cranial arteritis, clinical finding only
  - Favorable response to treatment
  - Giant cell arteritis
  - Lumbar spine pain and/or morning stiffness or night pain of the back, improving with motion
  - Morning st…

[3] Ankylosing Spondylitis (relevance: 0.761)
    Clinical keywords: ankylosing spondylitis HLA-B27 sacroiliitis syndesmophytes inflammatory back pain morning stiffness axial spondyloarthropathy
    Associated findings by system: (9):
  - Ankylosing spondylitis
  - Chronic uveitis or iridocyclitis
  - Family history of ankylosing spondylitis or related disease
  - HLA B27 antibody
  - Limitation of lumbar motion, Schober's test <5 cm (2 \"")
  - Lumbar spine pain and/or morning stiffness or night pain of the back, improving with motion
  - Sacro-iliac joints: pain elicited by stress-test
  - Sacroiliitis
  - Syndesmophytes

[4] Morning stiffness (>1 hour) (relevance: 0.732)
    Linked diagnoses: DXPMR

[5] Lumbar spine pain and/or morning stiffness or night pain of the back, improving with motion (relevance: 0.729)
    Body system: Spine complaint
    Diagnostic relevance: It is a typical complaint of ankylosing spondylitis or other inflammatory diseases of the spine.
    Assessment: Assessed by history. Ask if the patient ever wakes up at night with back pain or stiffness that subsides after some exercise. Report as present or absent.
    …",5,"[{""label"": ""Rheumatoid Arthritis"", ""score"": 0.7875}, {""label"": ""Polymyalgia Rheumatica"", ""score"": 0.779}, {""label"": ""Ankylosing Spondylitis"", ""score"": 0.7613}, {""label"": ""Morning stiffness (>1 hour)"", ""score"": 0.7316}, {""label"": ""Lumbar spine pain and/or morning stiffness or night pain of the back, improving with motion"", ""score"": 0.7286}]"
gen-002,bge,BAAI/bge-small-en-v1.5,"RELEVANT ONTOLOGY KNOWLEDGE:

[1] Rheumatoid Arthritis (relevance: 0.757)
    Clinical keywords: rheumatoid arthritis symmetric polyarthritis RF anti-CCP morning stiffness erosions MCP PIP wrist synovitis pannus
    Associated findings by system: (21):
  - Articular erosion(s) present
  - Chronic uveitis or iridocyclitis
  - Family history of rheumatoid arthritis
  - Growth retardation
  - Hemochromatosis
  - Hyperparathyroidism
  - Kerato conjunctivitis sicca
  - Lyme arthritis
  - MCP joints : arthralgia with or without swelling
  - MCP joints: synovial soft tissue swelling
  - RA factor, titer 1: (positive is greater than 1:80)
  - Ray…

[2] MTP 1 joints: synovial swelling (relevance: 0.739)
    Body system: Joint or joint related complaint
    Linked diagnoses: DXGT

[3] Psoriatic Arthritis (relevance: 0.739)
    Clinical keywords: psoriatic arthritis psoriasis DIP dactylitis nail pitting sausage digit asymmetric oligoarthritis enthesitis
    Associated findings by system: (13):
  - DIP joints: arthralgia with or without swelling
  - DIP joints: bony joint enlargement, Heberden's nodes
  - DIP joints: synovial soft tissue swelling
  - Extra-articular swelling of hands or fingers (i.e., sausage finger or dactylitis)
  - Juxta-articular swelling (sausage toe)
  - Nail pitting
  - Pain or paresthesias, median nerve distribution
  - Pain with palpation and/or swelling …

[4] Extra-articular swelling of hands or fingers (i.e., sausage finger or dactylitis) (relevance: 0.738)
    Body system: Joint or joint related complaint
    Linked diagnoses: DXPSO

[5] MTP 2-5 joints: synovial swelling (relevance: 0.731)
    Body system: Joint or joint related complaint
    Linked diagnoses: DXGT",5,"[{""label"": ""Rheumatoid Arthritis"", ""score"": 0.7565}, {""label"": ""MTP 1 joints: synovial swelling"", ""score"": 0.7387}, {""label"": ""Psoriatic Arthritis"", ""score"": 0.7386}, {""label"": ""Extra-articular swelling of hands or fingers (i.e., sausage finger or dactylitis)"", ""score"": 0.7383}, {""label"": ""MTP 2-5 joints: synovial swelling"", ""score"": 0.7309}]"
gen-003,bge,BAAI/bge-small-en-v1.5,"RELEVANT ONTOLOGY KNOWLEDGE:

[1] Rheumatoid Arthritis (relevance: 0.802)
    Clinical keywords: rheumatoid arthritis symmetric polyarthritis RF anti-CCP morning stiffness erosions MCP PIP wrist synovitis pannus
    Associated findings by system: (21):
  - Articular erosion(s) present
  - Chronic uveitis or iridocyclitis
  - Family history of rheumatoid arthritis
  - Growth retardation
  - Hemochromatosis
  - Hyperparathyroidism
  - Kerato conjunctivitis sicca
  - Lyme arthritis
  - MCP joints : arthralgia with or without swelling
  - MCP joints: synovial soft tissue swelling
  - RA factor, titer 1: (positive is greater than 1:80)
  - Ray…

[2] MCP joints : arthralgia with or without swelling (relevance: 0.765)
    Body system: Joint or joint related complaint
    Linked diagnoses: DXRA

[3] MTP 1 joints: synovial swelling (relevance: 0.758)
    Body system: Joint or joint related complaint
    Linked diagnoses: DXGT

[4] Extra-articular swelling of hands or fingers (i.e., sausage finger or dactylitis) (relevance: 0.753)
    Body system: Joint or joint related complaint
    Linked diagnoses: DXPSO

[5] MCP joints: synovial soft tissue swelling (relevance: 0.752)
    Body system: Joint or joint related complaint
    Linked diagnoses: DXRA",5,"[{""label"": ""Rheumatoid Arthritis"", ""score"": 0.8019}, {""label"": ""MCP joints : arthralgia with or without swelling"", ""score"": 0.765}, {""label"": ""MTP 1 joints: synovial swelling"", ""score"": 0.758}, {""label"": ""Extra-articular swelling of hands or fingers (i.e., sausage finger or dactylitis)"", ""score"": 0.7533}, {""label"": ""MCP joints: synovial soft tissue swelling"", ""score"": 0.752}]"
gen-004,bge,BAAI/bge-small-en-v1.5,"RELEVANT ONTOLOGY KNOWLEDGE:

[1] Rheumatoid Arthritis (relevance: 0.773)
    Clinical keywords: rheumatoid arthritis symmetric polyarthritis RF anti-CCP morning stiffness erosions MCP PIP wrist synovitis pannus
    Associated findings by system: (21):
  - Articular erosion(s) present
  - Chronic uveitis or iridocyclitis
  - Family history of rheumatoid arthritis
  - Growth retardation
  - Hemochromatosis
  - Hyperparathyroidism
  - Kerato conjunctivitis sicca
  - Lyme arthritis
  - MCP joints : arthralgia with or without swelling
  - MCP joints: synovial soft tissue swelling
  - RA factor, titer 1: (positive is greater than 1:80)
  - Ray…

[2] Systemic Lupus Erythematosus (relevance: 0.732)
    Clinical keywords: systemic lupus erythematosus malar rash photosensitivity anti-dsDNA ANA complement nephritis cytopenia oral ulcers serositis
    Associated findings by system: (30):
  - Anti-DNA antibodies, titer 1: (positive is greater than 1:10)
  - Circulating anticoagulant, lupus anticoagulant or antiphospholipid antibodies
  - Coma or pre-coma
  - Discoid lupus erythematosus
  - Eosinophil count (normal 0-500/cu mm)
  - FANA (fluorescent antinuclear antibodies)
  - FANA +, centromere
  - FANA +, diffuse or homogeneous
  - FANA +, nucleolar
  - FANA +, speckled
  -…

[3] Chronic uveitis or iridocyclitis (relevance: 0.731)
    Body system: Eyes and vision
    Diagnostic relevance: Iridocyclitis may be one of the signs of juvenile rheumatoid arthritis (especially of pauciarticular onset), ankylosing spondylitis, Reiter's syndrome, or sarcoidosis.
    Assessment: Iridocyclitis may be asymptomatic or symptomatic. In the asymptomatic form, which is usually seen in juvenile rheumatoid arthritis, the onset is insidious and the physical findings minimal initially. …
    Linked diagnoses: DXANK, DXRA

[4] Malar (butterfly) rash (relevance: 0.731)
    Linked diagnoses: DXSLE

[5] Polymyalgia Rheumatica (relevance: 0.730)
    Clinical keywords: polymyalgia rheumatica proximal stiffness shoulder girdle hip girdle ESR elevated CRP steroid responsive prednisone 15mg elderly bilateral aching morning stiffness temporal arteritis GCA
    Associated findings by system: (13):
  - Arterial biopsy, eosinophilic granulomatous vasculitis
  - Arterial biopsy, giant cell arteritis
  - Arterial biopsy, necrotizing vasculitis
  - Arterial biopsy, vasculitis
  - Cranial arteritis, clinical finding only
  - Favorable response to treatment
  - Giant cell arteritis
  - Lumbar spine pain …",5,"[{""label"": ""Rheumatoid Arthritis"", ""score"": 0.7727}, {""label"": ""Systemic Lupus Erythematosus"", ""score"": 0.7315}, {""label"": ""Chronic uveitis or iridocyclitis"", ""score"": 0.7313}, {""label"": ""Malar (butterfly) rash"", ""score"": 0.7309}, {""label"": ""Polymyalgia Rheumatica"", ""score"": 0.7304}]"
gen-005,bge,BAAI/bge-small-en-v1.5,"RELEVANT ONTOLOGY KNOWLEDGE:

[1] Rheumatoid Arthritis (relevance: 0.807)
    Clinical keywords: rheumatoid arthritis symmetric polyarthritis RF anti-CCP morning stiffness erosions MCP PIP wrist synovitis pannus
    Associated findings by system: (21):
  - Articular erosion(s) present
  - Chronic uveitis or iridocyclitis
  - Family history of rheumatoid arthritis
  - Growth retardation
  - Hemochromatosis
  - Hyperparathyroidism
  - Kerato conjunctivitis sicca
  - Lyme arthritis
  - MCP joints : arthralgia with or without swelling
  - MCP joints: synovial soft tissue swelling
  - RA factor, titer 1: (positive is greater than 1:80)
  - Ray…

[2] Lyme arthritis (relevance: 0.769)
    Body system: Present or past infectious disease
    Diagnostic relevance: Lyme arthritis can sometimes be confused with rheumatic fever or with pauciarticular juvenile rheumatoid arthritis, and thus must be excluded when diagnosing the two latter diseases.
    Assessment: Lyme arthritis is typically brief (one week) but recurrent. The large joints are usually involved, particularly the knee. When the knee is involved it is usually more swollen than painful. As noted, t…
    Linked diagnoses: DXRA

[3] Ankylosing Spondylitis (relevance: 0.761)
    Clinical keywords: ankylosing spondylitis HLA-B27 sacroiliitis syndesmophytes inflammatory back pain morning stiffness axial spondyloarthropathy
    Associated findings by system: (9):
  - Ankylosing spondylitis
  - Chronic uveitis or iridocyclitis
  - Family history of ankylosing spondylitis or related disease
  - HLA B27 antibody
  - Limitation of lumbar motion, Schober's test <5 cm (2 \"")
  - Lumbar spine pain and/or morning stiffness or night pain of the back, improving with motion
  - Sacro-iliac joints: pain elicited by stress-test
  - Sacroiliitis
  - Syndesmophytes

[4] Polymyalgia Rheumatica (relevance: 0.749)
    Clinical keywords: polymyalgia rheumatica proximal stiffness shoulder girdle hip girdle ESR elevated CRP steroid responsive prednisone 15mg elderly bilateral aching morning stiffness temporal arteritis GCA
    Associated findings by system: (13):
  - Arterial biopsy, eosinophilic granulomatous vasculitis
  - Arterial biopsy, giant cell arteritis
  - Arterial biopsy, necrotizing vasculitis
  - Arterial biopsy, vasculitis
  - Cranial arteritis, clinical finding only
  - Favorable response to treatment
  - Giant cell arteritis
  - Lumbar spine pain and/or morning stiffness or night pain of the back, improving with motio…",5,"[{""label"": ""Rheumatoid Arthritis"", ""score"": 0.8073}, {""label"": ""Lyme arthritis"", ""score"": 0.7687}, {""label"": ""Ankylosing Spondylitis"", ""score"": 0.7608}, {""label"": ""Polymyalgia Rheumatica"", ""score"": 0.7486}, {""label"": ""Reiter's Syndrome or Reactive Arthritis"", ""score"": 0.7458}]"
gen-006,bge,BAAI/bge-small-en-v1.5,"RELEVANT ONTOLOGY KNOWLEDGE:

[1] Rheumatoid Arthritis (relevance: 0.799)
    Clinical keywords: rheumatoid arthritis symmetric polyarthritis RF anti-CCP morning stiffness erosions MCP PIP wrist synovitis pannus
    Associated findings by system: (21):
  - Articular erosion(s) present
  - Chronic uveitis or iridocyclitis
  - Family history of rheumatoid arthritis
  - Growth retardation
  - Hemochromatosis
  - Hyperparathyroidism
  - Kerato conjunctivitis sicca
  - Lyme arthritis
  - MCP joints : arthralgia with or without swelling
  - MCP joints: synovial soft tissue swelling
  - RA factor, titer 1: (positive is greater than 1:80)
  - Ray…

[2] Ankylosing Spondylitis (relevance: 0.774)
    Clinical keywords: ankylosing spondylitis HLA-B27 sacroiliitis syndesmophytes inflammatory back pain morning stiffness axial spondyloarthropathy
    Associated findings by system: (9):
  - Ankylosing spondylitis
  - Chronic uveitis or iridocyclitis
  - Family history of ankylosing spondylitis or related disease
  - HLA B27 antibody
  - Limitation of lumbar motion, Schober's test <5 cm (2 \"")
  - Lumbar spine pain and/or morning stiffness or night pain of the back, improving with motion
  - Sacro-iliac joints: pain elicited by stress-test
  - Sacroiliitis
  - Syndesmophytes

[3] Polymyalgia Rheumatica (relevance: 0.770)
    Clinical keywords: polymyalgia rheumatica proximal stiffness shoulder girdle hip girdle ESR elevated CRP steroid responsive prednisone 15mg elderly bilateral aching morning stiffness temporal arteritis GCA
    Associated findings by system: (13):
  - Arterial biopsy, eosinophilic granulomatous vasculitis
  - Arterial biopsy, giant cell arteritis
  - Arterial biopsy, necrotizing vasculitis
  - Arterial biopsy, vasculitis
  - Cranial arteritis, clinical finding only
  - Favorable response to treatment
  - Giant cell arteritis
  - Lumbar spine pain and/or morning stiffness or night pain of the back, improving with motion
  - Morning st…

[4] Gout (relevance: 0.752)
    Clinical keywords: gout monosodium urate crystals MTP podagra hyperuricemia negatively birefringent acute monoarthritis
    Associated findings by system: (13):
  - Chondrocalcinosis present
  - Family history of gout
  - Gouty tophus or erosion, not proven by biopsy or needle aspiration
  - Hemochromatosis
  - Hyperparathyroidism
  - MTP 1 joints: Arthralgia present
  - MTP 1 joints: synovial swelling
  - MTP 2-5 joints: Arthralgia present
  - MTP 2-5 joints: synovial swelling
  - Serum u…",5,"[{""label"": ""Rheumatoid Arthritis"", ""score"": 0.7992}, {""label"": ""Ankylosing Spondylitis"", ""score"": 0.7743}, {""label"": ""Polymyalgia Rheumatica"", ""score"": 0.7701}, {""label"": ""Gout"", ""score"": 0.7516}, {""label"": ""Systemic Lupus Erythematosus"", ""score"": 0.7454}]"
gen-007,bge,BAAI/bge-small-en-v1.5,"RELEVANT ONTOLOGY KNOWLEDGE:

[1] Gout (relevance: 0.744)
    Clinical keywords: gout monosodium urate crystals MTP podagra hyperuricemia negatively birefringent acute monoarthritis
    Associated findings by system: (13):
  - Chondrocalcinosis present
  - Family history of gout
  - Gouty tophus or erosion, not proven by biopsy or needle aspiration
  - Hemochromatosis
  - Hyperparathyroidism
  - MTP 1 joints: Arthralgia present
  - MTP 1 joints: synovial swelling
  - MTP 2-5 joints: Arthralgia present
  - MTP 2-5 joints: synovial swelling
  - Serum uric acid (normal 1.5 to 8.0 mg/dl)
  - Serum uric acid, high…

[2] Rheumatoid Arthritis (relevance: 0.733)
    Clinical keywords: rheumatoid arthritis symmetric polyarthritis RF anti-CCP morning stiffness erosions MCP PIP wrist synovitis pannus
    Associated findings by system: (21):
  - Articular erosion(s) present
  - Chronic uveitis or iridocyclitis
  - Family history of rheumatoid arthritis
  - Growth retardation
  - Hemochromatosis
  - Hyperparathyroidism
  - Kerato conjunctivitis sicca
  - Lyme arthritis
  - MCP joints : arthralgia with or without swelling
  - MCP joints: synovial soft tissue swelling
  - RA factor, titer 1: (positive is greater than 1:80)
  - Ray…

[3] MTP 1 joints: synovial swelling (relevance: 0.727)
    Body system: Joint or joint related complaint
    Linked diagnoses: DXGT

[4] Juxta-articular swelling (sausage toe) (relevance: 0.721)
    Body system: Joint or joint related complaint
    Linked diagnoses: DXPSO

[5] Psoriatic Arthritis (relevance: 0.720)
    Clinical keywords: psoriatic arthritis psoriasis DIP dactylitis nail pitting sausage digit asymmetric oligoarthritis enthesitis
    Associated findings by system: (13):
  - DIP joints: arthralgia with or without swelling
  - DIP joints: bony joint enlargement, Heberden's nodes
  - DIP joints: synovial soft tissue swelling
  - Extra-articular swelling of hands or fingers (i.e., sausage finger or dactylitis)
  - Juxta-articular swelling (sausage toe)
  - Nail pitting
  - Pain or paresthesias, median nerve distribution
  - Pain with palpation and/or swelling …",5,"[{""label"": ""Gout"", ""score"": 0.7443}, {""label"": ""Rheumatoid Arthritis"", ""score"": 0.7327}, {""label"": ""MTP 1 joints: synovial swelling"", ""score"": 0.7274}, {""label"": ""Juxta-articular swelling (sausage toe)"", ""score"": 0.7212}, {""label"": ""Psoriatic Arthritis"", ""score"": 0.7202}]"
gen-008,bge,BAAI/bge-small-en-v1.5,"RELEVANT ONTOLOGY KNOWLEDGE:

[1] Gout (relevance: 0.805)
    Clinical keywords: gout monosodium urate crystals MTP podagra hyperuricemia negatively birefringent acute monoarthritis
    Associated findings by system: (13):
  - Chondrocalcinosis present
  - Family history of gout
  - Gouty tophus or erosion, not proven by biopsy or needle aspiration
  - Hemochromatosis
  - Hyperparathyroidism
  - MTP 1 joints: Arthralgia present
  - MTP 1 joints: synovial swelling
  - MTP 2-5 joints: Arthralgia present
  - MTP 2-5 joints: synovial swelling
  - Serum uric acid (normal 1.5 to 8.0 mg/dl)
  - Serum uric acid, high…

[2] Rheumatoid Arthritis (relevance: 0.789)
    Clinical keywords: rheumatoid arthritis symmetric polyarthritis RF anti-CCP morning stiffness erosions MCP PIP wrist synovitis pannus
    Associated findings by system: (21):
  - Articular erosion(s) present
  - Chronic uveitis or iridocyclitis
  - Family history of rheumatoid arthritis
  - Growth retardation
  - Hemochromatosis
  - Hyperparathyroidism
  - Kerato conjunctivitis sicca
  - Lyme arthritis
  - MCP joints : arthralgia with or without swelling
  - MCP joints: synovial soft tissue swelling
  - RA factor, titer 1: (positive is greater than 1:80)
  - Ray…

[3] Synovial fluid: monosodium urate crystals (relevance: 0.751)
    Diagnostic relevance: Type I synovial fluid (non-inflammatory) often occurs in degenerative joint disease, trauma, osteochondritis dissecans, osteochondromatosis, neuropathic arthropathy, subsiding or early inflammation, hypertrophic osteoarthropathy, and pigmented villonodular synovitis. Type II synovial fluid (inflammatory) often occurs in rheumatoid arthritis, acute crystal-induced synovitis (gout and pseudogout), R…
    Assessment: Normal -- WBCs <200/cu mm, PMNs <25%, culture negative, glucose in mg/dl nearly equal to that of blood. Type I (Noninflammatory) -- WBCs 200-2,000/cu mm, PMNs <25%, culture negative, glucose in mg/dl …
    Linked diagnoses: DXGT

[4] Polymyalgia Rheumatica (relevance: 0.741)
    Clinical keywords: polymyalgia rheumatica proximal stiffness shoulder girdle hip girdle ESR elevated CRP steroid responsive prednisone 15mg elderly bilateral aching morning stiffness temporal arteritis GCA
    Associated findings by system: (13):
  - Arterial biopsy, eosinophilic granulomatous vasculitis
  - Arterial biopsy, giant cell arteritis
  - Arterial biopsy, necrotizing vasculitis
  - Arterial biopsy, vasculitis
  - Cranial arteritis, clinical finding only
  -…",5,"[{""label"": ""Gout"", ""score"": 0.8047}, {""label"": ""Rheumatoid Arthritis"", ""score"": 0.7889}, {""label"": ""Synovial fluid: monosodium urate crystals"", ""score"": 0.751}, {""label"": ""Polymyalgia Rheumatica"", ""score"": 0.7414}, {""label"": ""Ankylosing Spondylitis"", ""score"": 0.74}]"
gen-009,bge,BAAI/bge-small-en-v1.5,"RELEVANT ONTOLOGY KNOWLEDGE:

[1] Gout (relevance: 0.774)
    Clinical keywords: gout monosodium urate crystals MTP podagra hyperuricemia negatively birefringent acute monoarthritis
    Associated findings by system: (13):
  - Chondrocalcinosis present
  - Family history of gout
  - Gouty tophus or erosion, not proven by biopsy or needle aspiration
  - Hemochromatosis
  - Hyperparathyroidism
  - MTP 1 joints: Arthralgia present
  - MTP 1 joints: synovial swelling
  - MTP 2-5 joints: Arthralgia present
  - MTP 2-5 joints: synovial swelling
  - Serum uric acid (normal 1.5 to 8.0 mg/dl)
  - Serum uric acid, high…

[2] MTP 1 joints: synovial swelling (relevance: 0.759)
    Body system: Joint or joint related complaint
    Linked diagnoses: DXGT

[3] Rheumatoid Arthritis (relevance: 0.749)
    Clinical keywords: rheumatoid arthritis symmetric polyarthritis RF anti-CCP morning stiffness erosions MCP PIP wrist synovitis pannus
    Associated findings by system: (21):
  - Articular erosion(s) present
  - Chronic uveitis or iridocyclitis
  - Family history of rheumatoid arthritis
  - Growth retardation
  - Hemochromatosis
  - Hyperparathyroidism
  - Kerato conjunctivitis sicca
  - Lyme arthritis
  - MCP joints : arthralgia with or without swelling
  - MCP joints: synovial soft tissue swelling
  - RA factor, titer 1: (positive is greater than 1:80)
  - Ray…

[4] MTP 2-5 joints: synovial swelling (relevance: 0.746)
    Body system: Joint or joint related complaint
    Linked diagnoses: DXGT

[5] MCP joints : arthralgia with or without swelling (relevance: 0.738)
    Body system: Joint or joint related complaint
    Linked diagnoses: DXRA",5,"[{""label"": ""Gout"", ""score"": 0.7745}, {""label"": ""MTP 1 joints: synovial swelling"", ""score"": 0.7589}, {""label"": ""Rheumatoid Arthritis"", ""score"": 0.7486}, {""label"": ""MTP 2-5 joints: synovial swelling"", ""score"": 0.7463}, {""label"": ""MCP joints : arthralgia with or without swelling"", ""score"": 0.7376}]"
gen-010,bge,BAAI/bge-small-en-v1.5,"RELEVANT ONTOLOGY KNOWLEDGE:

[1] Rheumatoid Arthritis (relevance: 0.812)
    Clinical keywords: rheumatoid arthritis symmetric polyarthritis RF anti-CCP morning stiffness erosions MCP PIP wrist synovitis pannus
    Associated findings by system: (21):
  - Articular erosion(s) present
  - Chronic uveitis or iridocyclitis
  - Family history of rheumatoid arthritis
  - Growth retardation
  - Hemochromatosis
  - Hyperparathyroidism
  - Kerato conjunctivitis sicca
  - Lyme arthritis
  - MCP joints : arthralgia with or without swelling
  - MCP joints: synovial soft tissue swelling
  - RA factor, titer 1: (positive is greater than 1:80)
  - Ray…

[2] Psoriatic Arthritis (relevance: 0.802)
    Clinical keywords: psoriatic arthritis psoriasis DIP dactylitis nail pitting sausage digit asymmetric oligoarthritis enthesitis
    Associated findings by system: (13):
  - DIP joints: arthralgia with or without swelling
  - DIP joints: bony joint enlargement, Heberden's nodes
  - DIP joints: synovial soft tissue swelling
  - Extra-articular swelling of hands or fingers (i.e., sausage finger or dactylitis)
  - Juxta-articular swelling (sausage toe)
  - Nail pitting
  - Pain or paresthesias, median nerve distribution
  - Pain with palpation and/or swelling …

[3] Polymyalgia Rheumatica (relevance: 0.760)
    Clinical keywords: polymyalgia rheumatica proximal stiffness shoulder girdle hip girdle ESR elevated CRP steroid responsive prednisone 15mg elderly bilateral aching morning stiffness temporal arteritis GCA
    Associated findings by system: (13):
  - Arterial biopsy, eosinophilic granulomatous vasculitis
  - Arterial biopsy, giant cell arteritis
  - Arterial biopsy, necrotizing vasculitis
  - Arterial biopsy, vasculitis
  - Cranial arteritis, clinical finding only
  - Favorable response to treatment
  - Giant cell arteritis
  - Lumbar spine pain and/or morning stiffness or night pain of the back, improving with motion
  - Morning st…

[4] Gout (relevance: 0.753)
    Clinical keywords: gout monosodium urate crystals MTP podagra hyperuricemia negatively birefringent acute monoarthritis
    Associated findings by system: (13):
  - Chondrocalcinosis present
  - Family history of gout
  - Gouty tophus or erosion, not proven by biopsy or needle aspiration
  - Hemochromatosis
  - Hyperparathyroidism
  - MTP 1 joints: Arthralgia present
  - MTP 1 joints: synovial swelling
  - MTP 2-5 joints: Arthralgia present
  - MTP 2-5 joints: synovial swelling
  - Serum uric acid (normal 1.…",5,"[{""label"": ""Rheumatoid Arthritis"", ""score"": 0.8124}, {""label"": ""Psoriatic Arthritis"", ""score"": 0.8018}, {""label"": ""Polymyalgia Rheumatica"", ""score"": 0.76}, {""label"": ""Gout"", ""score"": 0.7527}, {""label"": ""Raynaud's phenomenon (by history or observed)"", ""score"": 0.751}]"
gen-011,bge,BAAI/bge-small-en-v1.5,"RELEVANT ONTOLOGY KNOWLEDGE:

[1] Rheumatoid Arthritis (relevance: 0.803)
    Clinical keywords: rheumatoid arthritis symmetric polyarthritis RF anti-CCP morning stiffness erosions MCP PIP wrist synovitis pannus
    Associated findings by system: (21):
  - Articular erosion(s) present
  - Chronic uveitis or iridocyclitis
  - Family history of rheumatoid arthritis
  - Growth retardation
  - Hemochromatosis
  - Hyperparathyroidism
  - Kerato conjunctivitis sicca
  - Lyme arthritis
  - MCP joints : arthralgia with or without swelling
  - MCP joints: synovial soft tissue swelling
  - RA factor, titer 1: (positive is greater than 1:80)
  - Ray…

[2] Polymyalgia Rheumatica (relevance: 0.783)
    Clinical keywords: polymyalgia rheumatica proximal stiffness shoulder girdle hip girdle ESR elevated CRP steroid responsive prednisone 15mg elderly bilateral aching morning stiffness temporal arteritis GCA
    Associated findings by system: (13):
  - Arterial biopsy, eosinophilic granulomatous vasculitis
  - Arterial biopsy, giant cell arteritis
  - Arterial biopsy, necrotizing vasculitis
  - Arterial biopsy, vasculitis
  - Cranial arteritis, clinical finding only
  - Favorable response to treatment
  - Giant cell arteritis
  - Lumbar spine pain and/or morning stiffness or night pain of the back, improving with motion
  - Morning st…

[3] Ankylosing Spondylitis (relevance: 0.769)
    Clinical keywords: ankylosing spondylitis HLA-B27 sacroiliitis syndesmophytes inflammatory back pain morning stiffness axial spondyloarthropathy
    Associated findings by system: (9):
  - Ankylosing spondylitis
  - Chronic uveitis or iridocyclitis
  - Family history of ankylosing spondylitis or related disease
  - HLA B27 antibody
  - Limitation of lumbar motion, Schober's test <5 cm (2 \"")
  - Lumbar spine pain and/or morning stiffness or night pain of the back, improving with motion
  - Sacro-iliac joints: pain elicited by stress-test
  - Sacroiliitis
  - Syndesmophytes

[4] Psoriatic Arthritis (relevance: 0.768)
    Clinical keywords: psoriatic arthritis psoriasis DIP dactylitis nail pitting sausage digit asymmetric oligoarthritis enthesitis
    Associated findings by system: (13):
  - DIP joints: arthralgia with or without swelling
  - DIP joints: bony joint enlargement, Heberden's nodes
  - DIP joints: synovial soft tissue swelling
  - Extra-articular swelling of hands or fingers (i.e., sausage finger or dactylitis)
  - Juxta-articular swelling (sausage toe)
  - Nail pitting
  - Pain …",5,"[{""label"": ""Rheumatoid Arthritis"", ""score"": 0.8029}, {""label"": ""Polymyalgia Rheumatica"", ""score"": 0.7832}, {""label"": ""Ankylosing Spondylitis"", ""score"": 0.7694}, {""label"": ""Psoriatic Arthritis"", ""score"": 0.7677}, {""label"": ""Raynaud's phenomenon (by history or observed)"", ""score"": 0.7418}]"
gen-012,bge,BAAI/bge-small-en-v1.5,"RELEVANT ONTOLOGY KNOWLEDGE:

[1] Rheumatoid Arthritis (relevance: 0.759)
    Clinical keywords: rheumatoid arthritis symmetric polyarthritis RF anti-CCP morning stiffness erosions MCP PIP wrist synovitis pannus
    Associated findings by system: (21):
  - Articular erosion(s) present
  - Chronic uveitis or iridocyclitis
  - Family history of rheumatoid arthritis
  - Growth retardation
  - Hemochromatosis
  - Hyperparathyroidism
  - Kerato conjunctivitis sicca
  - Lyme arthritis
  - MCP joints : arthralgia with or without swelling
  - MCP joints: synovial soft tissue swelling
  - RA factor, titer 1: (positive is greater than 1:80)
  - Ray…

[2] MTP 1 joints: synovial swelling (relevance: 0.745)
    Body system: Joint or joint related complaint
    Linked diagnoses: DXGT

[3] MCP joints : arthralgia with or without swelling (relevance: 0.743)
    Body system: Joint or joint related complaint
    Linked diagnoses: DXRA

[4] Ankylosing Spondylitis (relevance: 0.740)
    Clinical keywords: ankylosing spondylitis HLA-B27 sacroiliitis syndesmophytes inflammatory back pain morning stiffness axial spondyloarthropathy
    Associated findings by system: (9):
  - Ankylosing spondylitis
  - Chronic uveitis or iridocyclitis
  - Family history of ankylosing spondylitis or related disease
  - HLA B27 antibody
  - Limitation of lumbar motion, Schober's test <5 cm (2 \"")
  - Lumbar spine pain and/or morning stiffness or night pain of the back, improving with motion
  - Sacro-iliac joints: pain elicited by stress-test
  - Sacroiliitis
  - Syndesmophytes

[5] Psoriatic Arthritis (relevance: 0.740)
    Clinical keywords: psoriatic arthritis psoriasis DIP dactylitis nail pitting sausage digit asymmetric oligoarthritis enthesitis
    Associated findings by system: (13):
  - DIP joints: arthralgia with or without swelling
  - DIP joints: bony joint enlargement, Heberden's nodes
  - DIP joints: synovial soft tissue swelling
  - Extra-articular swelling of hands or fingers (i.e., sausage finger or dactylitis)
  - Juxta-articular swelling (sausage toe)
  - Nail pitting
  - Pain or paresthesias, median nerve distribution
  - Pain with palpation and/or swelling …",5,"[{""label"": ""Rheumatoid Arthritis"", ""score"": 0.7587}, {""label"": ""MTP 1 joints: synovial swelling"", ""score"": 0.7455}, {""label"": ""MCP joints : arthralgia with or without swelling"", ""score"": 0.7432}, {""label"": ""Ankylosing Spondylitis"", ""score"": 0.7396}, {""label"": ""Psoriatic Arthritis"", ""score"": 0.7396}]"
gen-013,bge,BAAI/bge-small-en-v1.5,"RELEVANT ONTOLOGY KNOWLEDGE:

[1] Lumbar spine pain and/or morning stiffness or night pain of the back, improving with motion (relevance: 0.813)
    Body system: Spine complaint
    Diagnostic relevance: It is a typical complaint of ankylosing spondylitis or other inflammatory diseases of the spine.
    Assessment: Assessed by history. Ask if the patient ever wakes up at night with back pain or stiffness that subsides after some exercise. Report as present or absent.
    Linked diagnoses: DXANK, DXPMR

[2] Ankylosing Spondylitis (relevance: 0.781)
    Clinical keywords: ankylosing spondylitis HLA-B27 sacroiliitis syndesmophytes inflammatory back pain morning stiffness axial spondyloarthropathy
    Associated findings by system: (9):
  - Ankylosing spondylitis
  - Chronic uveitis or iridocyclitis
  - Family history of ankylosing spondylitis or related disease
  - HLA B27 antibody
  - Limitation of lumbar motion, Schober's test <5 cm (2 \"")
  - Lumbar spine pain and/or morning stiffness or night pain of the back, improving with motion
  - Sacro-iliac joints: pain elicited by stress-test
  - Sacroiliitis
  - Syndesmophytes

[3] Polymyalgia Rheumatica (relevance: 0.746)
    Clinical keywords: polymyalgia rheumatica proximal stiffness shoulder girdle hip girdle ESR elevated CRP steroid responsive prednisone 15mg elderly bilateral aching morning stiffness temporal arteritis GCA
    Associated findings by system: (13):
  - Arterial biopsy, eosinophilic granulomatous vasculitis
  - Arterial biopsy, giant cell arteritis
  - Arterial biopsy, necrotizing vasculitis
  - Arterial biopsy, vasculitis
  - Cranial arteritis, clinical finding only
  - Favorable response to treatment
  - Giant cell arteritis
  - Lumbar spine pain and/or morning stiffness or night pain of the back, improving with motion
  - Morning st…

[4] Rheumatoid Arthritis (relevance: 0.729)
    Clinical keywords: rheumatoid arthritis symmetric polyarthritis RF anti-CCP morning stiffness erosions MCP PIP wrist synovitis pannus
    Associated findings by system: (21):
  - Articular erosion(s) present
  - Chronic uveitis or iridocyclitis
  - Family history of rheumatoid arthritis
  - Growth retardation
  - Hemochromatosis
  - Hyperparathyroidism
  - Kerato conjunctivitis sicca
  - Lyme arthritis
  - MCP joints : arthralgia with or without swelling
  - MCP joints: synovial soft tissue swelling
  - RA factor, titer 1: (positive is greater than 1:80)
  - Ray…

[5] Morning stiffness (>1 hour) (relevance: 0.72…",5,"[{""label"": ""Lumbar spine pain and/or morning stiffness or night pain of the back, improving with motion"", ""score"": 0.8129}, {""label"": ""Ankylosing Spondylitis"", ""score"": 0.7807}, {""label"": ""Polymyalgia Rheumatica"", ""score"": 0.7461}, {""label"": ""Rheumatoid Arthritis"", ""score"": 0.7286}, {""label"": ""Morning stiffness (>1 hour)"", ""score"": 0.7198}]"
gen-014,bge,BAAI/bge-small-en-v1.5,"RELEVANT ONTOLOGY KNOWLEDGE:

[1] Rheumatoid Arthritis (relevance: 0.767)
    Clinical keywords: rheumatoid arthritis symmetric polyarthritis RF anti-CCP morning stiffness erosions MCP PIP wrist synovitis pannus
    Associated findings by system: (21):
  - Articular erosion(s) present
  - Chronic uveitis or iridocyclitis
  - Family history of rheumatoid arthritis
  - Growth retardation
  - Hemochromatosis
  - Hyperparathyroidism
  - Kerato conjunctivitis sicca
  - Lyme arthritis
  - MCP joints : arthralgia with or without swelling
  - MCP joints: synovial soft tissue swelling
  - RA factor, titer 1: (positive is greater than 1:80)
  - Ray…

[2] Ankylosing Spondylitis (relevance: 0.756)
    Clinical keywords: ankylosing spondylitis HLA-B27 sacroiliitis syndesmophytes inflammatory back pain morning stiffness axial spondyloarthropathy
    Associated findings by system: (9):
  - Ankylosing spondylitis
  - Chronic uveitis or iridocyclitis
  - Family history of ankylosing spondylitis or related disease
  - HLA B27 antibody
  - Limitation of lumbar motion, Schober's test <5 cm (2 \"")
  - Lumbar spine pain and/or morning stiffness or night pain of the back, improving with motion
  - Sacro-iliac joints: pain elicited by stress-test
  - Sacroiliitis
  - Syndesmophytes

[3] Psoriatic Arthritis (relevance: 0.743)
    Clinical keywords: psoriatic arthritis psoriasis DIP dactylitis nail pitting sausage digit asymmetric oligoarthritis enthesitis
    Associated findings by system: (13):
  - DIP joints: arthralgia with or without swelling
  - DIP joints: bony joint enlargement, Heberden's nodes
  - DIP joints: synovial soft tissue swelling
  - Extra-articular swelling of hands or fingers (i.e., sausage finger or dactylitis)
  - Juxta-articular swelling (sausage toe)
  - Nail pitting
  - Pain or paresthesias, median nerve distribution
  - Pain with palpation and/or swelling …

[4] Polymyalgia Rheumatica (relevance: 0.734)
    Clinical keywords: polymyalgia rheumatica proximal stiffness shoulder girdle hip girdle ESR elevated CRP steroid responsive prednisone 15mg elderly bilateral aching morning stiffness temporal arteritis GCA
    Associated findings by system: (13):
  - Arterial biopsy, eosinophilic granulomatous vasculitis
  - Arterial biopsy, giant cell arteritis
  - Arterial biopsy, necrotizing vasculitis
  - Arterial biopsy, vasculitis
  - Cranial arteritis, clinical finding only
  - Favorable response to treatment
  - Giant cell arteritis
  - Lumbar spine pain and/o…",5,"[{""label"": ""Rheumatoid Arthritis"", ""score"": 0.7673}, {""label"": ""Ankylosing Spondylitis"", ""score"": 0.7556}, {""label"": ""Psoriatic Arthritis"", ""score"": 0.7429}, {""label"": ""Polymyalgia Rheumatica"", ""score"": 0.7343}, {""label"": ""MCP joints : arthralgia with or without swelling"", ""score"": 0.733}]"
gen-015,bge,BAAI/bge-small-en-v1.5,"RELEVANT ONTOLOGY KNOWLEDGE:

[1] Ankylosing Spondylitis (relevance: 0.821)
    Clinical keywords: ankylosing spondylitis HLA-B27 sacroiliitis syndesmophytes inflammatory back pain morning stiffness axial spondyloarthropathy
    Associated findings by system: (9):
  - Ankylosing spondylitis
  - Chronic uveitis or iridocyclitis
  - Family history of ankylosing spondylitis or related disease
  - HLA B27 antibody
  - Limitation of lumbar motion, Schober's test <5 cm (2 \"")
  - Lumbar spine pain and/or morning stiffness or night pain of the back, improving with motion
  - Sacro-iliac joints: pain elicited by stress-test
  - Sacroiliitis
  - Syndesmophytes

[2] Rheumatoid Arthritis (relevance: 0.782)
    Clinical keywords: rheumatoid arthritis symmetric polyarthritis RF anti-CCP morning stiffness erosions MCP PIP wrist synovitis pannus
    Associated findings by system: (21):
  - Articular erosion(s) present
  - Chronic uveitis or iridocyclitis
  - Family history of rheumatoid arthritis
  - Growth retardation
  - Hemochromatosis
  - Hyperparathyroidism
  - Kerato conjunctivitis sicca
  - Lyme arthritis
  - MCP joints : arthralgia with or without swelling
  - MCP joints: synovial soft tissue swelling
  - RA factor, titer 1: (positive is greater than 1:80)
  - Ray…

[3] Polymyalgia Rheumatica (relevance: 0.777)
    Clinical keywords: polymyalgia rheumatica proximal stiffness shoulder girdle hip girdle ESR elevated CRP steroid responsive prednisone 15mg elderly bilateral aching morning stiffness temporal arteritis GCA
    Associated findings by system: (13):
  - Arterial biopsy, eosinophilic granulomatous vasculitis
  - Arterial biopsy, giant cell arteritis
  - Arterial biopsy, necrotizing vasculitis
  - Arterial biopsy, vasculitis
  - Cranial arteritis, clinical finding only
  - Favorable response to treatment
  - Giant cell arteritis
  - Lumbar spine pain and/or morning stiffness or night pain of the back, improving with motion
  - Morning st…

[4] Lumbar spine pain and/or morning stiffness or night pain of the back, improving with motion (relevance: 0.768)
    Body system: Spine complaint
    Diagnostic relevance: It is a typical complaint of ankylosing spondylitis or other inflammatory diseases of the spine.
    Assessment: Assessed by history. Ask if the patient ever wakes up at night with back pain or stiffness that subsides after some exercise. Report as present or absent.
    Linked diagnoses: DXANK, DXPMR

[5] Sacroiliitis (relevance: 0.751)
    Body sys…",5,"[{""label"": ""Ankylosing Spondylitis"", ""score"": 0.8215}, {""label"": ""Rheumatoid Arthritis"", ""score"": 0.782}, {""label"": ""Polymyalgia Rheumatica"", ""score"": 0.7772}, {""label"": ""Lumbar spine pain and/or morning stiffness or night pain of the back, improving with motion"", ""score"": 0.7682}, {""label"": ""Sacroiliitis"", ""score"": 0.7506}]"
gen-016,bge,BAAI/bge-small-en-v1.5,"RELEVANT ONTOLOGY KNOWLEDGE:

[1] Polymyalgia Rheumatica (relevance: 0.779)
    Clinical keywords: polymyalgia rheumatica proximal stiffness shoulder girdle hip girdle ESR elevated CRP steroid responsive prednisone 15mg elderly bilateral aching morning stiffness temporal arteritis GCA
    Associated findings by system: (13):
  - Arterial biopsy, eosinophilic granulomatous vasculitis
  - Arterial biopsy, giant cell arteritis
  - Arterial biopsy, necrotizing vasculitis
  - Arterial biopsy, vasculitis
  - Cranial arteritis, clinical finding only
  - Favorable response to treatment
  - Giant cell arteritis
  - Lumbar spine pain and/or morning stiffness or night pain of the back, improving with motion
  - Morning st…

[2] Lumbar spine pain and/or morning stiffness or night pain of the back, improving with motion (relevance: 0.765)
    Body system: Spine complaint
    Diagnostic relevance: It is a typical complaint of ankylosing spondylitis or other inflammatory diseases of the spine.
    Assessment: Assessed by history. Ask if the patient ever wakes up at night with back pain or stiffness that subsides after some exercise. Report as present or absent.
    Linked diagnoses: DXANK, DXPMR

[3] Ankylosing Spondylitis (relevance: 0.759)
    Clinical keywords: ankylosing spondylitis HLA-B27 sacroiliitis syndesmophytes inflammatory back pain morning stiffness axial spondyloarthropathy
    Associated findings by system: (9):
  - Ankylosing spondylitis
  - Chronic uveitis or iridocyclitis
  - Family history of ankylosing spondylitis or related disease
  - HLA B27 antibody
  - Limitation of lumbar motion, Schober's test <5 cm (2 \"")
  - Lumbar spine pain and/or morning stiffness or night pain of the back, improving with motion
  - Sacro-iliac joints: pain elicited by stress-test
  - Sacroiliitis
  - Syndesmophytes

[4] Morning stiffness (>1 hour) (relevance: 0.758)
    Linked diagnoses: DXPMR

[5] Rheumatoid Arthritis (relevance: 0.730)
    Clinical keywords: rheumatoid arthritis symmetric polyarthritis RF anti-CCP morning stiffness erosions MCP PIP wrist synovitis pannus
    Associated findings by system: (21):
  - Articular erosion(s) present
  - Chronic uveitis or iridocyclitis
  - Family history of rheumatoid arthritis
  - Growth retardation
  - Hemochromatosis
  - Hyperparathyroidism
  - Kerato conjunctivitis sicca
  - Lyme arthritis
  - MCP joints : arthralgia with or without swelling
  - MCP joints: synovial soft tissue swelling
  - RA factor, titer 1: (positive …",5,"[{""label"": ""Polymyalgia Rheumatica"", ""score"": 0.7791}, {""label"": ""Lumbar spine pain and/or morning stiffness or night pain of the back, improving with motion"", ""score"": 0.7646}, {""label"": ""Ankylosing Spondylitis"", ""score"": 0.7595}, {""label"": ""Morning stiffness (>1 hour)"", ""score"": 0.7579}, {""label"": ""Rheumatoid Arthritis"", ""score"": 0.7297}]"
gen-017,bge,BAAI/bge-small-en-v1.5,"RELEVANT ONTOLOGY KNOWLEDGE:

[1] Polymyalgia Rheumatica (relevance: 0.799)
    Clinical keywords: polymyalgia rheumatica proximal stiffness shoulder girdle hip girdle ESR elevated CRP steroid responsive prednisone 15mg elderly bilateral aching morning stiffness temporal arteritis GCA
    Associated findings by system: (13):
  - Arterial biopsy, eosinophilic granulomatous vasculitis
  - Arterial biopsy, giant cell arteritis
  - Arterial biopsy, necrotizing vasculitis
  - Arterial biopsy, vasculitis
  - Cranial arteritis, clinical finding only
  - Favorable response to treatment
  - Giant cell arteritis
  - Lumbar spine pain and/or morning stiffness or night pain of the back, improving with motion
  - Morning st…

[2] Ankylosing Spondylitis (relevance: 0.755)
    Clinical keywords: ankylosing spondylitis HLA-B27 sacroiliitis syndesmophytes inflammatory back pain morning stiffness axial spondyloarthropathy
    Associated findings by system: (9):
  - Ankylosing spondylitis
  - Chronic uveitis or iridocyclitis
  - Family history of ankylosing spondylitis or related disease
  - HLA B27 antibody
  - Limitation of lumbar motion, Schober's test <5 cm (2 \"")
  - Lumbar spine pain and/or morning stiffness or night pain of the back, improving with motion
  - Sacro-iliac joints: pain elicited by stress-test
  - Sacroiliitis
  - Syndesmophytes

[3] Rheumatoid Arthritis (relevance: 0.747)
    Clinical keywords: rheumatoid arthritis symmetric polyarthritis RF anti-CCP morning stiffness erosions MCP PIP wrist synovitis pannus
    Associated findings by system: (21):
  - Articular erosion(s) present
  - Chronic uveitis or iridocyclitis
  - Family history of rheumatoid arthritis
  - Growth retardation
  - Hemochromatosis
  - Hyperparathyroidism
  - Kerato conjunctivitis sicca
  - Lyme arthritis
  - MCP joints : arthralgia with or without swelling
  - MCP joints: synovial soft tissue swelling
  - RA factor, titer 1: (positive is greater than 1:80)
  - Ray…

[4] Lumbar spine pain and/or morning stiffness or night pain of the back, improving with motion (relevance: 0.742)
    Body system: Spine complaint
    Diagnostic relevance: It is a typical complaint of ankylosing spondylitis or other inflammatory diseases of the spine.
    Assessment: Assessed by history. Ask if the patient ever wakes up at night with back pain or stiffness that subsides after some exercise. Report as present or absent.
    Linked diagnoses: DXANK, DXPMR

[5] MTP 2-5 joints: synovial swelling (relevance…",5,"[{""label"": ""Polymyalgia Rheumatica"", ""score"": 0.7988}, {""label"": ""Ankylosing Spondylitis"", ""score"": 0.7548}, {""label"": ""Rheumatoid Arthritis"", ""score"": 0.7471}, {""label"": ""Lumbar spine pain and/or morning stiffness or night pain of the back, improving with motion"", ""score"": 0.7421}, {""label"": ""MTP 2-5 joints: synovial swelling"", ""score"": 0.7182}]"
gen-018,bge,BAAI/bge-small-en-v1.5,"RELEVANT ONTOLOGY KNOWLEDGE:

[1] Polymyalgia Rheumatica (relevance: 0.766)
    Clinical keywords: polymyalgia rheumatica proximal stiffness shoulder girdle hip girdle ESR elevated CRP steroid responsive prednisone 15mg elderly bilateral aching morning stiffness temporal arteritis GCA
    Associated findings by system: (13):
  - Arterial biopsy, eosinophilic granulomatous vasculitis
  - Arterial biopsy, giant cell arteritis
  - Arterial biopsy, necrotizing vasculitis
  - Arterial biopsy, vasculitis
  - Cranial arteritis, clinical finding only
  - Favorable response to treatment
  - Giant cell arteritis
  - Lumbar spine pain and/or morning stiffness or night pain of the back, improving with motion
  - Morning st…

[2] Ankylosing Spondylitis (relevance: 0.752)
    Clinical keywords: ankylosing spondylitis HLA-B27 sacroiliitis syndesmophytes inflammatory back pain morning stiffness axial spondyloarthropathy
    Associated findings by system: (9):
  - Ankylosing spondylitis
  - Chronic uveitis or iridocyclitis
  - Family history of ankylosing spondylitis or related disease
  - HLA B27 antibody
  - Limitation of lumbar motion, Schober's test <5 cm (2 \"")
  - Lumbar spine pain and/or morning stiffness or night pain of the back, improving with motion
  - Sacro-iliac joints: pain elicited by stress-test
  - Sacroiliitis
  - Syndesmophytes

[3] Lumbar spine pain and/or morning stiffness or night pain of the back, improving with motion (relevance: 0.740)
    Body system: Spine complaint
    Diagnostic relevance: It is a typical complaint of ankylosing spondylitis or other inflammatory diseases of the spine.
    Assessment: Assessed by history. Ask if the patient ever wakes up at night with back pain or stiffness that subsides after some exercise. Report as present or absent.
    Linked diagnoses: DXANK, DXPMR

[4] Rheumatoid Arthritis (relevance: 0.739)
    Clinical keywords: rheumatoid arthritis symmetric polyarthritis RF anti-CCP morning stiffness erosions MCP PIP wrist synovitis pannus
    Associated findings by system: (21):
  - Articular erosion(s) present
  - Chronic uveitis or iridocyclitis
  - Family history of rheumatoid arthritis
  - Growth retardation
  - Hemochromatosis
  - Hyperparathyroidism
  - Kerato conjunctivitis sicca
  - Lyme arthritis
  - MCP joints : arthralgia with or without swelling
  - MCP joints: synovial soft tissue swelling
  - RA factor, titer 1: (positive is greater than 1:80)
  - Ray…

[5] MCP joints : arthralgia with or without swel…",5,"[{""label"": ""Polymyalgia Rheumatica"", ""score"": 0.7663}, {""label"": ""Ankylosing Spondylitis"", ""score"": 0.7523}, {""label"": ""Lumbar spine pain and/or morning stiffness or night pain of the back, improving with motion"", ""score"": 0.7401}, {""label"": ""Rheumatoid Arthritis"", ""score"": 0.7389}, {""label"": ""MCP joints : arthralgia with or without swelling"", ""score"": 0.7124}]"
gen-019,bge,BAAI/bge-small-en-v1.5,"RELEVANT ONTOLOGY KNOWLEDGE:

[1] Rheumatoid Arthritis (relevance: 0.752)
    Clinical keywords: rheumatoid arthritis symmetric polyarthritis RF anti-CCP morning stiffness erosions MCP PIP wrist synovitis pannus
    Associated findings by system: (21):
  - Articular erosion(s) present
  - Chronic uveitis or iridocyclitis
  - Family history of rheumatoid arthritis
  - Growth retardation
  - Hemochromatosis
  - Hyperparathyroidism
  - Kerato conjunctivitis sicca
  - Lyme arthritis
  - MCP joints : arthralgia with or without swelling
  - MCP joints: synovial soft tissue swelling
  - RA factor, titer 1: (positive is greater than 1:80)
  - Ray…

[2] Gout (relevance: 0.739)
    Clinical keywords: gout monosodium urate crystals MTP podagra hyperuricemia negatively birefringent acute monoarthritis
    Associated findings by system: (13):
  - Chondrocalcinosis present
  - Family history of gout
  - Gouty tophus or erosion, not proven by biopsy or needle aspiration
  - Hemochromatosis
  - Hyperparathyroidism
  - MTP 1 joints: Arthralgia present
  - MTP 1 joints: synovial swelling
  - MTP 2-5 joints: Arthralgia present
  - MTP 2-5 joints: synovial swelling
  - Serum uric acid (normal 1.5 to 8.0 mg/dl)
  - Serum uric acid, high…

[3] MTP 1 joints: synovial swelling (relevance: 0.735)
    Body system: Joint or joint related complaint
    Linked diagnoses: DXGT

[4] MCP joints : arthralgia with or without swelling (relevance: 0.730)
    Body system: Joint or joint related complaint
    Linked diagnoses: DXRA

[5] MTP 2-5 joints: synovial swelling (relevance: 0.726)
    Body system: Joint or joint related complaint
    Linked diagnoses: DXGT",5,"[{""label"": ""Rheumatoid Arthritis"", ""score"": 0.752}, {""label"": ""Gout"", ""score"": 0.7392}, {""label"": ""MTP 1 joints: synovial swelling"", ""score"": 0.7354}, {""label"": ""MCP joints : arthralgia with or without swelling"", ""score"": 0.7295}, {""label"": ""MTP 2-5 joints: synovial swelling"", ""score"": 0.7256}]"
gen-020,bge,BAAI/bge-small-en-v1.5,"RELEVANT ONTOLOGY KNOWLEDGE:

[1] Ankylosing Spondylitis (relevance: 0.776)
    Clinical keywords: ankylosing spondylitis HLA-B27 sacroiliitis syndesmophytes inflammatory back pain morning stiffness axial spondyloarthropathy
    Associated findings by system: (9):
  - Ankylosing spondylitis
  - Chronic uveitis or iridocyclitis
  - Family history of ankylosing spondylitis or related disease
  - HLA B27 antibody
  - Limitation of lumbar motion, Schober's test <5 cm (2 \"")
  - Lumbar spine pain and/or morning stiffness or night pain of the back, improving with motion
  - Sacro-iliac joints: pain elicited by stress-test
  - Sacroiliitis
  - Syndesmophytes

[2] Lumbar spine pain and/or morning stiffness or night pain of the back, improving with motion (relevance: 0.767)
    Body system: Spine complaint
    Diagnostic relevance: It is a typical complaint of ankylosing spondylitis or other inflammatory diseases of the spine.
    Assessment: Assessed by history. Ask if the patient ever wakes up at night with back pain or stiffness that subsides after some exercise. Report as present or absent.
    Linked diagnoses: DXANK, DXPMR

[3] Rheumatoid Arthritis (relevance: 0.761)
    Clinical keywords: rheumatoid arthritis symmetric polyarthritis RF anti-CCP morning stiffness erosions MCP PIP wrist synovitis pannus
    Associated findings by system: (21):
  - Articular erosion(s) present
  - Chronic uveitis or iridocyclitis
  - Family history of rheumatoid arthritis
  - Growth retardation
  - Hemochromatosis
  - Hyperparathyroidism
  - Kerato conjunctivitis sicca
  - Lyme arthritis
  - MCP joints : arthralgia with or without swelling
  - MCP joints: synovial soft tissue swelling
  - RA factor, titer 1: (positive is greater than 1:80)
  - Ray…

[4] Polymyalgia Rheumatica (relevance: 0.755)
    Clinical keywords: polymyalgia rheumatica proximal stiffness shoulder girdle hip girdle ESR elevated CRP steroid responsive prednisone 15mg elderly bilateral aching morning stiffness temporal arteritis GCA
    Associated findings by system: (13):
  - Arterial biopsy, eosinophilic granulomatous vasculitis
  - Arterial biopsy, giant cell arteritis
  - Arterial biopsy, necrotizing vasculitis
  - Arterial biopsy, vasculitis
  - Cranial arteritis, clinical finding only
  - Favorable response to treatment
  - Giant cell arteritis
  - Lumbar spine pain and/or morning stiffness or night pain of the back, improving with motion
  - Morning st…

[5] Non-specific Back Pain (relevance: 0.752)",5,"[{""label"": ""Ankylosing Spondylitis"", ""score"": 0.7758}, {""label"": ""Lumbar spine pain and/or morning stiffness or night pain of the back, improving with motion"", ""score"": 0.7668}, {""label"": ""Rheumatoid Arthritis"", ""score"": 0.7609}, {""label"": ""Polymyalgia Rheumatica"", ""score"": 0.755}, {""label"": ""Non-specific Back Pain"", ""score"": 0.7518}]"
gen-021,bge,BAAI/bge-small-en-v1.5,"RELEVANT ONTOLOGY KNOWLEDGE:

[1] Rheumatoid Arthritis (relevance: 0.794)
    Clinical keywords: rheumatoid arthritis symmetric polyarthritis RF anti-CCP morning stiffness erosions MCP PIP wrist synovitis pannus
    Associated findings by system: (21):
  - Articular erosion(s) present
  - Chronic uveitis or iridocyclitis
  - Family history of rheumatoid arthritis
  - Growth retardation
  - Hemochromatosis
  - Hyperparathyroidism
  - Kerato conjunctivitis sicca
  - Lyme arthritis
  - MCP joints : arthralgia with or without swelling
  - MCP joints: synovial soft tissue swelling
  - RA factor, titer 1: (positive is greater than 1:80)
  - Ray…

[2] Systemic Lupus Erythematosus (relevance: 0.792)
    Clinical keywords: systemic lupus erythematosus malar rash photosensitivity anti-dsDNA ANA complement nephritis cytopenia oral ulcers serositis
    Associated findings by system: (30):
  - Anti-DNA antibodies, titer 1: (positive is greater than 1:10)
  - Circulating anticoagulant, lupus anticoagulant or antiphospholipid antibodies
  - Coma or pre-coma
  - Discoid lupus erythematosus
  - Eosinophil count (normal 0-500/cu mm)
  - FANA (fluorescent antinuclear antibodies)
  - FANA +, centromere
  - FANA +, diffuse or homogeneous
  - FANA +, nucleolar
  - FANA +, speckled
  -…

[3] Polymyalgia Rheumatica (relevance: 0.768)
    Clinical keywords: polymyalgia rheumatica proximal stiffness shoulder girdle hip girdle ESR elevated CRP steroid responsive prednisone 15mg elderly bilateral aching morning stiffness temporal arteritis GCA
    Associated findings by system: (13):
  - Arterial biopsy, eosinophilic granulomatous vasculitis
  - Arterial biopsy, giant cell arteritis
  - Arterial biopsy, necrotizing vasculitis
  - Arterial biopsy, vasculitis
  - Cranial arteritis, clinical finding only
  - Favorable response to treatment
  - Giant cell arteritis
  - Lumbar spine pain and/or morning stiffness or night pain of the back, improving with motion
  - Morning st…

[4] Malar (butterfly) rash (relevance: 0.757)
    Linked diagnoses: DXSLE

[5] Gout (relevance: 0.746)
    Clinical keywords: gout monosodium urate crystals MTP podagra hyperuricemia negatively birefringent acute monoarthritis
    Associated findings by system: (13):
  - Chondrocalcinosis present
  - Family history of gout
  - Gouty tophus or erosion, not proven by biopsy or needle aspiration
  - Hemochromatosis
  - Hyperparathyroidism
  - MTP 1 joints: Arthralgia present
  - MTP 1 joints: synovial swelling
  - MTP…",5,"[{""label"": ""Rheumatoid Arthritis"", ""score"": 0.794}, {""label"": ""Systemic Lupus Erythematosus"", ""score"": 0.7922}, {""label"": ""Polymyalgia Rheumatica"", ""score"": 0.7678}, {""label"": ""Malar (butterfly) rash"", ""score"": 0.7571}, {""label"": ""Gout"", ""score"": 0.7455}]"
gen-022,bge,BAAI/bge-small-en-v1.5,"RELEVANT ONTOLOGY KNOWLEDGE:

[1] Rheumatoid Arthritis (relevance: 0.784)
    Clinical keywords: rheumatoid arthritis symmetric polyarthritis RF anti-CCP morning stiffness erosions MCP PIP wrist synovitis pannus
    Associated findings by system: (21):
  - Articular erosion(s) present
  - Chronic uveitis or iridocyclitis
  - Family history of rheumatoid arthritis
  - Growth retardation
  - Hemochromatosis
  - Hyperparathyroidism
  - Kerato conjunctivitis sicca
  - Lyme arthritis
  - MCP joints : arthralgia with or without swelling
  - MCP joints: synovial soft tissue swelling
  - RA factor, titer 1: (positive is greater than 1:80)
  - Ray…

[2] Psoriatic Arthritis (relevance: 0.771)
    Clinical keywords: psoriatic arthritis psoriasis DIP dactylitis nail pitting sausage digit asymmetric oligoarthritis enthesitis
    Associated findings by system: (13):
  - DIP joints: arthralgia with or without swelling
  - DIP joints: bony joint enlargement, Heberden's nodes
  - DIP joints: synovial soft tissue swelling
  - Extra-articular swelling of hands or fingers (i.e., sausage finger or dactylitis)
  - Juxta-articular swelling (sausage toe)
  - Nail pitting
  - Pain or paresthesias, median nerve distribution
  - Pain with palpation and/or swelling …

[3] Extra-articular swelling of hands or fingers (i.e., sausage finger or dactylitis) (relevance: 0.757)
    Body system: Joint or joint related complaint
    Linked diagnoses: DXPSO

[4] MTP 1 joints: synovial swelling (relevance: 0.740)
    Body system: Joint or joint related complaint
    Linked diagnoses: DXGT

[5] MCP joints : arthralgia with or without swelling (relevance: 0.734)
    Body system: Joint or joint related complaint
    Linked diagnoses: DXRA",5,"[{""label"": ""Rheumatoid Arthritis"", ""score"": 0.7839}, {""label"": ""Psoriatic Arthritis"", ""score"": 0.7707}, {""label"": ""Extra-articular swelling of hands or fingers (i.e., sausage finger or dactylitis)"", ""score"": 0.7571}, {""label"": ""MTP 1 joints: synovial swelling"", ""score"": 0.7403}, {""label"": ""MCP joints : arthralgia with or without swelling"", ""score"": 0.7342}]"
gen-023,bge,BAAI/bge-small-en-v1.5,"RELEVANT ONTOLOGY KNOWLEDGE:

[1] Rheumatoid Arthritis (relevance: 0.802)
    Clinical keywords: rheumatoid arthritis symmetric polyarthritis RF anti-CCP morning stiffness erosions MCP PIP wrist synovitis pannus
    Associated findings by system: (21):
  - Articular erosion(s) present
  - Chronic uveitis or iridocyclitis
  - Family history of rheumatoid arthritis
  - Growth retardation
  - Hemochromatosis
  - Hyperparathyroidism
  - Kerato conjunctivitis sicca
  - Lyme arthritis
  - MCP joints : arthralgia with or without swelling
  - MCP joints: synovial soft tissue swelling
  - RA factor, titer 1: (positive is greater than 1:80)
  - Ray…

[2] Ankylosing Spondylitis (relevance: 0.767)
    Clinical keywords: ankylosing spondylitis HLA-B27 sacroiliitis syndesmophytes inflammatory back pain morning stiffness axial spondyloarthropathy
    Associated findings by system: (9):
  - Ankylosing spondylitis
  - Chronic uveitis or iridocyclitis
  - Family history of ankylosing spondylitis or related disease
  - HLA B27 antibody
  - Limitation of lumbar motion, Schober's test <5 cm (2 \"")
  - Lumbar spine pain and/or morning stiffness or night pain of the back, improving with motion
  - Sacro-iliac joints: pain elicited by stress-test
  - Sacroiliitis
  - Syndesmophytes

[3] MCP joints : arthralgia with or without swelling (relevance: 0.752)
    Body system: Joint or joint related complaint
    Linked diagnoses: DXRA

[4] Gout (relevance: 0.751)
    Clinical keywords: gout monosodium urate crystals MTP podagra hyperuricemia negatively birefringent acute monoarthritis
    Associated findings by system: (13):
  - Chondrocalcinosis present
  - Family history of gout
  - Gouty tophus or erosion, not proven by biopsy or needle aspiration
  - Hemochromatosis
  - Hyperparathyroidism
  - MTP 1 joints: Arthralgia present
  - MTP 1 joints: synovial swelling
  - MTP 2-5 joints: Arthralgia present
  - MTP 2-5 joints: synovial swelling
  - Serum uric acid (normal 1.5 to 8.0 mg/dl)
  - Serum uric acid, high…

[5] Lyme arthritis (relevance: 0.748)
    Body system: Present or past infectious disease
    Diagnostic relevance: Lyme arthritis can sometimes be confused with rheumatic fever or with pauciarticular juvenile rheumatoid arthritis, and thus must be excluded when diagnosing the two latter diseases.
    Assessment: Lyme arthritis is typically brief (one week) but recurrent. The large joints are usually involved, particularly the knee. When the knee is involved it is usually mor…",5,"[{""label"": ""Rheumatoid Arthritis"", ""score"": 0.8019}, {""label"": ""Ankylosing Spondylitis"", ""score"": 0.7674}, {""label"": ""MCP joints : arthralgia with or without swelling"", ""score"": 0.7525}, {""label"": ""Gout"", ""score"": 0.7509}, {""label"": ""Lyme arthritis"", ""score"": 0.7484}]"
gen-024,bge,BAAI/bge-small-en-v1.5,"RELEVANT ONTOLOGY KNOWLEDGE:

[1] Ankylosing Spondylitis (relevance: 0.730)
    Clinical keywords: ankylosing spondylitis HLA-B27 sacroiliitis syndesmophytes inflammatory back pain morning stiffness axial spondyloarthropathy
    Associated findings by system: (9):
  - Ankylosing spondylitis
  - Chronic uveitis or iridocyclitis
  - Family history of ankylosing spondylitis or related disease
  - HLA B27 antibody
  - Limitation of lumbar motion, Schober's test <5 cm (2 \"")
  - Lumbar spine pain and/or morning stiffness or night pain of the back, improving with motion
  - Sacro-iliac joints: pain elicited by stress-test
  - Sacroiliitis
  - Syndesmophytes

[2] Lumbar spine pain and/or morning stiffness or night pain of the back, improving with motion (relevance: 0.728)
    Body system: Spine complaint
    Diagnostic relevance: It is a typical complaint of ankylosing spondylitis or other inflammatory diseases of the spine.
    Assessment: Assessed by history. Ask if the patient ever wakes up at night with back pain or stiffness that subsides after some exercise. Report as present or absent.
    Linked diagnoses: DXANK, DXPMR

[3] Polymyalgia Rheumatica (relevance: 0.719)
    Clinical keywords: polymyalgia rheumatica proximal stiffness shoulder girdle hip girdle ESR elevated CRP steroid responsive prednisone 15mg elderly bilateral aching morning stiffness temporal arteritis GCA
    Associated findings by system: (13):
  - Arterial biopsy, eosinophilic granulomatous vasculitis
  - Arterial biopsy, giant cell arteritis
  - Arterial biopsy, necrotizing vasculitis
  - Arterial biopsy, vasculitis
  - Cranial arteritis, clinical finding only
  - Favorable response to treatment
  - Giant cell arteritis
  - Lumbar spine pain and/or morning stiffness or night pain of the back, improving with motion
  - Morning st…

[4] Organic brain syndrome (relevance: 0.709)
    Diagnostic relevance: Delirium can occur with rheumatic fever or cerebral vasculitis. Both delirium and dementia can occur in systemic lupus erythematosus, and rarely also in mixed connective tissue disease.
    Assessment: Ten or more incorrect responses to the following 30 questions usually means an organic impairment exists. 1) What day of the week is this? 15) The opposite of fast is slow. 2) What month? The opposite…
    Linked diagnoses: DXSLE

[5] Rheumatoid Arthritis (relevance: 0.700)
    Clinical keywords: rheumatoid arthritis symmetric polyarthritis RF anti-CCP morning stiffness erosions MCP PIP wri…",5,"[{""label"": ""Ankylosing Spondylitis"", ""score"": 0.7297}, {""label"": ""Lumbar spine pain and/or morning stiffness or night pain of the back, improving with motion"", ""score"": 0.7279}, {""label"": ""Polymyalgia Rheumatica"", ""score"": 0.7189}, {""label"": ""Organic brain syndrome"", ""score"": 0.7087}, {""label"": ""Rheumatoid Arthritis"", ""score"": 0.7}]"
gen-025,bge,BAAI/bge-small-en-v1.5,"RELEVANT ONTOLOGY KNOWLEDGE:

[1] Polymyalgia Rheumatica (relevance: 0.789)
    Clinical keywords: polymyalgia rheumatica proximal stiffness shoulder girdle hip girdle ESR elevated CRP steroid responsive prednisone 15mg elderly bilateral aching morning stiffness temporal arteritis GCA
    Associated findings by system: (13):
  - Arterial biopsy, eosinophilic granulomatous vasculitis
  - Arterial biopsy, giant cell arteritis
  - Arterial biopsy, necrotizing vasculitis
  - Arterial biopsy, vasculitis
  - Cranial arteritis, clinical finding only
  - Favorable response to treatment
  - Giant cell arteritis
  - Lumbar spine pain and/or morning stiffness or night pain of the back, improving with motion
  - Morning st…

[2] Rheumatoid Arthritis (relevance: 0.778)
    Clinical keywords: rheumatoid arthritis symmetric polyarthritis RF anti-CCP morning stiffness erosions MCP PIP wrist synovitis pannus
    Associated findings by system: (21):
  - Articular erosion(s) present
  - Chronic uveitis or iridocyclitis
  - Family history of rheumatoid arthritis
  - Growth retardation
  - Hemochromatosis
  - Hyperparathyroidism
  - Kerato conjunctivitis sicca
  - Lyme arthritis
  - MCP joints : arthralgia with or without swelling
  - MCP joints: synovial soft tissue swelling
  - RA factor, titer 1: (positive is greater than 1:80)
  - Ray…

[3] Ankylosing Spondylitis (relevance: 0.762)
    Clinical keywords: ankylosing spondylitis HLA-B27 sacroiliitis syndesmophytes inflammatory back pain morning stiffness axial spondyloarthropathy
    Associated findings by system: (9):
  - Ankylosing spondylitis
  - Chronic uveitis or iridocyclitis
  - Family history of ankylosing spondylitis or related disease
  - HLA B27 antibody
  - Limitation of lumbar motion, Schober's test <5 cm (2 \"")
  - Lumbar spine pain and/or morning stiffness or night pain of the back, improving with motion
  - Sacro-iliac joints: pain elicited by stress-test
  - Sacroiliitis
  - Syndesmophytes

[4] Relapsing Polychondritis (relevance: 0.754)

[5] Gout (relevance: 0.747)
    Clinical keywords: gout monosodium urate crystals MTP podagra hyperuricemia negatively birefringent acute monoarthritis
    Associated findings by system: (13):
  - Chondrocalcinosis present
  - Family history of gout
  - Gouty tophus or erosion, not proven by biopsy or needle aspiration
  - Hemochromatosis
  - Hyperparathyroidism
  - MTP 1 joints: Arthralgia present
  - MTP 1 joints: synovial swelling
  - MTP 2-5 joints: Arthralgia present
…",5,"[{""label"": ""Polymyalgia Rheumatica"", ""score"": 0.7892}, {""label"": ""Rheumatoid Arthritis"", ""score"": 0.7782}, {""label"": ""Ankylosing Spondylitis"", ""score"": 0.7621}, {""label"": ""Relapsing Polychondritis"", ""score"": 0.7536}, {""label"": ""Gout"", ""score"": 0.7466}]"
gen-026,bge,BAAI/bge-small-en-v1.5,"RELEVANT ONTOLOGY KNOWLEDGE:

[1] Rheumatoid Arthritis (relevance: 0.763)
    Clinical keywords: rheumatoid arthritis symmetric polyarthritis RF anti-CCP morning stiffness erosions MCP PIP wrist synovitis pannus
    Associated findings by system: (21):
  - Articular erosion(s) present
  - Chronic uveitis or iridocyclitis
  - Family history of rheumatoid arthritis
  - Growth retardation
  - Hemochromatosis
  - Hyperparathyroidism
  - Kerato conjunctivitis sicca
  - Lyme arthritis
  - MCP joints : arthralgia with or without swelling
  - MCP joints: synovial soft tissue swelling
  - RA factor, titer 1: (positive is greater than 1:80)
  - Ray…

[2] Gout (relevance: 0.738)
    Clinical keywords: gout monosodium urate crystals MTP podagra hyperuricemia negatively birefringent acute monoarthritis
    Associated findings by system: (13):
  - Chondrocalcinosis present
  - Family history of gout
  - Gouty tophus or erosion, not proven by biopsy or needle aspiration
  - Hemochromatosis
  - Hyperparathyroidism
  - MTP 1 joints: Arthralgia present
  - MTP 1 joints: synovial swelling
  - MTP 2-5 joints: Arthralgia present
  - MTP 2-5 joints: synovial swelling
  - Serum uric acid (normal 1.5 to 8.0 mg/dl)
  - Serum uric acid, high…

[3] Synovial biopsy: pigmented villonodular synovitis (relevance: 0.729)
    Linked diagnoses: DXRA

[4] Psoriatic Arthritis (relevance: 0.726)
    Clinical keywords: psoriatic arthritis psoriasis DIP dactylitis nail pitting sausage digit asymmetric oligoarthritis enthesitis
    Associated findings by system: (13):
  - DIP joints: arthralgia with or without swelling
  - DIP joints: bony joint enlargement, Heberden's nodes
  - DIP joints: synovial soft tissue swelling
  - Extra-articular swelling of hands or fingers (i.e., sausage finger or dactylitis)
  - Juxta-articular swelling (sausage toe)
  - Nail pitting
  - Pain or paresthesias, median nerve distribution
  - Pain with palpation and/or swelling …

[5] Lyme arthritis (relevance: 0.722)
    Body system: Present or past infectious disease
    Diagnostic relevance: Lyme arthritis can sometimes be confused with rheumatic fever or with pauciarticular juvenile rheumatoid arthritis, and thus must be excluded when diagnosing the two latter diseases.
    Assessment: Lyme arthritis is typically brief (one week) but recurrent. The large joints are usually involved, particularly the knee. When the knee is involved it is usually more swollen than painful. As noted, t…
    Linked diagnoses: DXRA",5,"[{""label"": ""Rheumatoid Arthritis"", ""score"": 0.7633}, {""label"": ""Gout"", ""score"": 0.7377}, {""label"": ""Synovial biopsy: pigmented villonodular synovitis"", ""score"": 0.7293}, {""label"": ""Psoriatic Arthritis"", ""score"": 0.7263}, {""label"": ""Lyme arthritis"", ""score"": 0.7215}]"
gen-027,bge,BAAI/bge-small-en-v1.5,"RELEVANT ONTOLOGY KNOWLEDGE:

[1] Rheumatoid Arthritis (relevance: 0.825)
    Clinical keywords: rheumatoid arthritis symmetric polyarthritis RF anti-CCP morning stiffness erosions MCP PIP wrist synovitis pannus
    Associated findings by system: (21):
  - Articular erosion(s) present
  - Chronic uveitis or iridocyclitis
  - Family history of rheumatoid arthritis
  - Growth retardation
  - Hemochromatosis
  - Hyperparathyroidism
  - Kerato conjunctivitis sicca
  - Lyme arthritis
  - MCP joints : arthralgia with or without swelling
  - MCP joints: synovial soft tissue swelling
  - RA factor, titer 1: (positive is greater than 1:80)
  - Ray…

[2] Polymyalgia Rheumatica (relevance: 0.786)
    Clinical keywords: polymyalgia rheumatica proximal stiffness shoulder girdle hip girdle ESR elevated CRP steroid responsive prednisone 15mg elderly bilateral aching morning stiffness temporal arteritis GCA
    Associated findings by system: (13):
  - Arterial biopsy, eosinophilic granulomatous vasculitis
  - Arterial biopsy, giant cell arteritis
  - Arterial biopsy, necrotizing vasculitis
  - Arterial biopsy, vasculitis
  - Cranial arteritis, clinical finding only
  - Favorable response to treatment
  - Giant cell arteritis
  - Lumbar spine pain and/or morning stiffness or night pain of the back, improving with motion
  - Morning st…

[3] Ankylosing Spondylitis (relevance: 0.770)
    Clinical keywords: ankylosing spondylitis HLA-B27 sacroiliitis syndesmophytes inflammatory back pain morning stiffness axial spondyloarthropathy
    Associated findings by system: (9):
  - Ankylosing spondylitis
  - Chronic uveitis or iridocyclitis
  - Family history of ankylosing spondylitis or related disease
  - HLA B27 antibody
  - Limitation of lumbar motion, Schober's test <5 cm (2 \"")
  - Lumbar spine pain and/or morning stiffness or night pain of the back, improving with motion
  - Sacro-iliac joints: pain elicited by stress-test
  - Sacroiliitis
  - Syndesmophytes

[4] Morning stiffness (>1 hour) (relevance: 0.764)
    Linked diagnoses: DXPMR

[5] MTP 1 joints: synovial swelling (relevance: 0.753)
    Body system: Joint or joint related complaint
    Linked diagnoses: DXGT",5,"[{""label"": ""Rheumatoid Arthritis"", ""score"": 0.8252}, {""label"": ""Polymyalgia Rheumatica"", ""score"": 0.7864}, {""label"": ""Ankylosing Spondylitis"", ""score"": 0.77}, {""label"": ""Morning stiffness (>1 hour)"", ""score"": 0.7636}, {""label"": ""MTP 1 joints: synovial swelling"", ""score"": 0.7533}]"
gen-028,bge,BAAI/bge-small-en-v1.5,"RELEVANT ONTOLOGY KNOWLEDGE:

[1] Rheumatoid Arthritis (relevance: 0.793)
    Clinical keywords: rheumatoid arthritis symmetric polyarthritis RF anti-CCP morning stiffness erosions MCP PIP wrist synovitis pannus
    Associated findings by system: (21):
  - Articular erosion(s) present
  - Chronic uveitis or iridocyclitis
  - Family history of rheumatoid arthritis
  - Growth retardation
  - Hemochromatosis
  - Hyperparathyroidism
  - Kerato conjunctivitis sicca
  - Lyme arthritis
  - MCP joints : arthralgia with or without swelling
  - MCP joints: synovial soft tissue swelling
  - RA factor, titer 1: (positive is greater than 1:80)
  - Ray…

[2] Psoriatic Arthritis (relevance: 0.790)
    Clinical keywords: psoriatic arthritis psoriasis DIP dactylitis nail pitting sausage digit asymmetric oligoarthritis enthesitis
    Associated findings by system: (13):
  - DIP joints: arthralgia with or without swelling
  - DIP joints: bony joint enlargement, Heberden's nodes
  - DIP joints: synovial soft tissue swelling
  - Extra-articular swelling of hands or fingers (i.e., sausage finger or dactylitis)
  - Juxta-articular swelling (sausage toe)
  - Nail pitting
  - Pain or paresthesias, median nerve distribution
  - Pain with palpation and/or swelling …

[3] MCP joints : arthralgia with or without swelling (relevance: 0.753)
    Body system: Joint or joint related complaint
    Linked diagnoses: DXRA

[4] MTP 1 joints: synovial swelling (relevance: 0.749)
    Body system: Joint or joint related complaint
    Linked diagnoses: DXGT

[5] Extra-articular swelling of hands or fingers (i.e., sausage finger or dactylitis) (relevance: 0.746)
    Body system: Joint or joint related complaint
    Linked diagnoses: DXPSO",5,"[{""label"": ""Rheumatoid Arthritis"", ""score"": 0.7928}, {""label"": ""Psoriatic Arthritis"", ""score"": 0.7897}, {""label"": ""MCP joints : arthralgia with or without swelling"", ""score"": 0.7533}, {""label"": ""MTP 1 joints: synovial swelling"", ""score"": 0.7491}, {""label"": ""Extra-articular swelling of hands or fingers (i.e., sausage finger or dactylitis)"", ""score"": 0.7461}]"
gen-029,bge,BAAI/bge-small-en-v1.5,"RELEVANT ONTOLOGY KNOWLEDGE:

[1] Ankylosing Spondylitis (relevance: 0.765)
    Clinical keywords: ankylosing spondylitis HLA-B27 sacroiliitis syndesmophytes inflammatory back pain morning stiffness axial spondyloarthropathy
    Associated findings by system: (9):
  - Ankylosing spondylitis
  - Chronic uveitis or iridocyclitis
  - Family history of ankylosing spondylitis or related disease
  - HLA B27 antibody
  - Limitation of lumbar motion, Schober's test <5 cm (2 \"")
  - Lumbar spine pain and/or morning stiffness or night pain of the back, improving with motion
  - Sacro-iliac joints: pain elicited by stress-test
  - Sacroiliitis
  - Syndesmophytes

[2] Polymyalgia Rheumatica (relevance: 0.759)
    Clinical keywords: polymyalgia rheumatica proximal stiffness shoulder girdle hip girdle ESR elevated CRP steroid responsive prednisone 15mg elderly bilateral aching morning stiffness temporal arteritis GCA
    Associated findings by system: (13):
  - Arterial biopsy, eosinophilic granulomatous vasculitis
  - Arterial biopsy, giant cell arteritis
  - Arterial biopsy, necrotizing vasculitis
  - Arterial biopsy, vasculitis
  - Cranial arteritis, clinical finding only
  - Favorable response to treatment
  - Giant cell arteritis
  - Lumbar spine pain and/or morning stiffness or night pain of the back, improving with motion
  - Morning st…

[3] Rheumatoid Arthritis (relevance: 0.756)
    Clinical keywords: rheumatoid arthritis symmetric polyarthritis RF anti-CCP morning stiffness erosions MCP PIP wrist synovitis pannus
    Associated findings by system: (21):
  - Articular erosion(s) present
  - Chronic uveitis or iridocyclitis
  - Family history of rheumatoid arthritis
  - Growth retardation
  - Hemochromatosis
  - Hyperparathyroidism
  - Kerato conjunctivitis sicca
  - Lyme arthritis
  - MCP joints : arthralgia with or without swelling
  - MCP joints: synovial soft tissue swelling
  - RA factor, titer 1: (positive is greater than 1:80)
  - Ray…

[4] Hyperparathyroidism (relevance: 0.741)
    Body system: Concomitant or past diseases, Rheumatic illness with extraarticular and/or constitutional features (fever, rash, pleurisy,etc) OR Systemic illness with rheumatic manifestation
    Diagnostic relevance: Several rheumatological disorders are associated with hyperpara- thyroidism. First, hyperuricemia and gouty arthritis (which may mimic hyperparathyroidism with renal stone formation and colic) have an increased incidence in patients with hyperparathyroidism. Secon…",5,"[{""label"": ""Ankylosing Spondylitis"", ""score"": 0.7651}, {""label"": ""Polymyalgia Rheumatica"", ""score"": 0.7592}, {""label"": ""Rheumatoid Arthritis"", ""score"": 0.756}, {""label"": ""Hyperparathyroidism"", ""score"": 0.7411}, {""label"": ""Lumbar spine pain and/or morning stiffness or night pain of the back, improving with motion"", ""score"": 0.7373}]"
gen-030,bge,BAAI/bge-small-en-v1.5,"RELEVANT ONTOLOGY KNOWLEDGE:

[1] Polymyalgia Rheumatica (relevance: 0.793)
    Clinical keywords: polymyalgia rheumatica proximal stiffness shoulder girdle hip girdle ESR elevated CRP steroid responsive prednisone 15mg elderly bilateral aching morning stiffness temporal arteritis GCA
    Associated findings by system: (13):
  - Arterial biopsy, eosinophilic granulomatous vasculitis
  - Arterial biopsy, giant cell arteritis
  - Arterial biopsy, necrotizing vasculitis
  - Arterial biopsy, vasculitis
  - Cranial arteritis, clinical finding only
  - Favorable response to treatment
  - Giant cell arteritis
  - Lumbar spine pain and/or morning stiffness or night pain of the back, improving with motion
  - Morning st…

[2] Ankylosing Spondylitis (relevance: 0.769)
    Clinical keywords: ankylosing spondylitis HLA-B27 sacroiliitis syndesmophytes inflammatory back pain morning stiffness axial spondyloarthropathy
    Associated findings by system: (9):
  - Ankylosing spondylitis
  - Chronic uveitis or iridocyclitis
  - Family history of ankylosing spondylitis or related disease
  - HLA B27 antibody
  - Limitation of lumbar motion, Schober's test <5 cm (2 \"")
  - Lumbar spine pain and/or morning stiffness or night pain of the back, improving with motion
  - Sacro-iliac joints: pain elicited by stress-test
  - Sacroiliitis
  - Syndesmophytes

[3] Lumbar spine pain and/or morning stiffness or night pain of the back, improving with motion (relevance: 0.761)
    Body system: Spine complaint
    Diagnostic relevance: It is a typical complaint of ankylosing spondylitis or other inflammatory diseases of the spine.
    Assessment: Assessed by history. Ask if the patient ever wakes up at night with back pain or stiffness that subsides after some exercise. Report as present or absent.
    Linked diagnoses: DXANK, DXPMR

[4] Rheumatoid Arthritis (relevance: 0.759)
    Clinical keywords: rheumatoid arthritis symmetric polyarthritis RF anti-CCP morning stiffness erosions MCP PIP wrist synovitis pannus
    Associated findings by system: (21):
  - Articular erosion(s) present
  - Chronic uveitis or iridocyclitis
  - Family history of rheumatoid arthritis
  - Growth retardation
  - Hemochromatosis
  - Hyperparathyroidism
  - Kerato conjunctivitis sicca
  - Lyme arthritis
  - MCP joints : arthralgia with or without swelling
  - MCP joints: synovial soft tissue swelling
  - RA factor, titer 1: (positive is greater than 1:80)
  - Ray…

[5] Non-specific Joint Pain (relevance: 0.725)",5,"[{""label"": ""Polymyalgia Rheumatica"", ""score"": 0.7929}, {""label"": ""Ankylosing Spondylitis"", ""score"": 0.769}, {""label"": ""Lumbar spine pain and/or morning stiffness or night pain of the back, improving with motion"", ""score"": 0.761}, {""label"": ""Rheumatoid Arthritis"", ""score"": 0.7586}, {""label"": ""Non-specific Joint Pain"", ""score"": 0.7253}]"
