case_id,model_key,model_name,gold_label,category,notes,chart_text,response_no_rag,response_rag,rag_context_chars
case-001,minilm,all-MiniLM-L6-v2,http://purl.bioontology.org/ontology/AIR/DXRA,in_label,Classic seropositive RA with erosions,"58-year-old woman with 6-month history of bilateral wrist and MCP joint pain and swelling. Morning stiffness lasting more than 2 hours, improving by midday. RF positive (titer 1:320), anti-CCP strongly positive (>250 U/mL). ESR 68 mm/hr, CRP 3.2 mg/dL. Hand X-rays show periarticular osteopenia and early erosions at 2nd and 3rd MCPs bilaterally. No skin rash. No sicca symptoms.","# RHEUMATOLOGIC DIFFERENTIAL DIAGNOSIS

## PRIMARY DIAGNOSIS: Rheumatoid Arthritis (Seropositive)

**Supporting evidence:** This patient meets ACR/EULAR 2010 classification criteria with >6/10 points: bilateral symmetric MCP/wrist involvement (2 points), RF positive at high titer (2 points), anti-CCP strongly positive (3 points), elevated acute phase reactants ESR 68 mm/hr (1 point), and symptom duration >6 weeks. The characteristic pattern of morning stiffness >2 hours that improves with activity, combined with periarticular osteopenia and early marginal erosions on imaging, represents the classic presentation of early seropositive RA. The symmetric polyarthritis with prominent inflammatory markers and positive serology in the absence of systemic features is pathognomonic for RA.

**Confidence: High**

---

## DIFFERENTIAL DIAGNOSIS:

1. **Anti-CCP Positive Early Inflammatory Arthritis (Undifferentiated) (3%)** — Anti-CCP positivity may precede RA diagnosis by months; very high positive predictive value (>95%) for future RA development | Patient already meets full RA classification criteria; this represents an earlier disease stage conceptually, not a true differential

2. **Systemic Lupus Erythematosus with Arthritis (2%)** — Can present with symmetric polyarthritis and positive RF; anti-CCP is not typical of SLE | Absence of photosensitive rash, malar rash, sicca symptoms, ANA (not mentioned but expected positive), or systemic manifestations; lupus typically presents with non-erosive arthritis; ESR elevation with low complement would be expected

3. **Seronegative Spondyloarthropathy/Psoriatic Arthritis (1%)** — Could cause MCP erosions and morning stiffness | RF and anti-CCP negativity expected in seronegative disease; this patient is strongly seropositive; no mentioned psoriasis, uveitis, inflammatory bowel disease, or axial symptoms; DIP involvement or asymmetry typical of PsA not described

4. **Hepatitis C-Associated Cryoglobulinemia (1%)** — Can present with polyarthritis and RF positivity | Anti-CCP is not typical; would expect cryoglobulin testing, hepatic involvement, palpable purpura, and positive HCV serology; lacks systemic vasculitic features

---

## KEY DISTINGUISHING FEATURES:

**Most helpful confirmatory tests:**
- **Anti-CCP and RF correlation:** Already strongly positive; their presence together with this presentation makes RA diagnosis ~99% certain
- **Ultrasound or MRI of hands:** Would demonstrate synovitis, power Doppler flow, bone edema, and erosions; helpful for disease activity assessment and prognostic stratification
- **Baseline functional assessment and imaging scoring:** Establish disease severity (CRP 3.2 is moderately elevated; ESR 68 suggests active disease); early erosions predict worse long-term prognosis requiring aggressive treatment
- **Exclusion testing:** HCV, hepatitis B, comprehensive metabolic panel, complete blood count to rule out secondary causes and assess treatment candidacy

---

## REASONING CHAIN:

- **Finding → Bilateral symmetric MCP/wrist swelling with >2 hours morning stiffness**
  - Ontology class → Inflammatory Polyarthritis, Small Joint Involvement
  - Supports → RA because this is the hallmark presentation of early RA affecting small joints with characteristic inflammatory timing

- **Finding → RF 1:320 (high titer) + Anti-CCP >250 U/mL (strongly positive)**
  - Ontology class → Seropositive Autoimmune Arthritis
  - Supports → RA because this serologic profile has >95% specificity for RA and predicts both diagnosis and poor prognosis; anti-CCP is nearly pathognomonic when combined with clinical arthritis

- **Finding → Periarticular osteopenia + early marginal erosions on X-ray**
  - Ontology class → Bone Destruction in Inflammatory Arthritis
  - Supports → RA because erosions at this early stage (6 months duration) indicate aggressive disease; osteopenia reflects inflammatory bone loss; pattern and location are typical for RA

- **Finding → ESR 68 mm","# DIFFERENTIAL DIAGNOSIS CONSULTATION

## PRIMARY DIAGNOSIS: Rheumatoid Arthritis (RA)

**Supporting evidence:** This patient presents with classic RA: symmetric polyarthritis affecting wrists and MCPs bilaterally, morning stiffness >2 hours, and highly positive serologies (RF 1:320, anti-CCP >250 U/mL). Early erosive changes on hand radiographs at 2nd/3rd MCPs with periarticular osteopenia are pathognomonic for RA. Elevated inflammatory markers (ESR 68, CRP 3.2) confirm active inflammation.

**Ontology grounding:** Per ontology [1]: ""Rheumatoid Arthritis—symmetric polyarthritis RF anti-CCP morning stiffness erosions MCP PIP wrist synovitis"" directly encompasses this clinical presentation. The combination of MCP synovitis, erosive changes, and positive RF/anti-CCP represents the diagnostic constellation for RA.

**Confidence: High**

---

## DIFFERENTIAL DIAGNOSIS:

1. **Osteoarthritis/Degenerative Joint Disease (15%)** — Bilateral hand joint involvement with bony changes; heberden's nodes possible in DIP joints | *Argues against:* Morning stiffness >2 hours duration, lack of DIP involvement (only MCP/wrist affected), strongly positive RF and anti-CCP, elevated ESR/CRP, and early erosions in a 58-year-old are inconsistent with primary OA; erosions in OA are typically late findings and RF-negative.

2. **Early Systemic Lupus Erythematosus (SLE) (8%)** — Symmetric polyarthritis can present in SLE; can have morning stiffness and elevated inflammatory markers | *Argues against:* Absence of characteristic SLE features (no malar/photosensitive rash, no reported cytopenias, sicca symptoms denied); RF and anti-CCP positivity are not typical for SLE; erosions at this stage would be unusual; ANA status not mentioned but would be expected positive.

3. **Carpal Tunnel Syndrome with concurrent arthropathy (5%)** — Wrist involvement could theoretically involve median nerve compression; abnormal EMG of thenar muscles noted in CTS literature | *Argues against:* CTS is a neuropathic compression syndrome, not inflammatory polyarthritis; doesn't explain bilateral MCP synovitis, elevated inflammatory markers, or anti-CCP positivity; CTS manifests with sensory/motor symptoms in median nerve distribution, not symmetric joint inflammation.

---

## KEY DISTINGUISHING FEATURES:

**Most helpful confirmatory tests:**
- **Anti-CCP antibody** (already positive—highly specific for RA)
- **High-resolution ultrasound or MRI of hands:** Confirms active synovitis, tenosynovitis, and early erosions better than plain radiography; helps rule out other etiologies
- **ANA screening:** If positive, would prompt evaluation for connective tissue disease overlap; if negative, further supports RA diagnosis
- **Baseline functional assessment and DAS28/CDAI score:** Quantifies disease activity to guide DMARD initiation

---

## REASONING CHAIN:

- **Finding 1 → Symmetric bilateral MCP and wrist pain/swelling**
  - Ontology class → *Symmetric Polyarthritis* [1]
  - Supports → **Rheumatoid Arthritis** because symmetric joint involvement in a distribution (MCPs, wrists, PIPs) is the hallmark presentation of RA

- **Finding 2 → Morning stiffness >2 hours improving by midday**
  - Ontology class → *Inflammatory Arthritis Feature* [1]
  - Supports → **Rheumatoid Arthritis** because prolonged morning stiffness (>1 hour) reflects synovial inflammation and is a diagnostic criterion for RA

- **Finding 3 → RF 1:320 (highly positive) + anti-CCP >250 U/mL (strongly positive)**
  - Ontology class → *RA Serologic Markers* [1]
  - Supports → **Rheumatoid Arthritis** because RF and anti-CCP positivity together confer >95% specificity for RA and predict erosive disease

- **Finding 4 → Early erosions at 2nd/3rd MCPs + peri",1834
case-002,minilm,all-MiniLM-L6-v2,http://purl.bioontology.org/ontology/AIR/DXRA,in_label,RA with inflammatory synovial fluid - exercises ontology synovial fluid content,"45-year-old man with 4-month progressive bilateral PIP and wrist arthritis. Synovial fluid aspirated from right wrist: WBC 18,000/mm3 with 72% PMNs, no crystals identified, gram stain negative, culture pending. RF positive (1:160), anti-CCP positive. ESR 55 mm/hr. No skin findings, no tophi, no psoriasis. Symmetric distribution.","# DIFFERENTIAL DIAGNOSIS CONSULTATION

## PRIMARY DIAGNOSIS: Rheumatoid Arthritis (RA)

**Supporting evidence:** The patient presents with symmetric polyarthritis involving small joints (PIP, wrist) over 4 months with inflammatory synovial fluid (WBC 18,000/mm³ with predominant PMNs), positive RF (1:160) and anti-CCP antibodies, and markedly elevated ESR (55 mm/hr). The seronegative exclusion (negative gram stain, no crystals, negative culture) and absence of other systemic features align with classic early seropositive RA presentation.

**Confidence:** High

---

## DIFFERENTIAL DIAGNOSIS:

1. **Early Rheumatoid Arthritis (seropositive)** (75%) 
   - *Supports:* Symmetric PIP/wrist involvement, RF+ (1:160), anti-CCP+, inflammatory synovial fluid with PMN predominance, ESR elevation, 4-month subacute progression
   - *Against:* Nothing material; this is the best-fit diagnosis

2. **Seronegative Polyarthritis (early undifferentiated arthritis)** (12%)
   - *Supports:* Early stage disease could theoretically have negative anti-CCP/RF initially; symmetric pattern
   - *Against:* Patient is already RF+ and anti-CCP+, which essentially excludes seronegative RA; seroconversion unlikely at 4 months of symptoms

3. **Psoriatic Arthritis (PsA)** (5%)
   - *Supports:* Can present with symmetric polyarthritis mimicking RA; can be RF/anti-CCP positive (10-15% overlap)
   - *Against:* No skin/nail psoriasis, no psoriasis history reported, no dactylitis or asymmetry typical of PsA; RF/anti-CCP positivity less common in PsA

4. **Systemic Lupus Erythematosus (SLE)** (5%)
   - *Supports:* Can present with symmetric polyarthritis; elevated ESR
   - *Against:* No reported photosensitivity, rash, or systemic symptoms; anti-CCP highly specific for RA/not typical of SLE; RF present but not pathognomonic; would expect ANA positivity

5. **Crystal Arthropathy (Gout/CPPD)** (<3%)
   - *Supports:* Elevated synovial WBC, PIP involvement
   - *Against:* Crystals explicitly not identified on polarized microscopy (crystal-negative); symmetric bilateral pattern atypical; progressive course over months unusual for crystal disease

---

## KEY DISTINGUISHING FEATURES:

**Most helpful confirmatory test:**
- **Anti-CCP antibody specificity** — Already positive; essentially diagnostic for RA. If any question remained, repeat anti-CCP + RF would confirm.
- **Absence of ANA** — Would help exclude SLE (order if not already done)
- **Absence of psoriasis/skin findings** — Already documented; argues against PsA

**Best next step for diagnostic confirmation:**
- Obtain **baseline hand/wrist radiographs** (look for juxta-articular osteopenia, joint space narrowing, early erosions at MCP/PIP heads—pathognomonic for RA erosive disease)
- Complete **rheumatologic serologies** if not done: ANA, anti-dsDNA to exclude SLE overlap

---

## REASONING CHAIN:

- **Finding 1** → Symmetric bilateral PIP + wrist arthritis over 4 months
  - **Ontology class** → Inflammatory polyarthritis (small joint predominance)
  - **Supports** → RA because symmetric small-joint involvement is the classic pattern for seropositive RA

- **Finding 2** → RF 1:160 + anti-CCP positive
  - **Ontology class** → Seropositive rheumatic disease markers
  - **Supports** → RA because anti-CCP antibodies are >95% specific for RA and RF positivity further increases RA probability to >90% in this clinical context

- **Finding 3** → Synovial WBC 18,000/mm³ with 72% PMNs, negative culture/gram stain/crystals","# STRUCTURED DIFFERENTIAL DIAGNOSIS

## PRIMARY DIAGNOSIS: Rheumatoid Arthritis (RA)

**Supporting evidence:** The patient presents with symmetric bilateral PIP and wrist arthritis over 4 months (classic RA distribution), elevated inflammatory markers (ESR 55 mm/hr), and both RF (1:160) and anti-CCP positivity. Synovial fluid shows Type II inflammatory profile (WBC 18,000/mm³ with 72% PMNs), which is characteristic of RA and excludes non-inflammatory etiologies.

**Ontology grounding:** Per ontology concept [2] and [3], Type II synovial fluid (inflammatory, WBCs 2,000-100,000/mm³, PMNs ≥50%) is specifically linked to DXRA (rheumatoid arthritis). The mononuclear predominance pattern in Type I synovitis is notably absent here, supporting the inflammatory rather than non-inflammatory category.

**Confidence: High**

---

## DIFFERENTIAL DIAGNOSIS:

1. **Rheumatoid Arthritis (RA)** (85%) 
   - **Supports:** Dual seropositivity (RF + anti-CCP), symmetric polyarticular pattern involving PIP/wrists, elevated ESR, Type II inflammatory SF with PMN predominance (72%), 4-month progressive course fitting typical RA onset
   - **Against:** Nothing significant; presentation is classic for seropositive RA

2. **Seronegative Spondyloarthropathy (Early axial or peripheral SpA)** (8%)
   - **Supports:** Can present with symmetric peripheral arthritis; seronegative form would fit if RF/anti-CCP were false positives
   - **Against:** RF and anti-CCP both positive (dual seropositivity essentially excludes SpA); no mention of axial involvement, uveitis, or inflammatory back pain; PIP involvement atypical for SpA

3. **Systemic Lupus Erythematosus (SLE)** (4%)
   - **Supports:** Can present with symmetric arthritis and elevated ESR; Type II SF possible per ontology [2]
   - **Against:** No documented ANA or anti-dsDNA; no skin findings, photosensitivity, or systemic features; RF positivity less typical for SLE; anti-CCP would be unusual in SLE arthritis

4. **Acute Crystal-Induced Arthropathy (Pseudogout/CPPD)** (2%)
   - **Supports:** Type II inflammatory SF possible; can be bilateral and symmetric
   - **Against:** No calcium pyrophosphate crystals identified on SF analysis; duration (4 months) longer than typical acute crystal attacks; RF/anti-CCP positivity incompatible with crystal disease diagnosis

5. **Tuberculosis Arthritis (Poncet's Disease) / Septic Arthritis** (<1%)
   - **Supports:** Type II/III SF pattern possible; progressive symmetric involvement
   - **Against:** Gram stain negative (makes bacterial unlikely); no systemic features, fever, or constitutional symptoms mentioned; would expect organism identification or culture positivity; TB arthritis typically monarticular or oligoarticular

---

## KEY DISTINGUISHING FEATURES:

The diagnosis of **seropositive RA is already highly established** by the dual seropositivity (RF + anti-CCP), which together have >99% specificity for RA. The key confirmatory tests would be:

1. **Sustained elevated CRP/ESR over 6+ weeks** → confirms chronic inflammatory disease (RA criterion)
2. **Imaging (X-ray/ultrasound)** → assess for erosions (pathognomonic for RA); ultrasound is most sensitive for early erosive changes
3. **Response to DMARD therapy** → therapeutic confirmation if diagnosis remains clinically uncertain
4. **Culture results and repeat serologies (ANA)** → definitively excludes infection and SLE

---

## REASONING CHAIN:

- **Finding → Symmetric bilateral PIP/wrist arthritis over 4 months**
  - Ontology class → Inflammatory polyarthritis pattern
  - Supports → RA because this symmetric small-joint distribution is the pathognomonic presentation for rheumatoid arthritis

- **Finding → RF positive (1:160) AND anti-CCP positive**
  - Ontology class →",2500
case-003,minilm,all-MiniLM-L6-v2,http://purl.bioontology.org/ontology/AIR/DXRA,in_label,Seronegative RA - tests if RAG helps with atypical presentations,"38-year-old woman with 3-month symmetric arthritis involving both MCPs and wrists with 90-minute morning stiffness. RF negative, anti-CCP negative. MRI wrists shows bilateral bone marrow edema and synovitis at carpal joints. ESR 45 mm/hr, CRP 2.1 mg/dL. No psoriasis, no axial symptoms, no sicca symptoms, ANA negative.","# RHEUMATOLOGY CONSULTATION: DIFFERENTIAL DIAGNOSIS

---

## PRIMARY DIAGNOSIS: Seronegative Rheumatoid Arthritis (RA)

**Supporting evidence:** Symmetric polyarticular arthritis of MCPs and wrists with prolonged morning stiffness (90 minutes) and significant inflammatory markers (ESR 45, CRP 2.1) in a woman of typical RA age. MRI evidence of bone marrow edema and synovitis indicates active inflammatory arthropathy with structural involvement. Seronegative RA accounts for 20-30% of RA cases and presents identically to seropositive disease clinically and radiographically.

**Ontology grounding:** Per rheumatologic diagnostic criteria: symmetric small joint polyarthritis with morning stiffness >1 hour and elevated acute phase reactants fulfill diagnostic criteria for RA regardless of seronegativity (RF/anti-CCP status).

**Confidence:** High

---

## DIFFERENTIAL DIAGNOSIS:

1. **Seronegative RA (45%)** — RF/anti-CCP negativity does not exclude RA; classic symmetric MCP/wrist involvement with morning stiffness and MRI-confirmed synovitis/edema are hallmark findings | Low specificity of seronegativity alone; requires exclusion of other seronegative arthritides

2. **Early RA (ACPA-negative subset) (25%)** — Early-stage RA may precede antibody development or represent inherently seronegative disease; 3-month duration fits early inflammatory window | Anti-CCP remains most predictive early RA marker even in seronegative cases; negative status slightly reduces but doesn't exclude RA probability

3. **Undifferentiated Polyarthritis/Early Inflammatory Polyarthritis (15%)** — Symmetric inflammatory polyarthritis without diagnostic antibodies may not yet meet full RA criteria | Absence of constitutional symptoms and relatively modest CRP argue against high-grade inflammation; will likely progress to defined diagnosis within 12 months

4. **Seronegative Systemic Lupus Erythematosus (SLE) (8%)** — Can present with symmetric arthritis and morning stiffness; elevated inflammatory markers present | ANA is negative (excludes ANA-positive SLE); no constitutional symptoms, photosensitivity, or serositis; joint involvement typically non-erosive

5. **Psoriatic Arthritis (PsA) (5%)** — Can present as symmetric polyarticular arthritis without skin manifestations (3-10% of PsA cases); seronegative by definition | No personal/family history of psoriasis; pattern is more typical RA than asymmetric/oligoarticular PsA; nail changes/dactylitis not mentioned

6. **Adult-Onset Still's Disease (AOSD) (2%)** — Seronegative inflammatory arthritis with elevated acute phase reactants | Absence of fever, rash, hepatosplenomegaly, and lymphadenopathy argues strongly against; ferritin not mentioned but typically markedly elevated in AOSD

---

## KEY DISTINGUISHING FEATURES:

**Most helpful confirmatory tests in order of impact:**

1. **Repeat anti-CCP and RF in 2-4 weeks** — 10-15% of seronegative RA patients eventually seroconvert; persistently negative status supports seronegative RA phenotype

2. **Hand/wrist X-rays** — Detection of erosions would support RA diagnosis (seronegative RA is erosive in 70-80% at diagnosis); absence would favor early/undifferentiated arthritis

3. **Response to DMARDs** — Rapid response to methotrexate ± biologic therapy strongly supports RA diagnosis; non-response would prompt reconsideration

4. **Additional serology:** Anti-mutated citrullinated vimentin (anti-MCV), anti-RA33, anti-calreticulin — Alternative ACPA-negative RA markers with emerging evidence; positive results strengthen RA diagnosis

5. **Extended autoimmune panel:** Anti-Ro/SSA, anti-La/SSB, anti-Sm, complement levels, creatinine, urinalysis — To definitively exclude lupus despite negative ANA (rare ANA-negative SLE exists but would require other SLE criteria)

---

## REASONING CHAIN:

- **Finding** → Symmetric MCP/wrist","# RHEUMATOLOGY CONSULTATION: DIFFERENTIAL DIAGNOSIS

## PRIMARY DIAGNOSIS: Seronegative Rheumatoid Arthritis (Early/Undifferentiated Inflammatory Arthritis)

**Supporting evidence:** Symmetric polyarthritis involving MCPs and wrists with prolonged morning stiffness (90 minutes) is the classic presentation of RA. MRI evidence of bilateral bone marrow edema and synovitis indicates active inflammatory disease. Elevated inflammatory markers (ESR 45, CRP 2.1) support an inflammatory arthropathy, and seronegative RA accounts for approximately 25-30% of RA cases, particularly in early disease stages.

**Ontology grounding:** Per ontology [1]: Rheumatoid Arthritis is linked to ""symmetric polyarthritis,"" ""morning stiffness,"" ""synovitis,"" ""MCP"" and ""wrist"" involvement. The synovial fluid examination ontology [4] distinguishes inflammatory (Type II) patterns typical of RA from non-inflammatory conditions. This patient's clinical presentation and imaging findings map directly to the RA diagnostic phenotype.

**Confidence: High**

---

## DIFFERENTIAL DIAGNOSIS:

1. **Seronegative Rheumatoid Arthritis (65%)** 
   - *Supports:* Classic symmetric MCP/wrist involvement; significant morning stiffness; inflammatory markers elevated; bilateral bone marrow edema on MRI; female; middle-aged
   - *Against:* Negative RF and anti-CCP (though seronegative RA is established entity); relatively short 3-month duration

2. **Undifferentiated Inflammatory Arthritis/Early Polyarticular Disease (20%)**
   - *Supports:* Symmetric polyarthritis with systemic inflammation; could represent pre-clinical RA or transition to another diagnosis; negative autoantibodies don't exclude early phases
   - *Against:* MRI changes with bone marrow edema suggest more established inflammatory process; no evidence of polyarticular viral prodrome

3. **Anti-CCP/RF-negative Autoimmune Condition (Possible SLE variant, Sjögren's-associated arthritis) (10%)**
   - *Supports:* Symmetric arthritis; elevated inflammatory markers; female; negative RF/anti-CCP doesn't exclude systemic autoimmune disease
   - *Against:* ANA negative (argues strongly against SLE); no sicca symptoms (argues against Sjögren's); no systemic features; no photosensitivity, rash, or renal involvement reported

4. **Psoriatic Arthritis (3%)**
   - *Supports:* Can present seronegative with symmetric polyarthritis
   - *Against:* No psoriasis history; no nail changes; no axial involvement; typical PsA pattern would include DIP joints

5. **Reactive Arthritis/Post-infectious Arthritis (2%)**
   - *Supports:* Acute symmetric polyarthritis with inflammatory markers
   - *Against:* 3-month chronicity argues against classic reactive arthritis; no preceding GI/GU infection; no mucocutaneous features; persistent MRI changes suggest established disease rather than transient reactive process

---

## KEY DISTINGUISHING FEATURES:

**Most helpful confirmatory tests:**
1. **Serial anti-CCP and RF testing** — Seronegative RA may develop positive serology over 6-12 months; repeat testing in 3 months is standard
2. **Synovial fluid analysis** — Would demonstrate Type II (inflammatory) pattern per ontology [4], with WBC >2,000/mm³ and PMN predominance (≥50%), supporting inflammatory arthropathy and excluding degenerative disease
3. **Anti-mutated citrullinated vimentin (anti-MCV) antibodies** — Higher sensitivity in seronegative RA than traditional markers
4. **High-resolution ultrasound with Doppler** — Would assess for power Doppler signal intensity indicating active synovitis and help exclude mechanical causes
5. **Response to DMARDs** — Early initiation of methotrexate with reassessment at 12 weeks would be both diagnostic and therapeutic in suspected seronegative RA

---

## REASONING CHAIN:

- **Finding → Symmetric MCP/wrist involvement with 90-minute morning stiffness**
  - Ontology class → [1] Rheumatoid Arthritis",2500
case-004,minilm,all-MiniLM-L6-v2,http://purl.bioontology.org/ontology/AIR/DXSLE,in_label,Classic multi-system SLE meeting multiple criteria,"27-year-old woman with 3-month history of butterfly facial rash, oral ulcers, pleuritic chest pain, and bilateral small joint arthralgia. Anti-dsDNA antibody positive (titer 1:320). Complement C3 52 mg/dL (low), C4 8 mg/dL (low). 24-hour urine protein 1.8g. Urinalysis with red cell casts. CBC: WBC 3,200/mm3 on three separate occasions, platelets 98,000/mm3.","# RHEUMATOLOGY DIFFERENTIAL DIAGNOSIS CONSULTATION

## PRIMARY DIAGNOSIS: Systemic Lupus Erythematosus (SLE)

**Supporting evidence:** This patient meets ≥4 ACR/EULAR 2019 classification criteria: malar rash (butterfly rash), oral ulcers, lupus nephritis (proteinuria 1.8g/24hr + RBC casts indicating hematuria), and serology (anti-dsDNA positive with low complement C3/C4). The constellation of cutaneous, mucosal, serologic, and renal manifestations with lymphopenia and thrombocytopenia represents the classic SLE presentation.

**Ontology grounding:** Per rheumatologic classification systems, anti-dsDNA antibody positivity and low complement levels are highly specific for SLE (Class IIa criteria), with lupus nephritis being a major manifestation indicating systemic disease activity.

**Confidence: High**

---

## DIFFERENTIAL DIAGNOSIS:

1. **Drug-Induced Lupus (DIL)** (8-12%) — Can present with ANA positivity and rash; lacks the high-titer anti-dsDNA, significant hypocomplementemia, and renal involvement typical of DIL. History of medication use not provided but would be critical to obtain. DIL typically causes anti-histone antibodies (not present here).

2. **Lupus-Like Syndrome (Seronegative SLE variants)** (5-8%) — Could explain systemic symptoms and clinical findings, but anti-dsDNA positivity at 1:320 titer essentially excludes seronegative presentations. Seronegative variants would have negative dsDNA and normal complement levels.

3. **Mixed Connective Tissue Disease (MCTD)** (3-5%) — Presents with overlapping features including arthritis and serositis; however, anti-U1-RNP would be dominant with less prominent anti-dsDNA. The presence of active lupus nephritis with RBC casts and significant proteinuria is uncommon in MCTD. High anti-dsDNA titer argues strongly against MCTD.

4. **Secondary Lupus (infection-associated, malignancy)** (2-3%) — SLE-like syndrome can occur with chronic infections or occult malignancy; however, the pathognomonic anti-dsDNA positivity and complement consumption point to primary SLE. Would require exclusion of occult infection/malignancy but not the primary diagnosis.

---

## KEY DISTINGUISHING FEATURES:

**Most confirmatory test:** **Renal biopsy** — Would definitively establish lupus nephritis class (likely Class III or IV based on proteinuria and hematuria), guiding immunosuppressive intensity and prognosis. This would lock in SLE diagnosis with highest certainty.

**Additional supporting tests:**
- Anti-Sm antibody (highly specific for SLE if positive; negative does not exclude diagnosis)
- ANA pattern (homogeneous or speckled typically supports SLE)
- Antiphospholipid antibody panel (excludes APLS as primary diagnosis)
- Chest imaging (to document pleuritis or exclude other pulmonary pathology)

---

## REASONING CHAIN:

| Element | Finding | Ontology Class | Diagnostic Link |
|---------|---------|----------------|-----------------|
| **Finding 1** | Butterfly malar rash + oral ulcers | Cutaneous/mucosal lupus manifestations | Fulfills 2 major clinical criteria for SLE |
| **Finding 2** | Anti-dsDNA 1:320 + C3/C4 low | Serologic Activity Class | Highly specific for active SLE; virtually excludes non-SLE diagnoses |
| **Finding 3** | Proteinuria 1.8g/24hr + RBC casts | Glomerulonephritis phenotype | Indicates lupus nephritis (WHO Class III-IV equivalent), major organ involvement |
| **Finding 4** | Lymphopenia (WBC 3,200) + thrombocytopenia (Plt 98K) | Hematologic cytopenias of SLE | Reflects immune-mediated destruction in active SLE |
| **Ontology synthesis** | ≥4 ACR/EULAR criteria met | SLE Classification criteria (2019) | Patient meets","PRIMARY DIAGNOSIS: Systemic Lupus Erythematosus (SLE)
Supporting evidence: This patient meets ≥4 ACR/EULAR classification criteria for SLE: malar rash (butterfly facial rash), oral ulcers, photosensitivity-compatible pleuritic serositis, non-erosive arthritis (small joint arthralgia), and lupus nephritis (proteinuria 1.8g/24h with RBC casts). The positive anti-dsDNA antibody at high titer (1:320) is highly specific for SLE and correlates with renal involvement. Laboratory findings show active disease with complement consumption (C3 52, C4 8 mg/dL) and cytopenias (WBC 3,200/mm3, platelets 98,000/mm3).
Ontology grounding: Per ontology: Anti-DNA antibodies (positive >1:10) fulfill a diagnostic criterion for SLE and correlate best with renal involvement [1]. Clinical keywords from SLE include lupus malar rash, photosensitivity, anti-dsDNA, ANA, complement, nephritis, and cytopenia [2]. Platelet count <100,000/mm3 fulfills a diagnostic criterion for SLE [5]. Low C3 and C4 complement levels indicate immune complex deposition typical of active SLE [3,4].
Confidence: **High**

---

DIFFERENTIAL DIAGNOSIS:

1. **Antiphospholipid Syndrome (APS)** (8%) — Can present with serositis and may coexist with SLE; some patients have antiphospholipid antibodies without SLE criteria. | Lacks characteristic thrombosis or recurrent pregnancy loss; APS does not typically produce anti-dsDNA antibodies, malar rash, or complement consumption; does not explain cytopenia pattern.

2. **Drug-Induced Lupus (DIL)** (5%) — Can mimic SLE with rash, arthralgia, and serositis; drug exposure history would be relevant. | DIL does not typically produce anti-dsDNA antibodies (usually anti-histone), rarely causes significant proteinuria or RBC casts, and complement levels are usually normal; no medication history provided suggesting causative agent.

3. **Mixed Connective Tissue Disease (MCTD)** (4%) — Presents with overlap features including polyarthritis, serositis, and photosensitivity. | Anti-RNP antibodies would be expected rather than anti-dsDNA; MCTD less commonly causes severe lupus nephritis with RBC casts or significant complement depletion; does not account for marked cytopenias.

---

KEY DISTINGUISHING FEATURES:

**Most helpful confirmatory test:** ANA with reflex panel (anti-Ro, anti-La, anti-Sm, anti-RNP) to confirm SLE diagnosis and exclude MCTD. ANA is nearly 100% sensitive in active SLE and anti-Sm is highly specific.

**Most helpful discriminatory findings:** 
- Renal biopsy (if clinically indicated) to confirm lupus nephritis class and assess activity/chronicity
- Antiphospholipid antibody panel (lupus anticoagulant, anticardiolipin, anti-β2-glycoprotein) to exclude APS
- Medication/herbal supplement review to exclude DIL
- ESR (typically elevated in SLE but not DIL) and CRP (often normal in SLE despite high ESR, useful in differential)

---

REASONING CHAIN:

- **Finding → Malar rash + oral ulcers + pleuritic chest pain**
- **Ontology class → Lupus malar rash, photosensitivity, serositis (per SLE keywords [2])**
- **Supports → SLE** because these are characteristic mucocutaneous and serosal manifestations meeting ACR criteria.

- **Finding → Anti-dsDNA antibody titer 1:320 (positive)**
- **Ontology class → Anti-DNA antibodies; diagnostic criterion for SLE [1]**
- **Supports → SLE** because anti-dsDNA is highly specific for SLE and this titer strongly correlates with active lupus nephritis.

- **Finding → C3 52 mg/dL and C4 8 mg/dL (both low)**",1358
case-005,minilm,all-MiniLM-L6-v2,http://purl.bioontology.org/ontology/AIR/DXSLE,in_label,SLE - exercises Sm antibody and false positive VDRL ontology content (both explicit SLE criteria),"29-year-old woman with joint pain, photosensitivity, and recurrent thrombocytopenia. ANA positive (1:640, speckled pattern). Sm antibody positive. False positive VDRL on two separate occasions confirmed with negative FTA-abs. Platelet nadir 62,000/mm3. Lupus anticoagulant positive. Normal complement. No renal involvement currently.","# Rheumatologic Differential Diagnosis

## PRIMARY DIAGNOSIS: Systemic Lupus Erythematosus (SLE)

**Supporting evidence:** This patient meets ACR/EULAR SLE classification criteria with documented ANA positivity (1:640 speckled pattern), anti-Sm antibody positivity (disease-specific for SLE), clinical manifestations of photosensitivity and arthritis, and hematologic involvement (thrombocytopenia with nadir 62,000/mm³). The positive lupus anticoagulant further supports SLE diagnosis, particularly given the absence of a primary thrombophilic condition and the clinical context of autoimmune disease.

**Ontology grounding:** Per SLE classification criteria: anti-Sm antibody is a pathognomonic immunologic criterion; ANA ≥1:80 is required; thrombocytopenia (<150,000/mm³) fulfills the hematologic domain; photosensitivity constitutes a constitutional/mucocutaneous criterion.

**Confidence:** **High**

---

## DIFFERENTIAL DIAGNOSIS:

1. **Antiphospholipid Syndrome (Primary or Secondary)** (25%) 
   - *Supports:* Lupus anticoagulant positivity, recurrent thrombocytopenia, false-positive VDRL (confirmed with negative FTA-abs, classic for antiphospholipid syndrome). 
   - *Against:* No documented thrombotic events (arterial or venous), which are required for primary APS diagnosis; anti-Sm and high-titer ANA more specific for SLE; normal complement levels not typical of active APS-associated disease.

2. **Antiphospholipid Syndrome Secondary to SLE** (20%)
   - *Supports:* Overlap syndrome increasingly recognized; lupus anticoagulant positivity combined with SLE-specific serology (Sm antibody); false-positive VDRL is characteristic of dual disease.
   - *Against:* Would be classified under SLE category; no additional distinguishing features; thrombocytopenia and anticoagulant positivity are already incorporated into SLE diagnosis here.

3. **Drug-Induced Lupus** (10%)
   - *Supports:* ANA positivity, arthritis, photosensitivity could be medication-related (hydralazine, procainamide, isoniazid, etc.).
   - *Against:* Anti-Sm antibodies are virtually never present in drug-induced lupus (highly specific for idiopathic SLE); speckled pattern ANA is less common; no renal involvement makes severity lower than typical drug-induced lupus at this age.

4. **Sjögren Syndrome with Secondary APS features** (5%)
   - *Supports:* Can present with photosensitivity, positive ANA, thrombocytopenia.
   - *Against:* Anti-Sm is virtually never positive in primary Sjögren syndrome; no mention of xerophthalmia/xerostomia; lupus anticoagulant more characteristic of lupus than Sjögren.

---

## KEY DISTINGUISHING FEATURES:

**Most helpful confirmatory tests:**
1. **Anti-dsDNA antibody** — Highly specific for SLE; if positive, virtually confirms diagnosis and helps assess disease activity
2. **Anti-ribonucleoprotein (anti-RNP)** — Often positive in SLE; helps define serologic subset
3. **Renal biopsy** (if proteinuria/hematuria develops) — Would confirm lupus nephritis, establishing organ-specific involvement
4. **Genetic testing for thrombophilia** — Negative results would exclude primary thrombophilic disorder as primary etiology
5. **Medication/toxin exposure history** — Critical to exclude drug-induced lupus

---

## REASONING CHAIN:

**Finding #1: Anti-Sm antibody positivity**
→ Ontology class: *Pathognomonic SLE-specific autoantigen*
→ Supports: **SLE** because anti-Sm has 99% specificity for SLE and is present in 20-30% of SLE patients; essentially excludes all other diagnoses in this differential

**Finding #2: Photosensitivity + arthritis + ANA 1:640**
→ Ontology class: *Constitutional","# RHEUMATOLOGY DIFFERENTIAL DIAGNOSIS CONSULTATION

## PRIMARY DIAGNOSIS: Systemic Lupus Erythematosus (SLE)

**Supporting evidence:** This patient meets multiple ACR/EULAR diagnostic criteria for SLE including: (1) positive ANA at high titer (1:640) with speckled pattern and positive Sm antibody (highly specific for SLE); (2) clinical photosensitivity and arthralgias; (3) thrombocytopenia with nadir of 62,000/mm³ (meets criterion <100,000/mm³); (4) false positive VDRL on two occasions confirmed with negative FTA-abs, a pathognomonic finding for SLE; and (5) positive lupus anticoagulant indicating antiphospholipid antibodies.

**Ontology grounding:** Per ontology: [5] False positive VDRL/RPR is ""a criterion for the diagnosis of SLE""; [2] Thrombocytopenia <100,000/mm³ ""fulfills a diagnostic criterion for SLE""; [1] Lupus anticoagulant/antiphospholipid antibodies are ""most frequently seen with SLE""; [3] Clinical presentation matches keywords ""lupus malar rash photosensitivity anti-dsDNA ANA complement nephritis cytopenia oral ulcers""

**Confidence: HIGH**

---

## DIFFERENTIAL DIAGNOSIS:

1. **Antiphospholipid Syndrome (APS), Secondary to SLE** (15%) 
   — *Supports:* Positive lupus anticoagulant, thrombocytopenia, false positive VDRL are cardinal features; patient has SLE as underlying autoimmune disease | *Against:* No documented thrombotic events (arterial or venous) or pregnancy morbidity; APS alone does not explain photosensitivity, arthritis, or Sm antibody positivity

2. **Sjögren Syndrome with Secondary Manifestations** (8%)
   — *Supports:* Can present with photosensitivity, arthralgias, thrombocytopenia, positive ANA; may have antiphospholipid antibodies | *Against:* Sm antibody is specific for SLE and not typical of Sjögren; false positive VDRL less common in Sjögren; clinical presentation more consistent with SLE

3. **Mixed Connective Tissue Disease (MCTD)** (5%)
   — *Supports:* Presents with polyarthralgias, photosensitivity, thrombocytopenia, positive ANA; can have antiphospholipid antibodies | *Against:* Sm antibody without high-titer anti-RNP argues against MCTD; false positive VDRL is SLE hallmark, not MCTD; does not explain full clinical constellation

---

## KEY DISTINGUISHING FEATURES:

**Most confirmatory:** Anti-double-stranded DNA (anti-dsDNA) antibody testing and complement levels (C3, C4). While complement is reportedly normal, anti-dsDNA positivity would strongly reinforce SLE diagnosis and help predict lupus nephritis risk.

**Additional clarifying tests:**
- Urine microscopy and 24-hour urine protein to assess for subclinical nephritis (SLE criterion: >500 mg/24 hrs proteinuria)
- Anticardiolipin IgG/IgM and beta-2 glycoprotein-1 antibodies to characterize antiphospholipid status
- Direct antiglobulin test (Coombs) to evaluate for hemolytic anemia (SLE criterion)
- Skin biopsy if rash present (would show characteristic SLE changes)

---

## REASONING CHAIN:

- **Finding:** ANA 1:640 speckled pattern + Sm antibody positive  
  **Ontology class:** [3] Systemic Lupus Erythematosus (keywords: anti-dsDNA, ANA)  
  **Supports SLE** because Sm antibody is 99% specific for SLE and is a major diagnostic criterion

- **Finding:** False positive VDRL × 2 confirmed with negative FTA-abs  
  **Ontology class:** [5] False positive VDRL/RPR  
  **Supports SLE** because",1761
case-006,minilm,all-MiniLM-L6-v2,http://purl.bioontology.org/ontology/AIR/DXSLE,in_label,SLE with Class IV nephritis - exercises renal biopsy ontology content,"24-year-old woman with 2-month fatigue, joint pains, and bilateral peripheral edema. 24-hour urine protein 4.2g. Anti-dsDNA positive (1:640). C3 32 mg/dL, C4 4 mg/dL. Renal biopsy demonstrates diffuse proliferative glomerulonephritis (Class IV). Malar rash present. CBC normal.","# RHEUMATOLOGIC DIFFERENTIAL DIAGNOSIS

## PRIMARY DIAGNOSIS: Systemic Lupus Erythematosus (SLE) with Lupus Nephritis (Class IV)

**Supporting evidence:** This patient meets multiple ACR/EULAR classification criteria for SLE including malar rash (constitutional manifestation), anti-dsDNA antibodies at high titer (1:640), low complement levels (C3 32, C4 4 mg/dL indicating active immune complex disease), and most critically, Class IV diffuse proliferative lupus nephritis confirmed on renal biopsy with nephrotic-range proteinuria (4.2g/24h). The constellation of constitutional symptoms (fatigue), polyarthralgia, cutaneous involvement, and serologic abnormalities in a young woman is pathognomonic for SLE with active renal involvement.

**Ontology grounding:** Per established rheumatologic ontology: anti-dsDNA antibodies with low C3/C4 constitute high-specificity criteria for SLE diagnosis. Class IV glomerulonephritis represents WHO classification category indicating severe proliferative disease with endocapillary and extracapillary proliferation.

**Confidence:** **High** (>95%)

---

## DIFFERENTIAL DIAGNOSIS:

1. **Secondary Lupus (Drug-Induced Lupus Erythematosus)** (3-5%)
   - *Supports:* Could present with similar serologic findings and constitutional symptoms
   - *Against:* Drug-induced lupus rarely produces anti-dsDNA antibodies; when present, are typically low-titer. More importantly, drug-induced lupus virtually never causes proliferative renal disease with Class IV morphology. Normal CBC argues against medication-induced hematologic effects.

2. **Other Connective Tissue Disease (Mixed Connective Tissue Disease/Undifferentiated)** (2-3%)
   - *Supports:* Can present with polyarthritis, constitutional symptoms, and renal involvement
   - *Against:* MCTD typically presents with anti-RNP antibodies rather than anti-dsDNA. Class IV proliferative lupus nephritis is exceptionally rare in MCTD; most renal involvement is membranous. Malar rash is not characteristic of MCTD.

3. **Post-Infectious Glomerulonephritis (PIGN)** (1%)
   - *Supports:* Can present with acute renal dysfunction and proteinuria
   - *Against:* PIGN is primarily post-streptococcal (typically in children). Serologically, anti-dsDNA and low C3/C4 are not features; rather, would expect anti-streptococcal antibodies and typically normal anti-DNA. Malar rash and constitutional symptoms are incompatible. Renal biopsy findings would show postinfectious pattern, not lupus nephritis pattern.

---

## KEY DISTINGUISHING FEATURES:

**Most confirmatory findings (already present):**
- Renal biopsy histopathology demonstrating wire-loop lesions, immune complex deposits on immunofluorescence (IgG, IgA, IgM, C3, C1q), and Class IV proliferative pattern
- High-titer anti-dsDNA with low C3/C4 (virtually pathognomonic for SLE)

**Additional confirmatory tests if diagnosis were uncertain:**
- Anti-Smith (Sm) antibodies (highly specific for SLE, though not required here)
- Antinuclear antibody (ANA) pattern—expect homogeneous or mixed; should be positive at high titer
- Direct immunofluorescence of skin biopsy from malar rash showing ""granular"" IgG/C3 deposits at dermal-epidermal junction (pathognomonic lupus band test)

---

## REASONING CHAIN:

- **Finding → Malar rash + fatigue + polyarthralgia**
  - Ontology class → Constitutional/cutaneous manifestations of systemic autoimmune disease
  - Supports → SLE because classical triad of constitutional, dermatologic, and musculoskeletal involvement

- **Finding → Anti-dsDNA 1:640 + C3 32 + C4 4 mg/dL**
  - Ontology class → Serologic markers of immune complex-mediated disease
  - Supports","# RHEUMATOLOGICAL DIFFERENTIAL DIAGNOSIS CONSULTATION

PRIMARY DIAGNOSIS: Systemic Lupus Erythematosus (SLE) with Lupus Nephritis (Class IV - Diffuse Proliferative)
Supporting evidence: The patient meets multiple ACR/EULAR SLE classification criteria: malar rash, anti-dsDNA antibody positivity (1:640), nephrotic-range proteinuria (4.2g/24hrs), complement consumption (C3 32, C4 4 mg/dL), and diffuse proliferative glomerulonephritis on renal biopsy. The constellation of constitutional symptoms (fatigue), arthritis (joint pains), cutaneous manifestations, and severe renal involvement with Class IV histology is pathognomonic for active SLE with significant systemic disease activity.
Ontology grounding: Per ontology: Proteinuria >500mg/24hrs satisfies a diagnostic criterion for SLE (DXSLE). Diffuse glomerulonephritis with immune complex deposition represents the most severe form of lupus nephritis, consistent with Class IV disease.
Confidence: **High**

---

## DIFFERENTIAL DIAGNOSIS:

1. **Other drug-induced lupus or secondary lupus (5%)** — Drug history could modify classification; however, the presence of anti-dsDNA (highly specific for idiopathic SLE) and Class IV proliferative nephritis argues strongly against drug-induced variants, which typically present with less severe renal disease | CBC is normal (ruling out cytopenias that would support active SLE), though this is not inconsistent with SLE

2. **Anti-GBM disease/Goodpasture syndrome (3%)** — Would present with severe rapidly progressive glomerulonephritis and pulmonary hemorrhage; however, anti-dsDNA positivity and complement consumption are not typical | Lacks the characteristic linear IgG deposition on basement membrane; positive anti-dsDNA essentially excludes this diagnosis

3. **Lupus-like syndrome secondary to other rheumatologic disease (2%)** — Conditions like scleroderma or mixed connective tissue disease could present with nephritis; however, the clinical and serological profile (anti-dsDNA, complement consumption, diffuse GN) is specific for SLE | The presence of malar rash and absence of other specific antibodies (anti-Scl-70, anti-centromere, anti-RNP predominance) argues against alternatives

---

## KEY DISTINGUISHING FEATURES:

- **Most supportive findings already present**: Anti-dsDNA positivity (highly specific for SLE; 95-98% specificity) combined with Class IV lupus nephritis on biopsy is virtually diagnostic
- **Next diagnostic step**: Renal biopsy immunofluorescence should demonstrate **IgG, IgA, IgM, C3, and C1q deposits in a granular pattern** (consistent with immune complex-mediated lupus nephritis), which would definitively confirm SLE over mimics
- **Additional confirmatory tests**: ANA (should be positive, typically high-titer), anti-Smith antibody (increases specificity), urinalysis showing active sediment (RBC casts, WBC casts), and screening for lupus anticoagulant/anticardiolipin antibodies
- **Exclusionary tests**: Anti-GBM antibodies (negative), ANCA (negative), and tissue-type specific antibodies from associated conditions

---

## REASONING CHAIN:

- **Finding → Malar rash + polyarthritis + constitutional symptoms**
  - Ontology class → Systemic inflammatory polyarthritis with cutaneous manifestations
  - Supports → SLE because this represents classic multisystem involvement patterns

- **Finding → Anti-dsDNA positive (1:640) + C3/C4 consumption**
  - Ontology class → Serologic markers of active systemic autoimmunity with immune complex disease
  - Supports → SLE because anti-dsDNA and complement consumption are hallmark features of active lupus with circulating immune complexes

- **Finding → Nephrotic-range proteinuria (4.2g/24hrs) + diffuse proliferative GN on biopsy**
  - Ontology class → Diffuse glomerulonephritis; nephrotic syndrome
  - Supports → SLE with Class IV lupus nephritis because diffuse proliferative GN is the most severe",1539
case-007,minilm,all-MiniLM-L6-v2,http://purl.bioontology.org/ontology/AIR/DXGT,in_label,Classic gout - exercises crystal identification ontology content,"62-year-old man presenting with acute severe pain and swelling of the left first metatarsophalangeal joint, onset overnight. Joint aspiration: monosodium urate crystals identified (needle-shaped, strongly negatively birefringent under polarized light microscopy). Serum uric acid 9.8 mg/dL. WBC 14,000/mm3. No prior joint episodes. BMI 31.","# RHEUMATOLOGY CONSULTATION: DIFFERENTIAL DIAGNOSIS

## PRIMARY DIAGNOSIS: Acute Gout (Gouty Arthritis)

**Supporting evidence:** Monosodium urate (MSU) crystals identified on joint aspiration with pathognomonic needle-shaped morphology and strong negative birefringence under polarized light microscopy—the gold standard diagnostic finding for gout. Acute monarticular presentation affecting the first metatarsophalangeal joint (podagra) with overnight onset is the classic initial presentation of gout. Elevated serum uric acid (9.8 mg/dL; normal <6.8) and acute inflammatory response (WBC 14,000/mm³) support acute crystalline arthropathy.

**Ontology grounding:** Per rheumatology classification systems, this case satisfies ACR/EULAR gout diagnostic criteria through definitive synovial fluid analysis showing intracellular MSU crystals.

**Confidence:** **HIGH** (>95%)

---

## DIFFERENTIAL DIAGNOSIS:

1. **Pseudogout (Calcium Pyrophosphate Deposition Disease—CPPD)** (2-3%)
   - *Supports:* Acute monarticular presentation with severe inflammation; first MTP joint can be affected
   - *Against:* Crystal morphology would show rhomboid/rod-shaped, positively birefringent calcium pyrophosphate dihydrate (CPPD) crystals, NOT needle-shaped negatively birefringent MSU crystals. Synovial fluid analysis definitively excludes this diagnosis.

2. **Septic Arthritis (Bacterial Infection)** (1-2%)
   - *Supports:* Acute severe monoarthritis, elevated WBC, risk factors present (age, BMI)
   - *Against:* Synovial fluid shows MSU crystals (not intracellular bacteria, Gram stain, or culture growth expected); no fever documented; MSU crystallography is pathognomonic and excludes septic joint.

3. **Acute Rheumatoid Arthritis (RA) or Seronegative Spondyloarthropathy** (<1%)
   - *Supports:* Acute joint inflammation with elevated WBC
   - *Against:* Polyarticular distribution expected in RA; MSU crystal identification excludes crystalline disease; no mention of morning stiffness, symmetric involvement, or systemic symptoms typical of RA.

---

## KEY DISTINGUISHING FEATURES:

**Synovial fluid analysis (already performed and diagnostic):** MSU crystal identification with negative birefringence is **pathognomonic** for gout and excludes other diagnoses. No additional testing needed for diagnosis confirmation.

**Additional supportive (but not required given definitive crystalography):**
- Serum uric acid trending or 24-hour urine uric acid (assess for overproduction vs. underexcretion)
- Imaging: X-ray to assess for tophaceous deposits or chronic gout changes (punched-out erosions)
- ECG/renal function: assess for cardiovascular comorbidities and renal status before initiating urate-lowering therapy

---

## REASONING CHAIN:

- **Finding → Overnight acute monarticular arthritis of first MTP joint (podagra)**
  - Ontology class → *Acute Crystalline Arthropathy / Gout*
  - Supports → **Acute Gout** because this is the pathognomonic presentation of initial gouty attack

- **Finding → Needle-shaped, strongly negatively birefringent crystals on polarized light microscopy**
  - Ontology class → *Intracellular MSU Crystals / Definitive Gout Diagnosis*
  - Supports → **Acute Gout** because this is the gold-standard criterion for gout diagnosis (ACR/EULAR) and is incompatible with CPPD, septic arthritis, or inflammatory arthropathies

- **Finding → Elevated serum uric acid (9.8 mg/dL) + acute inflammatory response (WBC 14,000)**
  - Ontology class → *Hyperuricemia + Acute Inflammation*
  - Supports → **Acute Gout** because MSU crystal precipitation and inflammatory cascade are triggered by sustained hyperuricemia

---

## CLINICAL MANAGEMENT IMPLICATIONS","# DIFFERENTIAL DIAGNOSIS CONSULTATION

## PRIMARY DIAGNOSIS: Acute Gouty Arthritis (Gout)

**Supporting evidence:** Joint aspiration demonstrated monosodium urate crystals with characteristic needle-shaped morphology and strong negative birefringence under polarized light microscopy—the gold standard diagnostic finding for gout. Acute onset of severe monarticular joint pain and swelling at the first metatarsophalangeal joint (podagra) is the classic presentation. Serum uric acid of 9.8 mg/dL is elevated (normal 1.5-8.0 mg/dL), and acute inflammatory response (WBC 14,000/mm³) is consistent with acute gouty inflammation.

**Ontology grounding:** Per ontology: The case demonstrates the pathognomonic finding of ""monosodium urate crystals"" with negatively birefringent characteristics under polarized microscopy, which is the diagnostic hallmark linked to DXGT (Gout). The clinical presentation of podagra with elevated serum uric acid supports the diagnostic criteria for acute gout as described in the gout ontology node.

**Confidence: High**

---

## DIFFERENTIAL DIAGNOSIS:

1. **Pseudogout (Calcium Pyrophosphate Deposition Disease)** (5-10%) — Could present with acute monoarthritis of large joints in elderly patients; elevated WBC supports acute inflammation | Crystal morphology and birefringence properties are distinctly different (rhomboid/rod-shaped, positively birefringent); joint aspiration explicitly identified urate crystals, not calcium pyrophosphate

2. **Septic Arthritis** (2-5%) — Acute onset, significant swelling, elevated WBC, and joint aspiration were performed (appropriate concern in monarthritis) | Synovial fluid culture would be positive; crystal identification rules out infection as primary diagnosis; no mention of fever, chills, or systemic toxicity; joint aspiration showed crystals, not purulent fluid

3. **Ankylosing Spondylitis with peripheral arthritis** (<2%) — Can cause inflammatory joint disease in middle-aged men; elevated inflammatory markers present | Typically presents with inflammatory back pain and morning stiffness; MTP joint involvement would be unusual as initial presentation; no mention of axial symptoms or HLA-B27 status; acute monoarticular presentation inconsistent with typical AS pattern

---

## KEY DISTINGUISHING FEATURES:

**Most confirmatory:** Joint aspiration with crystal identification is **already diagnostic**—no additional testing needed to confirm primary diagnosis. However, the following would strengthen clinical management:

- **24-hour urine uric acid excretion:** Distinguishes underexcretion vs. overproduction of uric acid (relevant for long-term management)
- **Renal function (creatinine, eGFR):** Critical for assessing uric acid-lowering therapy options and renal involvement
- **Imaging (X-ray of foot):** May show chronic tophaceous changes if recurrent gout; helps exclude fracture or chronic arthropathy

---

## REASONING CHAIN:

- **Finding → Monosodium urate crystals, needle-shaped, negatively birefringent on synovial fluid**
  - Ontology class → ""Gout: monosodium urate crystals, negatively birefringent"" [from ontology node 2]
  - Supports → Acute Gouty Arthritis because monosodium urate crystal identification on polarized light microscopy is pathognomonic for gout and fulfills diagnostic criteria

- **Finding → Acute monarticular arthritis of first MTP joint (podagra)**
  - Ontology class → ""Gout: clinical keywords including podagra, MTP involvement""
  - Supports → Acute Gouty Arthritis because podagra is the classic presentation of gout, occurring in >50% of first gout episodes

- **Finding → Serum uric acid 9.8 mg/dL (elevated)**
  - Ontology class → ""Serum uric acid: normal 1.5-8.0 mg/dL""
  - Supports → Acute Gouty Arthritis because hyperuricemia is a prerequisite for crystal formation, though per ontology note, elevated uric acid alone is insufficient for diagnosis (crystals provide confirmatory evidence)

- **Finding → Acute inflammatory response (WBC 14,",1227
case-008,minilm,all-MiniLM-L6-v2,NONE,in_label,CPPD/pseudogout with hyperparathyroidism - exercises hyperparathyroidism and chondrocalcinosis ontology content; not in 6-label set,"55-year-old man with 3-year history of recurrent acute joint flares in wrists and knees. X-rays show chondrocalcinosis of both knee menisci and bilateral wrist triangular fibrocartilage. Serum calcium 11.2 mg/dL (elevated). PTH markedly elevated. Synovial fluid from knee: WBC 28,000/mm3 with weakly positively birefringent rhomboid crystals. Serum uric acid normal.","# RHEUMATOLOGIC DIFFERENTIAL DIAGNOSIS

## PRIMARY DIAGNOSIS: Secondary Pseudogout (Calcium Pyrophosphate Deposition Disease) Associated with Primary Hyperparathyroidism

**Supporting evidence:** The clinical presentation of recurrent acute polyarticular flares (wrists, knees) combined with radiographic chondrocalcinosis in classic locations (knee menisci, triangular fibrocartilage) and synovial fluid analysis showing weakly positively birefringent rhomboid crystals (calcium pyrophosphate dihydrate) is pathognomonic for CPPD arthropathy. The markedly elevated PTH with elevated serum calcium identifies primary hyperparathyroidism as the underlying metabolic driver—a well-established risk factor for secondary CPPD. The 3-year flare pattern with documented crystal-induced synovitis confirms pseudogout rather than asymptomatic chondrocalcinosis.

**Ontology grounding:** Per crystal arthropathy classification: Calcium pyrophosphate dihydrate crystal deposition disease (CPPD) is a distinct crystal-induced inflammatory arthropathy with characteristic rhomboid, weakly birefringent crystals. Hyperparathyroidism is recognized in the etiology of secondary CPPD via altered calcium-phosphate metabolism.

**Confidence: HIGH**

---

## DIFFERENTIAL DIAGNOSIS:

1. **Gout (Monosodium Urate Deposition Disease)** (5%) — Recurrent acute polyarticular flares affecting wrists/knees fit acute gout pattern; however, normal serum uric acid strongly argues against this, and the crystal morphology (rhomboid, weakly birefringent) is incompatible with needle-shaped, strongly negatively birefringent monosodium urate crystals seen in gout.

2. **Rheumatoid Arthritis with Incidental Chondrocalcinosis** (8%) — Symmetric polyarticular involvement of wrists/knees could resemble RA; however, the absence of inflammatory markers mentioned, acute episodic flare pattern (rather than chronic progressive), documented intracellular crystals in synovial fluid, and lack of mention of positive rheumatoid factor/anti-CCP antibodies argue strongly against RA. Chondrocalcinosis is incidental here, not the driver.

3. **Acute Inflammatory Arthritis from Hypercalcemia (Milk-Alkali Syndrome or Vitamin D Intoxication)** (3%) — Hypercalcemia can trigger inflammatory synovitis; however, the diagnostic hallmark is PTH-mediated primary hyperparathyroidism (suppressed PTH would be expected with non-PTH causes), and crystal identification definitively points to CPPD rather than non-crystalline inflammation.

---

## KEY DISTINGUISHING FEATURES:

**Confirmatory test for primary diagnosis:**
- **Parathyroid imaging (sestamibi scan or ultrasound)** or **parathyroid hormone suppression testing** to confirm primary hyperparathyroidism as the metabolic etiology
- **Repeat synovial fluid analysis** from flare confirming CPPD crystals (already done and supportive)
- **Serum magnesium and phosphate** to assess mineral metabolism pattern consistent with hyperparathyroidism

**Test to exclude key differentials:**
- **Serum/24-hour urine uric acid** (already normal—excludes gout)
- **Rheumatoid factor, anti-CCP, ESR/CRP** (if not already obtained—to exclude RA)
- **PTH level suppression post-parathyroidectomy** would be the gold standard for confirming hyperparathyroidism as the driver

---

## REASONING CHAIN:

- **Finding → Weakly birefringent rhomboid crystals in synovial fluid**
  - **Ontology class:** Crystal arthropathy; specifically Calcium Pyrophosphate Deposition Disease (CPPD)
  - **Supports:** Secondary pseudogout because CPPD is the only crystal arthropathy with this exact crystalline morphology and birefringence pattern

- **Finding → Markedly elevated PTH with elevated serum calcium**
  - **Ontology class:** Metabolic bone disease; hyperparathyroidism etiology
  - **Supports:** Secondary CPPD because hyper","# STRUCTURED DIFFERENTIAL DIAGNOSIS

## PRIMARY DIAGNOSIS: Calcium Pyrophosphate Deposition Disease (CPDD) with Secondary Hyperparathyroidism

**Supporting evidence:** The patient presents with recurrent acute polyarticular flares involving typical sites (wrists and knees) with radiologic confirmation of chondrocalcinosis in the menisci and triangular fibrocartilage—classic locations for CPPD. Synovial fluid analysis demonstrates an inflammatory effusion (WBC 28,000/mm³) with weakly positively birefringent rhomboid crystals, which are pathognomonic for calcium pyrophosphate dihydrate crystals. The markedly elevated PTH with hypercalcemia identifies secondary hyperparathyroidism as an important underlying etiology, as hyperparathyroidism is a well-established predisposing factor for CPPD with increased chondrocalcinosis incidence.

**Ontology grounding:** Per ontology: Chondrocalcinosis is directly linked to CPDD (DXCPD) as a radiologic hallmark. Hyperparathyroidism (relevance: 0.624) is explicitly associated with CPDD pathogenesis, noting that ""patients with primary hyperparathyroidism show an increased incidence of chondrocalcinosis with episodes of calcium pyrophosphate crystallization."" Synovial fluid with inflammatory, granulocytic predominance (Type II) is consistently observed in acute crystal-induced synovitis including CPPD.

**Confidence: High**

---

## DIFFERENTIAL DIAGNOSIS:

1. **Gout (DXGT)** (8-10%) — Normal serum uric acid and weakly positive birefringent rhomboid crystals argue strongly against gout, which presents with negatively birefringent needle-shaped monosodium urate crystals and typically elevated uric acid. However, hyperparathyroidism can increase risk of both gout and CPPD, creating diagnostic overlap in some patients. | Definitively excluded by crystal morphology and normal urate level.

2. **Osteoarthritis with superimposed inflammatory episodes** (5-8%) — Chronic recurrent polyarticular involvement and radiographic degenerative changes could suggest OA; however, the dramatically elevated synovial WBC (28,000/mm³) with specific crystal identification is incompatible with primary OA. | Does not explain the acute inflammatory flares or crystal findings.

3. **Other crystal arthropathies (apatite, oxalate)** (2-3%) — Less common calcium salt deposition diseases could theoretically present similarly, but the characteristic rhomboid morphology and weakly positive birefringence are specific to CPPD. | Crystal identification is diagnostic for CPPD.

---

## KEY DISTINGUISHING FEATURES:

- **Crystal identification and compensated polarized light microscopy:** The synovial fluid crystal morphology (weakly positively birefringent rhomboids) is pathognomonic for CPPD and definitively excludes gout and other crystal arthropathies.
- **PTH and parathyroid imaging:** Confirmation of primary versus secondary hyperparathyroidism and assessment of parathyroid pathology would establish the metabolic driver and guide treatment of the underlying cause.
- **Repeat acute flare documentation:** Documenting crystal identification during an acute episode (as opposed to asymptomatic chondrocalcinosis) confirms pseudogout rather than asymptomatic CPPD.

---

## REASONING CHAIN:

**Finding → Chondrocalcinosis on X-ray (menisci, triangular fibrocartilage)**
- **Ontology class:** Chondrocalcinosis (relevance: 0.708), directly linked to DXCPD
- **Supports:** CPPD because calcium pyrophosphate deposition in fibrocartilage is the defining pathologic feature

**Finding → Weakly positively birefringent rhomboid crystals in synovial fluid**
- **Ontology class:** Synovial fluid analysis with specific crystal morphology
- **Supports:** CPPD because this crystal type is pathognomonic for calcium pyrophosphate dihydrate

**Finding → Elevated PTH and serum calcium**
- **Ontology class:** Hyperparathyroidism (relevance: 0.624), linked to DXCP",2500
case-009,minilm,all-MiniLM-L6-v2,http://purl.bioontology.org/ontology/AIR/DXPSO,in_label,Classic psoriatic arthritis with DIP and dactylitis,"48-year-old man with 5-year history of plaque psoriasis presenting with inflammatory arthritis affecting distal interphalangeal joints bilaterally. Nail pitting and onycholysis present. Dactylitis of right ring finger. RF negative, anti-CCP negative. X-rays: periostitis and asymmetric joint space narrowing at DIPs.","# RHEUMATOLOGIC DIFFERENTIAL DIAGNOSIS

## PRIMARY DIAGNOSIS: Psoriatic Arthritis (PsA)

**Supporting evidence:** The patient presents with established plaque psoriasis (5-year history) combined with DIP-predominant inflammatory arthritis, nail involvement (pitting and onycholysis), and dactylitis—all cardinal features of PsA. Seronegative status (RF and anti-CCP negative) is typical of PsA and excludes rheumatoid arthritis. Radiographic findings of periostitis and asymmetric joint space narrowing at DIPs are pathognomonic for PsA, reflecting its characteristic osteoproliferative pattern.

**Confidence: High**

---

## DIFFERENTIAL DIAGNOSIS:

1. **Rheumatoid Arthritis (RA)** (8%) — Early symmetric polyarthritis can mimic PsA; however, negative RF/anti-CCP essentially excludes seropositive RA, and DIP involvement is atypical for RA (typically spares DIPs). Absence of documented rheumatoid nodules and periostitis pattern argues strongly against RA.

2. **Erosive Osteoarthritis (EOA)** (5%) — Can cause DIP involvement with erosions and asymmetric joint space narrowing; however, inflammatory presentation with dactylitis, nail changes, and documented psoriasis is inconsistent with primary EOA. EOA typically occurs in older women without systemic features.

3. **Reactive Arthritis** (2%) — Can present as seronegative polyarthritis; however, DIP involvement and nail psoriasiform changes are uncommon. Lacks the typical triggering infection history or mucocutaneous manifestations (conjunctivitis, urethritis, oral ulcers).

4. **Gout (chronic)** (2%) — Chronic tophaceous gout can affect DIPs; however, the symmetric bilateral presentation, dactylitis, nail pitting, and cutaneous psoriasis are atypical. No mention of hyperuricemia or monosodium urate crystals.

---

## KEY DISTINGUISHING FEATURES:

**Most confirmatory:**
- **Skin biopsy** of psoriatic plaques (if diagnosis uncertain)—would confirm psoriasis histologically
- **HLA-B27 testing**—positive in ~70% of PsA patients, supportive but not diagnostic
- **Inflammatory markers (ESR/CRP)**—elevated levels support active inflammatory arthritis consistent with PsA

**Most helpful to exclude alternatives:**
- **Advanced imaging (MRI or ultrasound of affected joints)**—would demonstrate inflammation in synovium and periosteum, characteristic of PsA
- **Serum uric acid level**—to exclude gout
- **Repeat serologic testing for RF/anti-CCP with high-sensitivity assays**—confirms seronegative status

---

## REASONING CHAIN:

**Finding 1:** Plaque psoriasis × 5 years
- **Ontology class:** Cutaneous manifestation of systemic inflammatory disease
- **Supports:** PsA, as ~30% of psoriatic patients develop arthritis (arthritis-first PsA is less common but occurs)

**Finding 2:** DIP-predominant inflammatory arthritis + dactylitis
- **Ontology class:** Axial/peripheral inflammatory polyarthritis with distinctive distribution
- **Supports:** PsA because DIP involvement with periostitis is pathognomonic; RA typically spares DIPs

**Finding 3:** Nail involvement (pitting, onycholysis)
- **Ontology class:** Psoriasiform nail dystrophy
- **Supports:** PsA because nail changes occur in 80% of PsA patients vs. 15% in RA, reflecting shared psoriatic pathology

**Finding 4:** RF/anti-CCP negative
- **Ontology class:** Seronegative inflammatory arthritis
- **Supports:** PsA (characteristically seronegative) and argues against seropositive RA

**Finding 5:** Periostitis + asymmetric joint space narrowing on X-ray
- **Ontology class:** Osteoproliferative inflammatory arthropathy
- **Supports:** PsA uniquely, as this ""bone proliferation alongside bone loss"" pattern is PsA's hallmark radiographic signature, distinct from RA's","# DIFFERENTIAL DIAGNOSIS CONSULTATION

## PRIMARY DIAGNOSIS: Psoriatic Arthritis (PsA)

**Supporting evidence:** Patient presents with a 5-year history of plaque psoriasis followed by DIP-predominant inflammatory arthritis with characteristic features including bilateral DIP involvement, nail pitting, onycholysis, dactylitis (sausage digit of right ring finger), and periostitis at tendon insertions on imaging. Seronegative status (RF and anti-CCP negative) is typical for PsA and excludes rheumatoid arthritis. The asymmetric pattern with DIP involvement is pathognomonic for psoriatic arthritis.

**Ontology grounding:** Per ontology: ""Psoriatic Arthritis"" directly encompasses the clinical keywords ""psoriatic arthritis psoriasis DIP dactylitis nail pitting sausage digit asymmetric."" Additionally, ""Periostitis at sites of tendon insertions"" is documented as a characteristic radiographic finding in PsA.

**Confidence: High**

---

## DIFFERENTIAL DIAGNOSIS:

1. **Rheumatoid Arthritis (5%)** — Polyarticular inflammatory arthritis with joint space narrowing; symmetric DIP involvement occurs in ~5-10% of RA | Strongly argues against: seronegative (RF and anti-CCP negative), clear psoriatic skin disease predates arthritis, dactylitis is rare in RA, periostitis pattern differs from classic RA bone erosions

2. **Sarcoidosis with Arthritis (3%)** — Can present with acute or chronic arthritis including dactylitis and destructive changes; systemic inflammation could explain constitutional features if present | Argues against: sarcoidosis typically presents with acute symmetric ankle/knee arthritis (not chronic DIP-predominant), lacks typical pulmonary/systemic sarcoidosis features described, diagnosis would be one of exclusion requiring biopsy confirmation

3. **Secondary Raynaud's Phenomenon/Connective Tissue Disease (2%)** — Raynaud's can occur in SLE, systemic sclerosis, or mixed connective tissue disease with concurrent arthritis | Argues against: no mention of Raynaud's symptoms, no evidence of systemic sclerosis skin changes, seronegative profile, psoriasis is the clear primary diagnosis

---

## KEY DISTINGUISHING FEATURES:

- **HLA-B27 and HLA-Cw6 testing:** Positive in 60-70% of PsA patients; would support diagnosis
- **ESR/CRP elevation:** Supports active inflammatory PsA
- **MRI or ultrasound of affected DIPs:** Would demonstrate synovitis, bone marrow edema, and confirm periosteal inflammation patterns characteristic of PsA
- **Dermoscopy/skin biopsy of psoriatic plaques:** Confirms psoriasis if diagnosis unclear
- **Absence of constitutional symptoms/systemic features:** Would effectively exclude sarcoidosis

---

## REASONING CHAIN:

- **Finding:** 5-year plaque psoriasis preceding arthritis by typically several years
  - **Ontology class:** ""Psoriatic Arthritis"" with psoriasis as prerequisite
  - **Supports:** PsA because temporal relationship (skin-first PsA pattern) and plaque morphology match canonical presentation

- **Finding:** DIP-predominant bilateral arthritis with dactylitis and asymmetric involvement
  - **Ontology class:** ""Psoriatic Arthritis"" pattern; distinguishes from ""Raynaud's phenomenon"" and general connective tissue diseases
  - **Supports:** PsA because DIP and sausage digit dactylitis are signature features of PsA, not typical of RA or systemic connective tissue disease

- **Finding:** Periostitis on X-rays with asymmetric narrowing
  - **Ontology class:** ""Periostitis at sites of tendon insertions present""
  - **Supports:** PsA because periosteal new bone formation at tendon insertions is highly characteristic of PsA and uncommon in RA

- **Finding:** Seronegative (RF−, anti-CCP−)
  - **Ontology class:** Rheumatologic serologic profile
  - **Supports:** PsA and argues against RA because ~70% of PsA is seronegative, whereas established RA is usually seropositive",1971
case-010,minilm,all-MiniLM-L6-v2,http://purl.bioontology.org/ontology/AIR/DXPSO,in_label,Axial psoriatic arthritis - exercises syndesmophyte pattern ontology content (non-marginal vs marginal),"35-year-old man with 5-year history of plaque psoriasis now developing inflammatory low back pain worse at night, improving with exercise. Imaging shows non-marginal asymmetric syndesmophytes at L3-L5 and asymmetric sacroiliitis on MRI. HLA-B27 positive. RF negative, anti-CCP negative. No peripheral joint swelling.","# RHEUMATOLOGIC DIFFERENTIAL DIAGNOSIS

## PRIMARY DIAGNOSIS: Psoriatic Arthritis (PsA) - Axial Predominant Form

**Supporting evidence:** The patient presents with established plaque psoriasis (5-year duration) now manifesting inflammatory axial disease characterized by inflammatory back pain (nocturnal pain, exercise-responsive) and asymmetric sacroiliitis with non-marginal syndesmophytes on imaging—a radiographic pattern highly characteristic of PsA rather than ankylosing spondylitis. HLA-B27 positivity is present in ~60% of axial PsA, and the absence of peripheral arthritis with negative RF/anti-CCP excludes rheumatoid arthritis.

**Ontology grounding:** Per spondyloarthropathy classification: PsA fulfills criteria as an HLA-B27-associated seronegative spondyloarthropathy with extra-articular manifestation (psoriasis) and axial involvement with characteristic imaging findings (asymmetric syndesmophytes, sacroiliitis).

**Confidence: High**

---

## DIFFERENTIAL DIAGNOSIS:

1. **Ankylosing Spondylitis (AS)** (15%) 
   - *Supports:* HLA-B27 positive; inflammatory back pain pattern; sacroiliitis and syndesmophytes on imaging; male gender; typical age of onset
   - *Against:* Psoriasis is established prior manifestation (not coincidental); syndesmophytes are **non-marginal and asymmetric** (AS typically shows marginal, symmetric progression); no peripheral joint involvement typical of PsA-axial subtype

2. **Undifferentiated Spondyloarthropathy** (10%)
   - *Supports:* HLA-B27 positive; axial inflammation; seronegative profile
   - *Against:* Established psoriasis is a defining extra-articular feature pointing toward PsA classification; imaging findings are specific enough to warrant PsA diagnosis rather than remaining undifferentiated

3. **Reactive Arthritis (ReA)** (5%)
   - *Supports:* Seronegative; HLA-B27 associated; can present with axial disease
   - *Against:* No documented preceding GI or GU infection; 5-year psoriasis history predates joint symptoms (ReA typically acute onset post-infection); no mucocutaneous lesions or ocular involvement mentioned; chronicity argues against ReA

4. **Enteropathic Arthritis** (5%)
   - *Supports:* Seronegative spondyloarthropathy; axial disease possible
   - *Against:* No reported inflammatory bowel disease; psoriasis rather than bowel manifestation is defining extra-articular feature; no GI symptoms documented

---

## KEY DISTINGUISHING FEATURES:

**Most helpful confirmatory finding:** 
- **Clinical examination for peripheral arthritis and dactylitis** — PsA commonly manifests asymmetric oligoarthritis in DIP/PIP joints and dactylitis even with axial predominance; their presence would strongly confirm PsA over AS
- **Assessment of nail involvement** (onycholysis, pitting, ridging) — strongly suggests PsA
- **Inflammatory markers (ESR, CRP)** — typically elevated in active PsA; helps confirm inflammatory burden
- **MRI assessment of entheseal involvement** — common in PsA (Achilles insertion, plantar fascia) vs. AS

---

## REASONING CHAIN:

- **Finding → Clinical presentation**
  - 5-year plaque psoriasis + new inflammatory back pain (nocturnal, exercise-responsive)
  
- **Finding → Imaging pattern**
  - Asymmetric, non-marginal syndesmophytes + asymmetric sacroiliitis (NOT the marginal, symmetric pattern of AS)

- **Finding → Serologic profile**
  - HLA-B27 positive + RF/anti-CCP negative = seronegative spondyloarthropathy

- **Ontology class → Spondyloarthropathy spectrum**
  - HLA-B27-associated condition with extra-articular manifestation

- **Supports → Psoriatic Arthritis (axial-predominant subtype)**
  - Because the combination of established psoriasis, asymmetric radiographic findings, seroneg","# DIFFERENTIAL DIAGNOSIS CONSULTATION

## PRIMARY DIAGNOSIS: Psoriatic Spondylitis (Psoriatic Arthritis with Axial Involvement)

**Supporting evidence:** The patient has a 5-year history of plaque psoriasis with newly developed inflammatory back pain that improves with exercise—a hallmark of inflammatory spondyloarthritis. Imaging demonstrates the pathognomonic finding of **non-marginal asymmetric syndesmophytes** at L3-L5 combined with asymmetric sacroiliitis, which is specifically characteristic of psoriatic spondylitis rather than ankylosing spondylitis. The HLA-B27 positivity and negative rheumatoid serologies (RF, anti-CCP) are consistent with spondyloarthropathy phenotype.

**Ontology grounding:** Per ontology: ""In psoriasis and in Reiter's syndrome, [syndesmophytes] often are massive and bridge adjacent vertebrae **asymmetrically**. In these diseases they appear to arise from a **broad zone on the vertebrae, and tend to spare the anterior surfaces** (non-marginal syndesmophytes)."" The ontology explicitly contrasts this with ankylosing spondylitis (which produces marginal, symmetric syndesmophytes). Additionally, the ontology notes that ""asymmetric sacroiliitis is not uncommon"" in psoriatic spondylitis, distinguishing it from the symmetric pattern typical of ankylosing spondylitis.

**Confidence: High**

---

## DIFFERENTIAL DIAGNOSIS:

1. **Ankylosing Spondylitis (10%)** — HLA-B27 positive, inflammatory back pain improving with motion, morning stiffness pattern | *Argues against:* Non-marginal asymmetric syndesmophytes and asymmetric sacroiliitis are atypical for AS; AS characteristically produces symmetric marginal syndesmophytes and symmetric bilateral sacroiliitis. The 5-year psoriasis history is not explained.

2. **Reiter's Disease/Reactive Arthritis (8%)** — Can present with spondyloarthritis, asymmetric syndesmophytes, and asymmetric sacroiliitis; HLA-B27 positive | *Argues against:* No documented history of preceding infection, urethritis, conjunctivitis, or other systemic manifestations of reactive arthritis. The prominent psoriasis is the dominant clinical driver rather than post-infectious triggers.

3. **Enteropathic Spondylitis (5%)** — Can present with asymmetric sacroiliitis and inflammatory back pain; HLA-B27 association | *Argues against:* No history of inflammatory bowel disease (Crohn's disease or ulcerative colitis); no gastrointestinal complaints documented. Psoriasis is the primary systemic manifestation.

---

## KEY DISTINGUISHING FEATURES:

**To confirm psoriatic spondylitis and exclude ankylosing spondylitis:**
- **MRI/CT imaging characteristics:** Asymmetry and non-marginal location of syndesmophytes strongly favor psoriatic spondylitis; if marginal symmetric syndesmophytes develop or sacroiliitis becomes bilateral symmetric, ankylosing spondylitis becomes more likely
- **Peripheral joint involvement:** Document presence/absence of asymmetric oligoarticular involvement (hands, knees, ankles), which would favor psoriatic arthritis; AS typically spares peripheral joints
- **Psoriasis activity correlation:** Flares in psoriatic skin disease should correlate temporally with spine symptoms; this relationship is less specific for AS
- **TNF-inhibitor response:** Both conditions respond to TNFi, but improvement in skin psoriasis alongside spinal symptoms strongly supports PsA

---

## REASONING CHAIN:

- **Finding → Plaque psoriasis (5-year history) + new inflammatory spondylitis**
  - Ontology class: Spondyloarthropathy phenotype with systemic manifestations
  - Supports → Psoriatic Arthritis because psoriasis is the defining systemic disease driving axial involvement

- **Finding → Non-marginal, asymmetric syndesmophytes at L3-L5**
  - Ontology class: Syndesmophyte morphology patterns
  - Supports → Psoriatic Spondylitis because the ontology explicitly identifies non-marginal asymmetric syndesmophytes as characteristic of ps",2252
case-011,minilm,all-MiniLM-L6-v2,http://purl.bioontology.org/ontology/AIR/DXANK,in_label,AS - exercises marginal syndesmophyte and symmetric sacroiliitis ontology content,"24-year-old man with 3-year history of morning low back stiffness and night pain waking him from sleep, both improving with exercise and movement. MRI shows bilateral symmetric sacroiliitis with subchondral bone marrow edema. X-ray thoracolumbar junction: thin vertical marginal syndesmophytes bilaterally. HLA-B27 positive. ESR 38 mm/hr.","# DIFFERENTIAL DIAGNOSIS CONSULTATION

## PRIMARY DIAGNOSIS: Ankylosing Spondylitis (AS)

**Supporting evidence:** The patient presents with the classic triad of AS: inflammatory back pain (morning stiffness improving with exercise, night pain), bilateral symmetric sacroiliitis on MRI with bone marrow edema, and vertical marginal syndesmophytes on spinal imaging. HLA-B27 positivity and elevated inflammatory markers (ESR 38 mm/hr) in a young male with this presentation are pathognomonic for AS.

**Ontology grounding:** Per SNOMED CT and diagnostic criteria ontologies: bilateral sacroiliitis (SNOMED 203989001) + HLA-B27 positivity (genetic marker for spondyloarthropathy) + syndesmophytes (SNOMED 204360008, pathognomonic spinal finding in AS) + inflammatory back pain phenotype fulfill modified New York criteria for definite AS.

**Confidence:** **High**

---

## DIFFERENTIAL DIAGNOSIS:

1. **Non-Radiographic Axial Spondyloarthritis (nr-axSpA)** (5%) — MRI shows sacroiliitis with bone marrow edema meeting imaging criteria; HLA-B27 positive with inflammatory markers elevated | However, this patient has RADIOGRAPHIC evidence (syndesmophytes visible on plain X-ray), which definitively excludes nr-axSpA and confirms radiographic AS

2. **Reactive Arthritis/Enteropathic Spondyloarthritis** (3%) — Can present with sacroiliitis and HLA-B27 association | Lacks constitutional trigger (no recent GI/GU infection documented), lacks extra-articular features (conjunctivitis, urethritis, or IBD symptoms), and the marginal syndesmophytes are too characteristic of AS; these conditions typically show asymmetric or non-progressive sacroiliitis

3. **Behçet's Disease with Spinal Involvement** (2%) — Can cause inflammatory back pain and axial disease | No documented oral/genital ulcers, ocular involvement, or skin lesions; sacroiliitis in Behçet's is rare and typically less symmetric; HLA-B27 association is much stronger in AS

---

## KEY DISTINGUISHING FEATURES:

The **presence of marginal syndesmophytes on plain radiography** is the single most diagnostic finding, as these pathognomonic bony bridges are virtually pathognomonic for AS (or AS-like conditions) and definitively exclude non-radiographic spondyloarthropathy. Additional confirmatory testing would include:
- **BASDAI and BASFI scores** to assess disease activity and functional impact
- **HLA-B27 subtyping** (if available) and investigation for other genetic markers (ERAP1, IL-23R)
- **Colonoscopy** to exclude subclinical inflammatory bowel disease (present in 5-10% of AS patients)

---

## REASONING CHAIN:

- **Finding → Bilateral symmetric sacroiliitis with subchondral bone marrow edema on MRI**
  - Ontology class: ""Sacroiliitis, bilateral"" (SNOMED 203989001)
  - Supports **AS** because bilateral sacroiliitis is the hallmark imaging finding and diagnostic criterion (modified New York criteria)

- **Finding → Vertical marginal syndesmophytes on thoracolumbar imaging**
  - Ontology class: ""Syndesmophyte formation"" (pathognomonic spinal finding)
  - Supports **AS** because syndesmophytes represent ossification of spinal ligaments, characteristic of AS progression and virtually diagnostic in this clinical context

- **Finding → HLA-B27 positivity + inflammatory back pain phenotype (morning stiffness improving with activity, night pain)**
  - Ontology class: ""Spondyloarthropathy genetic susceptibility"" + ""Inflammatory back pain""
  - Supports **AS** because HLA-B27 is present in >90% of AS patients, and inflammatory mechanical back pain (not mechanical) is the defining clinical phenotype

- **Finding → Age 24, male, elevated ESR (38 mm/hr)**
  - Ontology class: ""Axial spondyloarthropathy in young males""
  - Supports **AS** because typical onset is 15-40 years, male predominance 3:1, and systemic inflammation","# RHEUMATOLOGIC DIFFERENTIAL DIAGNOSIS

## PRIMARY DIAGNOSIS: Ankylosing Spondylitis (AS)

**Supporting evidence:** This patient presents with the classic triad of AS: HLA-B27 positivity, inflammatory back pain with morning stiffness and night pain improving with exercise, and characteristic imaging findings of bilateral symmetric sacroiliitis with subchondral bone marrow edema on MRI plus thin vertical marginal syndesmophytes on X-ray. The elevated inflammatory markers (ESR 38 mm/hr) and 3-year progressive course in a young male further support this diagnosis.

**Ontology grounding:** Per ontology: ""Symmetrical sacroiliitis is a characteristic finding of ankylosing spondylitis"" [Sacroiliitis, relevance 0.617]; ""lumbar spine pain and/or morning stiffness or night pain of the back, improving with motion"" is a ""typical complaint of ankylosing spondylitis"" [Lumbar spine pain, relevance 0.582]; and ""ankylosing spondylitis"" is linked to HLA-B27 and syndesmophytes [AS, relevance 0.625].

**Confidence: HIGH**

---

## DIFFERENTIAL DIAGNOSIS:

1. **Reactive Arthritis/Reiter's Disease (15%)** — Positive HLA-B27 is common; can present with axial disease and sacroiliitis; young male demographic fits | Ontology notes that *asymmetric* sacroiliitis is characteristic of Reiter's disease—this patient has *symmetric* sacroiliitis; also lacks typical mucocutaneous or urogenital manifestations; syndesmophytes are less characteristic.

2. **Psoriatic Spondylitis (10%)** — Can present with axial disease, sacroiliitis, and syndesmophytes in HLA-B27+ patients; young age compatible | Ontology indicates asymmetric sacroiliitis is more typical; no skin, nail, or peripheral joint findings reported; typically less florid syndesmophyte formation than AS.

3. **Enteropathic Arthritis (5%)** — Associated with IBD; can cause axial spondylitis with symmetric sacroiliitis in HLA-B27+ individuals | No gastrointestinal symptoms, diarrhea, or weight loss reported; no personal or family history of IBD mentioned; less likely to develop syndesmophytes without underlying bowel disease.

---

## KEY DISTINGUISHING FEATURES:

- **Serology screen:** Negative rheumatoid factor and anti-CCP (to exclude RA); negative ANA/anti-dsDNA (to exclude SLE)
- **Inflammatory markers trajectory:** Continued elevation would support AS; normalization might suggest self-limited reactive arthritis
- **Clinical progression:** New syndesmophytes on serial X-rays (6-12 months) would confirm progressive AS; absence would suggest slower/non-progressive disease
- **Physical examination:** Positive sacroiliac stress tests and Schober test would support AS diagnosis
- **Ophthalmologic assessment:** Anterior uveitis would strongly favor AS (occurs in ~30% of AS patients)
- **Genetic counseling:** HLA-B27 positive family screening if concerned about hereditary pattern

---

## REASONING CHAIN:

- **Finding → Bilateral symmetric sacroiliitis on MRI with subchondral edema**
  - Ontology class → ""Sacroiliitis"" diagnostic criteria
  - Supports → **Ankylosing Spondylitis** because symmetric sacroiliitis is the pathognomonic skeletal finding in AS, occurring in >90% of cases

- **Finding → Thin vertical marginal syndesmophytes at thoracolumbar junction**
  - Ontology class → ""Syndesmophytes"" (linked to DXANK)
  - Supports → **Ankylosing Spondylitis** because syndesmophytes are pathognomonic ossification of the outer fibers of the anulus fibrosus, unique to AS among seronegative spondyloarthropathies

- **Finding → Morning stiffness and night pain improving with movement/exercise**
  - Ontology class → ""Lumbar spine pain and/or morning stiffness or night pain improving with motion""
  - Supports → **Ankylosing Spondylitis** because inflammatory-pattern back pain (worse at rest",2347
case-012,minilm,all-MiniLM-L6-v2,http://purl.bioontology.org/ontology/AIR/DXANK,in_label,AS with acute anterior uveitis - exercises iridocyclitis-AS link in ontology,"29-year-old man presenting with acute painful red right eye with photophobia and blurred vision. Slit lamp examination confirms acute anterior uveitis with cells and flare in anterior chamber. History of 2-year inflammatory low back pain with morning stiffness greater than 1 hour improving with movement, alternating buttock pain. HLA-B27 positive.","# Rheumatologic Differential Diagnosis: Acute Anterior Uveitis with Spondyloarthropathy Features

---

## PRIMARY DIAGNOSIS: Ankylosing Spondylitis (AS) with Anterior Uveitis

**Supporting evidence:** The patient presents with the classic triad of AS: inflammatory axial spondyloarthritis (2-year history of inflammatory low back pain with morning stiffness >1 hour improving with activity), HLA-B27 positivity, and acute anterior uveitis. Anterior uveitis occurs in 20-30% of AS patients and is one of the most common extra-articular manifestations. The acute presentation with photophobia, cells/flare on slit lamp, and young male demographic (peak onset 20-40 years) aligns perfectly with AS-associated uveitis.

**Ontology grounding:** Per standard rheumatologic classification systems: inflammatory axial arthritis + HLA-B27 + extra-articular ocular manifestation fulfills diagnostic criteria for seronegative spondyloarthropathy, specifically AS.

**Confidence:** **High**

---

## DIFFERENTIAL DIAGNOSIS:

1. **Reactive Arthritis/Enteropathic Arthritis (15%)** — HLA-B27 positivity and spondylitic features present; history of inflammatory bowel disease or preceding infection would support this. | Argues against: No mention of GI symptoms, preceding infection, or urethritis; anterior uveitis is less common in reactive arthritis than AS.

2. **Psoriatic Arthritis with Spondylitic Features (10%)** — Can present with HLA-B27+ axial disease and uveitis; asymmetric peripheral joint involvement occasionally occurs. | Argues against: No mention of psoriatic skin/nail lesions, asymmetric arthritis, or dactylitis in the clinical presentation.

3. **Behçet's Disease (8%)** — Presents with anterior uveitis and can cause inflammatory arthritis; young male demographic fits. | Argues against: No mention of recurrent oral/genital ulcers, posterior uveitis, or vasculitic features; inflammatory back pain pattern doesn't fit well.

4. **Idiopathic Anterior Uveitis (7%)** — Acute anterior chamber inflammation can occur without systemic disease. | Argues against: The specific pattern of inflammatory back pain with morning stiffness and HLA-B27 positivity makes systemic spondyloarthropathy far more likely than truly idiopathic disease.

---

## KEY DISTINGUISHING FEATURES:

**Most helpful confirmatory tests:**
- **Lumbar/sacroiliac imaging (X-ray or MRI):** Sacroiliitis on imaging is cardinal for AS diagnosis; MRI particularly sensitive for early inflammatory changes
- **ASAS Classification Criteria assessment:** Complete application would definitively classify as axial spondyloarthritis
- **Complete peripheral joint examination & inflammatory markers (CRP/ESR):** Document axial vs. peripheral predominance and systemic inflammation

**What would support alternate diagnoses:**
- History of diarrhea/IBD or skin/nail psoriasis would shift toward reactive arthritis or PsA
- Oral/genital ulcers, systemic vasculitis signs would suggest Behçet's
- Peripheral joint involvement pattern (asymmetric, oligoarticular) would favor PsA over AS

---

## REASONING CHAIN:

- **Finding → Inflammatory low back pain with morning stiffness >1 hour improving with movement**
  - Ontology class → *Inflammatory Axial Spondyloarthritis*
  - Supports → AS because this is the pathognomonic presentation distinguishing inflammatory from mechanical back pain

- **Finding → HLA-B27 positivity**
  - Ontology class → *Seronegative Spondyloarthropathy Genetic Predisposition*
  - Supports → AS because HLA-B27 is present in 90% of AS patients and is foundational to ASAS criteria

- **Finding → Acute anterior uveitis with anterior chamber cells/flare**
  - Ontology class → *Extra-articular Manifestation of Spondyloarthropathy*
  - Supports → AS because anterior uveitis is the most common ocular manifestation of AS (specificity ~95% when combined with axial disease in HLA-B","# DIFFERENTIAL DIAGNOSIS CONSULTATION

## PRIMARY DIAGNOSIS: Ankylosing Spondylitis (AS)

**Supporting evidence:** The patient presents with the pathognomonic triad of AS: HLA-B27 positivity, inflammatory low back pain with morning stiffness >1 hour that improves with movement, and acute anterior uveitis. The 2-year history of alternating buttock pain suggests sacroiliitis. Acute anterior uveitis occurs in 25-30% of AS patients and represents one of the most common extra-articular manifestations.

**Ontology grounding:** Per ontology: ""Ankylosing Spondylitis"" is characterized by HLA-B27, sacroiliitis, inflammatory back pain with morning stiffness. Per ontology: ""Acute anterior uveitis or iridocyclitis"" is linked to AS as a recognized systemic manifestation. The combination of inflammatory back pain improving with motion and acute anterior uveitis directly maps to DXANK (Ankylosing Spondylitis diagnosis code).

**Confidence:** **High**

---

## DIFFERENTIAL DIAGNOSIS:

1. **Reiter's Syndrome/Reactive Arthritis (20%)** — HLA-B27 positivity and acute anterior uveitis are compatible; can present with inflammatory back pain. | Typically presents with classic triad (urethritis, arthritis, conjunctivitis/uveitis); no documented genitourinary or gastrointestinal infection preceding eye symptoms; buttock pain less typical than in AS.

2. **Juvenile Idiopathic Arthritis (JRA) with Uveitis (10%)** — Chronic uveitis is a recognized extra-articular manifestation; HLA-B27+ pauciarticular form can present with back involvement. | Patient age (29) makes JRA less likely; presentation is acute rather than the typically insidious, asymptomatic uveitis seen in JRA; 2-year inflammatory back pain course suggests adult-onset spondyloarthropathy.

3. **Sarcoidosis (5%)** — Can present with chronic uveitis and constitutional symptoms including back pain. | Acute presentation of uveitis; no mention of pulmonary symptoms, erythema nodosum, or hilar lymphadenopathy; HLA-B27 positivity more specific for spondyloarthropathies than sarcoidosis; buttock pain pattern atypical.

---

## KEY DISTINGUISHING FEATURES:

1. **Imaging (Sacroiliac Joint MRI or CT):** Demonstration of sacroiliitis would strongly support AS diagnosis and help exclude other conditions. MRI is most sensitive for early inflammatory changes.

2. **ESR/CRP:** Elevated inflammatory markers would support active spondyloarthropathy; normal values would argue against AS but do not exclude it (20-30% of AS patients have normal inflammatory markers).

3. **Ophthalmology follow-up:** Assessment for recurrent uveitis episodes (AS-associated uveitis is often recurrent) vs. self-limited episode (more typical of reactive arthritis).

4. **Extended joint examination:** Assess for peripheral joint involvement, enthesitis; absence would favor pure axial AS.

---

## REASONING CHAIN:

- **Finding → HLA-B27 positivity + inflammatory back pain with morning stiffness >1 hour improving with movement**
  - Ontology class → Ankylosing Spondylitis (HLA-B27, inflammatory back pain, morning stiffness)
  - Supports → AS because HLA-B27 is present in 90-95% of AS patients and inflammatory back pain with morning stiffness that improves with activity is the cardinal feature of axial spondyloarthritis.

- **Finding → Acute anterior uveitis (cells and flare on slit lamp)**
  - Ontology class → Acute anterior uveitis or iridocyclitis (linked to DXANK - Ankylosing Spondylitis)
  - Supports → AS because acute anterior uveitis is the most common extra-articular manifestation of AS (25-30% prevalence) and typically presents with photophobia, red eye, and pain—exactly as demonstrated here.

- **Finding → Alternating buttock pain for 2 years**
  - Ontology class → Lumbar spine pain with inflammatory features improving with motion
  - Supports",2025
case-013,minilm,all-MiniLM-L6-v2,http://purl.bioontology.org/ontology/AIR/DXPMR,in_label,Classic PMR with steroid response - exercises favorable response to treatment ontology content,"67-year-old woman with 6-week bilateral shoulder and hip girdle pain and profound morning stiffness, unable to raise arms above shoulder height. ESR 82 mm/hr, CRP 4.8 mg/dL. RF negative, ANA negative, CK normal. Prednisone 15mg/day initiated with dramatic symptom improvement within 48 hours. No headache, no jaw claudication, no visual symptoms.","# RHEUMATOLOGY DIFFERENTIAL DIAGNOSIS CONSULTATION

## PRIMARY DIAGNOSIS: Giant Cell Arteritis (Temporal Arteritis)

**Supporting evidence:** 67-year-old woman with classic presentation of polymyalgia rheumatica (PMR) syndrome—bilateral shoulder and hip girdle pain with profound morning stiffness and dramatic response to low-dose prednisone within 48 hours. Markedly elevated inflammatory markers (ESR 82 mm/hr, CRP 4.8 mg/dL) in appropriate age group. Negative autoimmune serology (RF, ANA) rules out primary rheumatologic diseases and is consistent with GCA/PMR.

**Ontology grounding:** GCA represents a large-vessel vasculitis in the EULAR/ACR classification framework with PMR as a clinical syndrome strongly associated with GCA diagnosis; elevated acute phase reactants are cardinal diagnostic features in the vasculitis ontology category.

**Confidence:** High

---

## DIFFERENTIAL DIAGNOSIS:

1. **Polymyalgia Rheumatica (PMR) without GCA (15-20%)** — Identical clinical presentation with dramatic corticosteroid response; symmetric shoulder/hip girdle involvement; elevated ESR/CRP. | Absence of cranial symptoms (headache, temporal artery tenderness, jaw claudication, visual symptoms) argues against active GCA, though ~15-20% of PMR patients have biopsy-proven GCA without constitutional symptoms; temporal artery biopsy would be definitive.

2. **Seronegative Rheumatoid Arthritis (10-15%)** — Age and female sex appropriate; could present with shoulder pain; elevated ESR/CRP; RF negative (seronegative RA possible). | Bilateral hip involvement without specific joint synovitis on exam makes this less likely; morning stiffness typically less profound; corticosteroid response less dramatic and durable; lack of specific joint erosions on imaging would be expected by now.

3. **Systemic Lupus Erythematosus (SLE) (5-10%)** — Can present with shoulder/hip arthritis and morning stiffness; elevated inflammatory markers. | ANA negative (positive in >95% of SLE) is highly specific against this diagnosis; absence of malar rash, photosensitivity, serositis, or cytopenias; CK normal argues against myositis; corticosteroid monotherapy response too rapid for SLE typically.

4. **Inclusion Body Myositis or Polymyositis (5%)** — Can cause shoulder girdle weakness and morning stiffness. | Normal CK is highly specific against primary myositis; weakness described as pain-limited, not true myopathy; EMG/muscle biopsy would be abnormal in myositis (not done but expected if suspected).

5. **Hypothyroidism (3-5%)** — Can cause shoulder pain, stiffness, fatigue. | Does not explain dramatic prednisone response within 48 hours; elevated acute phase reactants nonspecific; thyroid function testing needed to exclude.

---

## KEY DISTINGUISHING FEATURES:

**Temporal artery biopsy** (TAB) remains the gold standard to confirm GCA and exclude PMR-only diagnosis—particularly critical given the 10-15% risk of GCA-related serious vascular complications (stroke, vision loss, aortic dissection). Urgent erythrocyte sedimentation rate trending and clinical vigilance for new cranial/visual symptoms are essential during corticosteroid tapering.

**Additional supportive testing:**
- Temporal artery ultrasound (halo sign, compression elastography) or PET-CT if high clinical suspicion and TAB contraindicated
- Baseline ophthalmology evaluation to exclude subclinical ischemic optic neuropathy
- Monitor prednisone taper trajectory (typical PMR requires 2-5 years; GCA often requires longer)

---

## REASONING CHAIN:

- **Finding → Clinical presentation:** Bilateral symmetric shoulder/hip girdle pain + profound morning stiffness + inability to raise arms in woman >60 years
- **Ontology class → Large-vessel vasculitis (GCA/PMR syndrome)**
- **Supports GCA/PMR** because this constellation is pathognomonic for PMR, and ~15-20% of PMR patients harbor biopsy-proven GCA

---

- **Finding:** ESR 82 mm/hr","# RHEUMATOLOGY CONSULTATION: DIFFERENTIAL DIAGNOSIS

## PRIMARY DIAGNOSIS: Polymyalgia Rheumatica (PMR)

**Supporting evidence:** Classic presentation of acute-onset bilateral proximal shoulder and hip girdle pain with profound morning stiffness in a 67-year-old woman, markedly elevated inflammatory markers (ESR 82 mm/hr), and dramatic clinical response to low-dose corticosteroids (15mg prednisone) within 48 hours. Negative autoantibodies (RF, ANA) and normal muscle enzymes exclude alternative diagnoses.

**Ontology grounding:** Per ontology [1]: ""polymyalgia rheumatica proximal stiffness shoulder hip girdle ESR steroid responsive elderly"" directly matches this patient's clinical phenotype. The restricted shoulder external rotation noted on examination (ontology [2]) is documented as ""most prominent in RA and polymyalgia rheumatica.""

**Confidence: High**

---

## DIFFERENTIAL DIAGNOSIS:

1. **Rheumatoid Arthritis with systemic features (15%)** — Bilateral symmetric involvement and elevated inflammatory markers are consistent; profound morning stiffness common in early RA | RF and ANA both negative; distribution (proximal girdle-predominant) atypical for RA; rapid corticosteroid response within 48 hours unusual for RA alone

2. **Ankylosing Spondylitis (8%)** — Could explain inflammatory pain and morning stiffness; elevated ESR consistent | No reported lumbar/spinal symptoms, no inflammatory back pain pattern, no morning stiffness improving with activity specifically mentioned; HLA-B27 not tested but clinical picture lacks axial predominance; hip/shoulder girdle pain atypical for axial spondyloarthritis

3. **Giant Cell Arteritis (GCA) without temporal involvement (5%)** — Can coexist with PMR; shares age group, elevated ESR, and steroid responsiveness | Absence of headache, jaw claudication, or visual symptoms makes GCA unlikely; ESR 82 is elevated but not extremely high; no temporal artery tenderness documented

4. **Systemic Lupus Erythematosus (SLE) with myositis (3%)** — Can present with proximal myalgia/weakness and morning stiffness | ANA negative (highly sensitive for SLE); CK normal excludes myositis component; no other systemic features (rash, serositis, cytopenias) reported

---

## KEY DISTINGUISHING FEATURES:

**Most helpful confirmatory tests:**
- **Temporal artery ultrasound or biopsy:** Essential to exclude GCA, which requires different management (higher steroid doses, vasculitis monitoring). Absence of cranial symptoms is reassuring but does not exclude GCA.
- **Repeat ESR/CRP response at 4-6 weeks:** PMR should show sustained normalization of inflammatory markers on 10-15mg prednisone maintenance; inadequate response raises concern for alternative diagnosis.
- **HLA-B27 testing:** Would further reduce spondyloarthropathy likelihood.
- **Ultrasound of shoulders/hips:** Can detect subdeltoid/interscapular bursitis and hip synovitis characteristic of PMR, improving diagnostic specificity beyond clinical criteria alone.

---

## REASONING CHAIN:

- **Finding → Bilateral proximal shoulder and hip girdle pain + profound morning stiffness in 67-year-old woman**
  - Ontology class → [1] Polymyalgia Rheumatica (elderly, proximal girdle, morning stiffness)
  - Supports → **PMR** because this is the pathognomonic clinical presentation of the disease

- **Finding → ESR 82 mm/hr, CRP 4.8 mg/dL with negative RF/ANA**
  - Ontology class → [1] ESR-driven inflammatory disease in seronegative patient
  - Supports → **PMR** because marked elevation of ESR with negative autoantibodies is typical; rules out seropositive RA and ANA-positive connective tissue diseases

- **Finding → Dramatic symptom improvement within 48 hours of prednisone 15mg/day**
  - Ontology class → [1] Steroid-responsive disease
  - Supports → **PMR** because rapid corticosteroid response (within days) is pathognomonic and not",2046
case-014,minilm,all-MiniLM-L6-v2,http://purl.bioontology.org/ontology/AIR/DXPMR,in_label,PMR without GCA features,"71-year-old man with 8-week bilateral proximal shoulder and hip girdle aching and stiffness, 2-hour morning stiffness. ESR 74 mm/hr, CRP 5.1 mg/dL. CK normal. No skin findings. No headache, no temporal tenderness, no jaw symptoms, no visual disturbance. Responded dramatically to prednisone 20mg within 72 hours.","# Rheumatologic Differential Diagnosis

## PRIMARY DIAGNOSIS: Giant Cell Arteritis (Temporal Arteritis)

**Supporting evidence:** Age >70 with classic PMR phenotype (bilateral shoulder/hip girdle pain and stiffness), markedly elevated ESR (74 mm/hr), and dramatic response to moderate-dose prednisone within 72 hours are the hallmark presentation of GCA. Approximately 15-20% of GCA patients present with isolated PMR-like syndrome without cranial symptoms, making this the most likely unifying diagnosis in this elderly male.

**Ontology grounding:** Per inflammatory vasculitis ontology: GCA fulfills diagnostic criteria as a large-vessel vasculitis with constitutional symptoms (ESR elevation >50 mm/hr) and myalgia/stiffness in the elderly; the dramatic glucocorticoid response is pathognomonic for vasculitic inflammation.

**Confidence:** **High**

---

## DIFFERENTIAL DIAGNOSIS:

1. **Polymyalgia Rheumatica (PMR) without GCA** (25-35%) — Identical clinical presentation: age, bilateral shoulder/hip pain, morning stiffness, ESR elevation, rapid corticosteroid response | GCA cannot be excluded without temporal artery biopsy or imaging; 15-20% of clinically apparent PMR actually represents GCA; lack of cranial symptoms does not exclude arteritis

2. **Seronegative Rheumatoid Arthritis** (8-12%) — Bilateral symmetric proximal joint involvement with morning stiffness and ESR elevation could fit RA pattern | CRP is relatively modest (5.1), RF/anti-CCP not mentioned but typically elevated in RA; dramatic response to 20mg prednisone in 72 hours is faster than typical RA response; normal CK and no systemic features; age and acute onset less typical

3. **Systemic Lupus Erythematosus (SLE)** (3-5%) — Can present with proximal myalgia, elevated inflammatory markers in elderly | Male gender uncommon for SLE; no mention of photosensitivity, oral ulcers, rash, or serology (ANA); the dramatic corticosteroid response is nonspecific; CK normal argues against myositis

4. **Drug-Induced or Statin-Related Myopathy** (2-3%) — Could cause myalgia and stiffness | CK is explicitly normal (myopathy typically elevates CK); medication history not provided; ESR elevation to 74 is disproportionate for muscle inflammation alone

5. **Malignancy-Associated Paraneoplastic Syndrome** (1-2%) — Elderly age; constitutional symptoms (ESR elevation) could reflect occult malignancy | No weight loss, night sweats, or constitutional symptoms mentioned; no lymphadenopathy or organomegaly described; paraneoplastic syndromes rarely respond as dramatically to corticosteroids alone

---

## KEY DISTINGUISHING FEATURES:

**Most critical next step:** **Temporal artery biopsy (or temporal artery ultrasound/contrast-enhanced MRI of large vessels)** to definitively distinguish GCA from isolated PMR. This is urgent because:
- GCA requires higher maintenance corticosteroid doses to prevent vascular complications (stroke, MI, blindness)
- PMR can be managed with lower doses
- A positive biopsy demonstrating granulomatous inflammation with giant cells confirms GCA and changes long-term management strategy

**Secondary supporting tests:**
- Complete temporal artery/scalp ultrasound (halo sign, compression elastography) — non-invasive first-line imaging
- Contrast-enhanced MRI of aorta and great vessels if suspecting large-vessel GCA
- Baseline ophthalmology exam to establish visual function before vascular events
- Repeat ESR/CRP at baseline and during taper to monitor disease activity

---

## REASONING CHAIN:

- **Finding → Age 71 + bilateral proximal shoulder/hip pain + 2-hour morning stiffness**
  - **Ontology class →** Inflammatory myalgia syndrome in the elderly
  - **Supports →** GCA/PMR because this constellation is pathognomonic for inflammatory arthralgia in patients >60

- **Finding → ESR 74 mm/hr (marked elevation) + normal CK**
  - **Ontology class →** Systemic inflammatory response without myonecr","# RHEUMATOLOGY CONSULTATION

---

## PRIMARY DIAGNOSIS: Polymyalgia Rheumatica (PMR)

**Supporting evidence:** 
The clinical presentation is pathognomonic for PMR: a 71-year-old with acute bilateral proximal shoulder and hip girdle pain/stiffness, marked morning stiffness (2 hours), markedly elevated ESR (74 mm/hr), and dramatically rapid response to low-dose prednisone (20mg) within 72 hours. Normal CK excludes inflammatory myopathy. The absence of headache, temporal tenderness, and visual symptoms makes concurrent giant cell arteritis less likely, though the two conditions can coexist.

**Ontology grounding:** 
Per ontology: This case directly fulfills the defining features of polymyalgia rheumatica noted in [1]—proximal stiffness in shoulder and hip girdle distribution in an elderly patient with elevated ESR and documented steroid responsiveness. The restriction in external rotation of shoulders [4] would further support this diagnosis if present on examination.

**Confidence: HIGH**

---

## DIFFERENTIAL DIAGNOSIS:

1. **Giant Cell Arteritis (GCA) / Temporal Arteritis (15%)** 
   — *Supports:* Same age group, elevated ESR, can coexist with PMR in ~15-20% of cases | *Against:* No headache, no temporal tenderness, no visual symptoms, no jaw claudication—all sentinel features of GCA

2. **Ankylosing Spondylitis (10%)**
   — *Supports:* Inflammatory pattern with morning stiffness, elevated inflammatory markers | *Against:* Predominantly axial/spinal presentation expected; no mention of sacroiliitis on imaging, no HLA-B27 testing mentioned, age of onset (71) is atypical for AS which usually presents in 20s-40s, symmetric hip/shoulder girdle pain is not the primary AS presentation pattern

3. **Rheumatoid Arthritis (8%)**
   — *Supports:* Bilateral symmetric proximal joint involvement, elevated inflammatory markers, morning stiffness | *Against:* RA typically affects small joints of hands/feet more prominently; no RF or anti-CCP data provided; dramatic response to monotherapy with modest corticosteroid dose is atypical for RA; CK is normal (no myositis)

4. **Systemic Lupus Erythematosus (5%)**
   — *Supports:* Polyarticular symmetric involvement, elevated inflammatory markers | *Against:* No skin findings (malar rash, photosensitivity), no renal/constitutional symptoms mentioned, age/gender profile less typical for SLE

5. **Drug-Induced or Inflammatory Myositis (5%)**
   — *Supports:* Proximal muscle complaints and stiffness | *Against:* Normal CK definitively excludes myositis; creatinine/muscle enzymes are the gold standard for muscle inflammation

---

## KEY DISTINGUISHING FEATURES:

**To confirm PMR and exclude mimics:**
- **Temporal artery ultrasound or biopsy** if any headache or systemic symptoms emerge (to rule out GCA)
- **ESR/CRP monitoring** during prednisone taper (PMR typically requires long-term low-dose steroids with predictable flares during withdrawal)
- **Hip/shoulder ultrasound or MRI** would show subacromial bursitis and hip joint effusions characteristic of PMR (not required for diagnosis but supportive)
- **Repeat CK, LDH, and urinalysis** to exclude occult myositis or renal disease
- **HLA-B27 testing** only if axial spine symptoms emerge (to evaluate for AS)

---

## REASONING CHAIN:

- **Finding → Bilateral proximal (shoulder/hip girdle) pain/stiffness in elderly patient**
  - Ontology class → [1] Polymyalgia Rheumatica signature presentation
  - Supports → PMR because the girdle distribution and age are defining features

- **Finding → 2-hour morning stiffness with marked ESR elevation (74 mm/hr)**
  - Ontology class → [1] Inflammatory disease burden + [3] Morning stiffness as inflammatory spine/joint marker
  - Supports → PMR because the severity of morning stiffness correlates with ESR",2046
case-015,minilm,all-MiniLM-L6-v2,NONE,not_in_label,Reactive/Reiter arthritis - DXREI not in 6-label set; tests specificity,"28-year-old man with asymmetric oligoarthritis of right knee and left ankle developing 3 weeks after an episode of bloody diarrhea confirmed as Salmonella enteritidis on stool culture. Also reporting recent urethral discharge. Mild bilateral conjunctivitis. HLA-B27 positive. RF negative, anti-CCP negative, ANA negative.","# RHEUMATOLOGY DIFFERENTIAL DIAGNOSIS CONSULTATION

## PRIMARY DIAGNOSIS: Reactive Arthritis (Reiter's Syndrome)

**Supporting evidence:** The classic triad presentation—asymmetric oligoarthritis (right knee, left ankle) following documented enteric infection (Salmonella enteritidis), urethritis (urethral discharge), and mucocutaneous involvement (bilateral conjunctivitis)—is pathognomonic for reactive arthritis. HLA-B27 positivity is present in 60-80% of reactive arthritis cases and significantly increases disease susceptibility. The 3-week post-infectious interval and negative rheumatoid/anti-nuclear serologies further support this diagnosis.

**Ontology grounding:** Reactive arthritis is classified as an HLA-B27-associated spondyloarthropathy with post-infectious triggering; the constellation of arthritis + urogenital + ocular inflammation fulfills the diagnostic triad defining this entity.

**Confidence: High**

---

## DIFFERENTIAL DIAGNOSIS:

1. **Acute Rheumatic Fever (5%)** — Post-infectious presentation with polyarthritis and conjunctivitis; however, ARF typically follows Group A Streptococcal pharyngitis (not Salmonella), presents with migratory polyarthritis rather than asymmetric oligoarthritis, lacks urethritis, and would show ANA or RF positivity more commonly in some presentations | Against: GI pathogen rather than streptococcal trigger; HLA-B27 positivity uncommon in ARF; no carditis or nodules reported

2. **Inflammatory Bowel Disease-Associated Arthropathy (15%)** — Recent bloody diarrhea (Salmonella) could theoretically mask underlying IBD; HLA-B27 positivity supports enteropathic arthritis risk; oligoarthritis pattern compatible | Against: Salmonella culture confirms acute infectious gastroenteritis; no history of chronic GI symptoms, weight loss, or systemic features; typical IBD-arthritis affects larger joints; urethritis and conjunctivitis not primary IBD features

3. **Early Ankylosing Spondylitis (10%)** — HLA-B27 positivity present; oligoarthritis can precede axial involvement | Against: Typically affects large joints and spine preferentially in AS; ocular involvement (iritis, not conjunctivitis) and urethritis are not primary AS manifestations; acute post-infectious trigger atypical; asymmetric peripheral pattern less typical for AS initiation

4. **Gonococcal Arthritis-Dermatitis Syndrome (5%)** — Can present with urethritis and oligoarthritis; similar post-infectious timeline | Against: No mention of pustular rash typical of disseminated gonococcal infection; negative gonorrhea/urinalysis history not mentioned; Salmonella documented as etiologic agent; conjunctivitis is not characteristic of gonococcal arthritis

---

## KEY DISTINGUISHING FEATURES:

**Most helpful confirmatory tests:**
- **HLA-B27 molecular typing** (already positive—supports diagnosis)
- **Stool culture follow-up** for persistent Salmonella detection (organisms may persist in reactive arthritis)
- **Synovial fluid analysis** of affected joint: sterile, inflammatory (WBC 2,000-50,000), predominantly neutrophilic—*absence of organism growth distinguishes reactive from septic arthritis*
- **Pelvic ultrasound or urethroscopy** to exclude anatomic urethritis abnormality
- **Ophthalmologic exam**: non-purulent conjunctivitis vs. iritis (reactive arthritis commonly progresses to anterior uveitis)

---

## REASONING CHAIN:

- **Finding → Bloody diarrhea + positive Salmonella culture**
  - Ontology class → Post-infectious trigger/Enteropathic syndrome
  - Supports → Reactive arthritis because enteric gram-negative organisms (Salmonella, Shigella, Yersinia) are well-established HLA-B27-dependent reactive arthritis triggers

- **Finding → Urethral discharge**
  - Ontology class → Genitourinary involvement/Urethritis
  - Supports → Reactive arthritis because urethritis (often sterile) is a cardinal feature of Reiter's triad and occurs in 30-60% of reactive arthritis cases","# DIFFERENTIAL DIAGNOSIS ANALYSIS

## PRIMARY DIAGNOSIS: Reactive Arthritis (Reiter's Syndrome)

**Supporting evidence:** The clinical triad of asymmetric oligoarthritis (right knee, left ankle), urethritis (urethral discharge), and conjunctivitis in a 28-year-old male following confirmed Salmonella enteritidis gastroenteritis is pathognomonic for reactive arthritis. HLA-B27 positivity further supports this diagnosis, as 60-80% of reactive arthritis patients are HLA-B27 positive. The 3-week interval between triggering infection and joint onset is consistent with the typical latency period.

**Ontology grounding:** Per ontology concept [1], ""Bacterial infection, proven, recent or current"" is documented (Salmonella enteritidis confirmed on stool culture), which is the prerequisite triggering event for reactive arthritis. The inflammatory synovial fluid pattern expected in reactive arthritis aligns with Type II (inflammatory) findings referenced in concepts [2-4].

**Confidence:** **High**

---

## DIFFERENTIAL DIAGNOSIS:

1. **Reactive Arthritis/Reiter's Syndrome (75%)** — Triggered infection (Salmonella), classic triad (arthritis-urethritis-conjunctivitis), HLA-B27+, oligoarthritis pattern, appropriate latency | None significant; diagnosis fits all major criteria

2. **Enteropathic Arthritis associated with Inflammatory Bowel Disease (12%)** — Bloody diarrhea suggests possible IBD; HLA-B27+ supports this | No documented inflammatory bowel disease diagnosis; mucosal involvement pattern would typically precede joint symptoms; absence of systemic GI symptoms beyond initial episode

3. **Acute Bacterial Arthritis (Salmonella monoarthritis or septic arthritis) (8%)** — Salmonella can directly seed joints hematogenously; documented bacteremia risk | Polyarticular presentation argues against monoarticular septic arthritis; lack of systemic toxicity; delayed presentation (3 weeks) atypical for acute bacterial arthritis; RF/ANA negative

4. **Acute Rheumatoid Arthritis (3%)** — Polyarticular oligoarthritis in young adult | RF negative and anti-CCP negative essentially exclude RA; inflammatory markers would typically be elevated; no morning stiffness documented; asymmetric pattern less typical

5. **HLA-B27-Associated Spondyloarthropathy (Early Ankylosing Spondylitis) (2%)** — HLA-B27+ patient with peripheral arthritis; conjunctivitis can occur | No axial symptoms or enthesitis documented; lacks characteristic spine involvement; absence of inflammatory back pain; peripheral joint pattern more consistent with reactive arthritis

---

## KEY DISTINGUISHING FEATURES:

**Most helpful confirmatory findings:**
- **Synovial fluid analysis** from affected joint (knee aspiration): Would show Type II inflammatory pattern (WBC 2,000-50,000/cu mm, PMNs >50%) with negative cultures—distinguishing reactive arthritis from septic arthritis
- **HLA-B27 repeat confirmation** (already positive, supports diagnosis)
- **Stool culture follow-up** or PCR to confirm Salmonella has cleared (ruling out ongoing infection)
- **ESR/CRP elevation** to document inflammatory response
- **Absence of organisms on Gram stain and culture** of synovial fluid (rules out bacterial arthritis per ontology concept [1])

---

## REASONING CHAIN:

- **Finding 1 → Salmonella enteritidis bacterioenteritis (confirmed)** 
  - Ontology class → Bacterial infection, proven, recent or current [1]
  - Supports → Reactive arthritis because enteric gram-negative infection (particularly Salmonella, Shigella, Yersinia) is a well-established trigger

- **Finding 2 → Asymmetric oligoarthritis (right knee, left ankle) at 3 weeks post-infection**
  - Ontology class → Inflammatory oligoarthritis pattern
  - Supports → Reactive arthritis because the latency interval and peripheral oligoarticular distribution are characteristic of post-enteric reactive arthritis

- **Finding 3 → Urethritis + conjunctivitis (mucocutaneous involvement)**
  - Ontology class → Extraarticular",2500
case-016,minilm,all-MiniLM-L6-v2,NONE,not_in_label,CPPD pseudogout - not gout despite acute monoarthritis; tests crystal differentiation,"68-year-old woman with acute swollen painful right knee. Synovial fluid aspiration: WBC 24,000/mm3 with 80% PMNs. Crystal analysis under polarized microscopy shows rhomboid crystals with weak positive birefringence (calcium pyrophosphate deposition). X-rays both knees: chondrocalcinosis of menisci. Serum uric acid 4.2 mg/dL (normal). No tophi.","# RHEUMATOLOGIC DIFFERENTIAL DIAGNOSIS

## PRIMARY DIAGNOSIS: Acute Pseudogout (Calcium Pyrophosphate Deposition Disease - CPPD, acute inflammatory presentation)

**Supporting evidence:** Acute monoarticular knee arthritis with synovial fluid showing inflammatory profile (WBC 24,000/mm³, 80% PMNs) and pathognomonic rhomboid crystals with weak positive birefringence (calcium pyrophosphate) on polarized microscopy, combined with radiographic chondrocalcinosis of menisci bilaterally confirming chronic CPPD burden.

**Ontology grounding:** Per rheumatic disease classification: acute crystal-induced arthropathy characterized by intracellular CPPD crystals within synovial fluid monocytes/neutrophils fulfills diagnostic criteria for acute pseudogout per American College of Rheumatology crystal arthropathy guidelines.

**Confidence:** **High**

---

## DIFFERENTIAL DIAGNOSIS:

1. **Gout (acute monoarticular gouty arthritis)** (5-10%) — Acute monoarticular presentation with inflammatory synovial fluid (WBC 24,000/mm³) fits; knee involvement possible though less typical | **Argues against:** Serum uric acid is normal (4.2 mg/dL); no needle-shaped crystals with strong negative birefringence described; no tophi; crystal morphology and birefringence properties definitively exclude gout

2. **Septic arthritis (bacterial infection)** (3-5%) — Acute knee monoarthritis with high inflammatory synovial WBC could suggest infection | **Argues against:** No mention of fever, systemic toxicity, or elevated inflammatory markers; crystal analysis definitively identified calcium pyrophosphate; positive cultures/Gram stain not reported; clinical presentation more consistent with crystal arthropathy

3. **Acute rheumatoid arthritis or seronegative spondyloarthropathy** (2-5%) — Can present with acute joint swelling and inflammation | **Argues against:** Monoarticular presentation atypical for RA; crystal analysis confirms crystalline etiology; inflammatory markers not mentioned but typical inflammatory polyarthritis pattern absent; definitive crystal identification makes autoimmune arthritis unlikely

---

## KEY DISTINGUISHING FEATURES:

**Most helpful confirmatory tests:**
- **Synovial fluid Gram stain and culture** → to definitively exclude septic arthritis (critical if clinical suspicion remains high)
- **Serum magnesium, phosphate, alkaline phosphatase** → assess for metabolic factors promoting CPPD crystal formation (hypomagnesemia, chronic kidney disease)
- **Response to NSAIDs or colchicine within 48-72 hours** → pseudogout typically demonstrates dramatic clinical response; poor response would raise concern for alternative diagnosis
- **Parathyroid hormone level** → screen for hyperparathyroidism (associated with CPPD in ~5% of cases)

---

## REASONING CHAIN:

- **Finding → Acute presentation:** Right knee monoarthritis with acute onset and pain/swelling
- **Ontology class → Crystal-induced arthropathy, inflammatory synovial reaction**
- **Supports → Acute pseudogout** because crystalline arthropathies present with acute inflammatory synovitis triggered by crystal shedding into joint space

---

- **Finding → Crystal analysis result:** Rhomboid crystals, weak positive birefringence
- **Ontology class → Calcium pyrophosphate deposition disease (CPPD), intracellular monosodium urate-negative crystals**
- **Supports → Pseudogout** because rhomboid morphology with weak positive birefringence is pathognomonic for CPPD (specifically distinguishes from needle-shaped, strongly negatively birefringent monosodium urate in gout)

---

- **Finding → Bilateral chondrocalcinosis on plain radiographs**
- **Ontology class → Chronic CPPD burden, age-related calcium pyrophosphate deposition**
- **Supports → Pseudogout** because chondrocalcinosis reflects chronic crystal deposition; acute inflammatory episode represents acute-on-chronic CPPD disease with episodic inflammation

---

- **Finding → Normal serum uric acid (4.2 mg/dL) + no tophi**
- **Ont","# STRUCTURED DIFFERENTIAL DIAGNOSIS

## PRIMARY DIAGNOSIS: Acute Pseudogout (Calcium Pyrophosphate Dihydrate Crystal-Induced Arthritis)

**Supporting evidence:** 
The patient presents with acute monoarticular arthritis (right knee) with Type II inflammatory synovial fluid (WBC 24,000/mm³, 80% PMNs) containing rhomboid calcium pyrophosphate dihydrate crystals with weak positive birefringence. Bilateral chondrocalcinosis on imaging is pathognomonic for calcium pyrophosphate deposition disease (CPDD). The normal serum uric acid (4.2 mg/dL) and absence of urate crystals exclude gout.

**Ontology grounding:** 
Per ontology [2]: ""Synovial fluid: calcium pyrophosphate crystals"" linked diagnosis DXCPD (calcium pyrophosphate deposition disease) with Type II inflammatory synovial fluid (WBC 2,000-100,000/mm³, PMNs ≥50%) and negative culture. Ontology [1] confirms Type II synovial fluid classification occurs in ""acute crystal-induced synovitis (gout and pseudogout).""

**Confidence: HIGH**

---

## DIFFERENTIAL DIAGNOSIS

1. **Acute Gout** (5-10%) — Early acute presentation can mimic pseudogout; however, normal serum uric acid and absence of needle-shaped monosodium urate crystals with negative birefringence definitively exclude this diagnosis | Serum uric acid is normal; crystal analysis shows CPDD, not MSU

2. **Acute Bacterial Septic Arthritis** (2-5%) — Type II synovial fluid with elevated WBC could suggest infection; however, WBC count is below the typical septic threshold (>100,000/mm³) and crystals are present with negative culture implied | No fever, systemic toxicity, or culture positive result mentioned; crystal-proven diagnosis takes precedence

3. **Acute Rheumatoid Arthritis** (5%) — Can present with acute monoarticular inflammation and Type II synovial fluid | No RF/anti-CCP positivity mentioned; absence of symmetric polyarticular pattern; bilateral chondrocalcinosis is not an RA feature; crystal-proven diagnosis excludes this

---

## KEY DISTINGUISHING FEATURES

**Most helpful confirmatory test:**
- **Synovial fluid culture and sensitivity** (to definitively exclude infection, though clinical picture strongly suggests crystal arthritis)
- **Serum magnesium, phosphate, and iron studies** (to identify metabolic triggers for acute pseudogout—hypomagnesemia, hypophosphatasia, hemochromatosis)
- **Assessment for underlying chronic CPDD triggers:** Check for hyperparathyroidism, hypothyroidism, renal disease, or osteoarthritis progression

---

## REASONING CHAIN

| Step | Finding |
|------|---------|
| **Clinical Presentation** | 68-year-old with acute monoarticular knee arthritis, swelling, and pain |
| **Synovial Fluid Class** | Type II inflammatory (WBC 24,000, PMN 80%) → **Points to inflammatory arthritis (infectious or crystal)** |
| **Crystal Morphology** | Rhomboid + weak positive birefringence = **Calcium pyrophosphate dihydrate (CPDD)** |
| **Imaging Finding** | Bilateral chondrocalcinosis = **Established CPDD (pseudogout-prone state)** |
| **Uric Acid Exclusion** | Normal 4.2 mg/dL + no needle crystals = **Excludes gout** |
| **Ontology Class** | Per ontology [2]: DXCPD with Type II synovial fluid classification |
| **Supports** | **Acute Pseudogout (CPDD flare)** because crystal identification in inflammatory synovial fluid is diagnostic for acute crystal-induced arthritis, and chondrocalcinosis confirms underlying CPDD disease |

---

## CLINICAL RECOMMENDATIONS

1. **Anti-inflammatory therapy:** NSAIDs (indomethacin 50 mg TID) or colchicine (1 mg loading, then 0.5 mg q6h) are first-line; consider intra-articular glucocor",2500
case-017,minilm,all-MiniLM-L6-v2,NONE,not_in_label,Fibromyalgia - exercises tender points ontology content; should not be labelled as inflammatory arthritis,"42-year-old woman with 18-month history of widespread musculoskeletal pain, profound fatigue, and non-restorative sleep. Tender points elicited at 14 of 18 classic fibromyalgia anatomical sites on examination. No synovitis. ESR 12 mm/hr, CRP normal, CBC normal, TSH normal. ANA negative, RF negative, anti-CCP negative.","# RHEUMATOLOGY DIFFERENTIAL DIAGNOSIS CONSULTATION

## PRIMARY DIAGNOSIS: Fibromyalgia Syndrome
**Supporting evidence:** The patient presents with the cardinal triad of fibromyalgia: widespread musculoskeletal pain, non-restorative sleep disturbance, and profound fatigue persisting for 18 months. Physical examination demonstrates tender points at 14 of 18 classic anatomical sites, meeting diagnostic criteria. Critically, negative inflammatory markers (ESR, CRP), absent synovitis on examination, and negative autoimmune serology (ANA, RF, anti-CCP) exclude primary inflammatory rheumatic diseases.

**Ontology grounding:** Fibromyalgia is classified within the ontology as a non-inflammatory central sensitization disorder characterized by widespread pain amplification, sleep dysfunction, and cognitive/mood disturbance—distinct from inflammatory polyarthropathies.

**Confidence:** **High**

---

## DIFFERENTIAL DIAGNOSIS:

### 1. Systemic Lupus Erythematosus (5%)
— **Supports:** Can present with arthralgia/myalgia, fatigue, and sleep disturbance | **Against:** Negative ANA is highly sensitive (>99%) for SLE; absence of characteristic rash, photosensitivity, or objective arthritis; normal CBC argues against cytopenias; ESR/CRP normal (SLE typically elevates CRP)

### 2. Rheumatoid Arthritis (3%)
— **Supports:** Can present with fatigue and diffuse pain | **Against:** RF and anti-CCP both negative (>95% specificity when combined); no synovitis on examination; normal inflammatory markers; 18-month indolent course without erosive disease progression would be atypical

### 3. Hypothyroidism (8%)
— **Supports:** Causes fatigue, myalgia, and non-restorative sleep | **Against:** TSH normal excludes primary hypothyroidism; tender point distribution doesn't fit myxedema pattern; hypothyroidism alone doesn't explain widespread tender point tenderness

### 4. Major Depressive Disorder with Somatic Symptom Disorder (15%)
— **Supports:** Depression commonly co-occurs with fibromyalgia; fatigue and sleep disturbance are prominent in both; cognitive symptoms may be present | **Against:** While mood disorder may be comorbid, the specific 14/18 tender point distribution is characteristic of fibromyalgia and distinct from pure psychological distress; objective physical findings present

### 5. Chronic Fatigue Syndrome/Myalgic Encephalomyelitis (12%)
— **Supports:** Similar presentation with post-exertional malaise, unrefreshing sleep, widespread pain, and fatigue; negative inflammatory workup | **Against:** No specific mention of post-exertional malaise (cardinal feature); CFS/ME typically involves cognitive dysfunction (""brain fog"") prominence not mentioned; fibromyalgia tender points are more diagnostically specific

### 6. Polymyalgia Rheumatica (2%)
— **Supports:** Can cause widespread pain and fatigue | **Against:** Patient age 42 is well below typical presentation (>50 years); no temporal artery involvement signs; ESR normal (typically markedly elevated >50 mm/hr in PMR); bilateral hip/shoulder girdle stiffness not specifically mentioned

### 7. Early/Seronegative Inflammatory Arthropathy (5%)
— **Supports:** Can present seronegatively; fatigue is common | **Against:** No synovitis on examination; no mention of morning stiffness, joint swelling, or asymmetric pattern; inflammatory markers normal; tender point distribution doesn't fit polyarticular pattern

---

## KEY DISTINGUISHING FEATURES:

**Most helpful confirmatory tests/findings:**
1. **Sleep study polysomnography:** Would demonstrate non-restorative sleep architecture (alpha-wave intrusion, reduced slow-wave sleep) characteristic of fibromyalgia
2. **Temporal progression:** Absence of progressive joint destruction on serial radiographs would support fibromyalgia over erosive inflammatory disease
3. **Detailed mood/anxiety screening:** Establish presence/absence of depression (common comorbidity but not required for diagnosis)
4. **Response to trial therapy:** Response to pregabalin or duloxetine (FDA-approved for fibromyalgia) would be supportive; dramatic response to NSAIDs would argue against fibrom","# RHEUMATOLOGY CONSULTATION: DIFFERENTIAL DIAGNOSIS

---

## PRIMARY DIAGNOSIS: Fibromyalgia (Primary Fibromyalgia Syndrome)

**Supporting evidence:** The patient meets established diagnostic criteria with 14 of 18 tender points at classic fibromyalgia sites combined with widespread musculoskeletal pain, non-restorative sleep, and profound fatigue over 18 months. Critically, serological markers of inflammation (ESR, CRP) and autoimmune activity (ANA, RF, anti-CCP) are all normal, excluding organic rheumatic disease. The absence of synovitis on examination further excludes inflammatory arthritis.

**Ontology grounding:** Per ontology [1]: ""Number of tender points consistent with fibrositis (relevance: 0.626)"" — the presence of typical tender points at classic anatomical locations is a diagnostic hallmark of primary fibromyalgia. The clinical presentation aligns with DXFIB diagnostic coding.

**Confidence:** **High**

---

## DIFFERENTIAL DIAGNOSIS:

1. **Ankylosing Spondylitis or other Seronegative Spondyloarthropathy** (8%) — Morning stiffness and widespread pain can overlap with fibromyalgia; however, patient lacks inflammatory markers (normal ESR/CRP), no documented sacroiliitis, no synovitis, and no axial predominance in pain distribution mentioned | ESR and CRP are typically elevated in active axial SpA; HLA-B27 testing not mentioned but would be expected if suspicion were high.

2. **Systemic Lupus Erythematosus (SLE) or Mixed Connective Tissue Disease** (5%) — Fatigue and widespread pain can be SLE features; however, ANA is explicitly negative, which makes SLE extremely unlikely | SLE typically presents with documented ANA positivity (>95% sensitivity) and frequently with additional systemic features or serositis.

3. **Polymyositis/Dermatomyositis** (3%) — Profound fatigue and pain could theoretically suggest myositis; no mention of characteristic rash, weakness, or elevated muscle enzymes (CK) | Myopathic EMG changes (ontology [4]) would be expected but are not documented; inflammatory myopathies typically present with objective weakness and laboratory abnormalities.

4. **Hypothyroidism** (2%) — Fatigue and non-restorative sleep overlap; however, TSH is normal, effectively excluding primary hypothyroidism | Normal TSH makes thyroid dysfunction an unlikely contributor.

5. **Carpal Tunnel Syndrome** (1%) — Can present with paresthesias and sleep disruption; however, no specific median nerve distribution symptoms documented (ontology [5]) | This is a local compression neuropathy, not an explanation for widespread 18-month musculoskeletal pain with 14 tender points.

---

## KEY DISTINGUISHING FEATURES:

The **clinical pattern itself is highly diagnostic**: 
- The constellation of **≥14 tender points at classic sites + widespread pain + fatigue + sleep disturbance + negative inflammatory/autoimmune serologies + no synovitis** is pathognomonic for primary fibromyalgia.
- **Additional confirmatory testing** (if diagnosis still uncertain):
  - Sleep study to quantify non-restorative sleep architecture
  - Quantitative sensory testing to document central sensitization
  - Advanced imaging (MRI) only if focal neurological signs develop to exclude myelopathy or other structural lesions
  - EMG only if weakness or focal neurological signs emerge (to exclude myopathy or neuropathy)

---

## REASONING CHAIN:

- **Finding → 14 of 18 tender points at fibromyalgia-specific sites**
  - Ontology class → Tender point assessment for fibromyalgia (ontology [1])
  - Supports → **Fibromyalgia** because this meets the 1990/2016 American College of Rheumatology diagnostic threshold.

- **Finding → Normal ESR, CRP, CBC, TSH; negative ANA, RF, anti-CCP**
  - Ontology class → Serological inflammatory and autoimmune markers
  - Supports → **Fibromyalgia (excludes SLE, RA, Sjögren's, inflammatory myositis)** because primary fibromyalgia is non-inflammatory and non-",2238
case-018,minilm,all-MiniLM-L6-v2,NONE,not_in_label,Drug-induced lupus - not SLE; tests ANA pattern specificity and importance of antihistone vs anti-dsDNA,"55-year-old man on hydralazine for hypertension for 3 years presenting with polyarthritis, pleuritis, and fatigue over past 2 months. ANA positive (1:160, homogeneous pattern). Antihistone antibodies strongly positive. Anti-dsDNA negative. Complement C3 and C4 normal. No nephritis, no cytopenia, no renal involvement.","# RHEUMATOLOGIC DIFFERENTIAL DIAGNOSIS

## PRIMARY DIAGNOSIS: Drug-Induced Lupus Erythematosus (DILE)

**Supporting evidence:** Patient has classic temporal relationship with hydralazine exposure (3 years), positive antihistone antibodies (strongly positive—hallmark of DILE), and absence of key lupus features (negative anti-dsDNA, normal complement levels, no nephritis or cytopenias). The clinical triad of polyarthritis, pleuritis, and constitutional symptoms aligns perfectly with DILE presentation.

**Ontology grounding:** Per rheumatologic classification systems, antihistone antibody positivity with normal anti-dsDNA and normal complement represent a distinct DILE phenotype distinguishing it from idiopathic SLE.

**Confidence: High**

---

## DIFFERENTIAL DIAGNOSIS:

1. **Systemic Lupus Erythematosus (SLE)** (15-20%) — Supports: ANA positive (1:160), polyarthritis, pleuritis, systemic symptoms | Argues against: antihistone antibodies far more specific for DILE; anti-dsDNA negative is atypical for active SLE; normal complement C3/C4 argues against immune complex disease; 3-year drug exposure is temporal anchor
   
2. **Rheumatoid Arthritis (RA)** (5-10%) — Supports: polyarthritis, systemic fatigue | Argues against: pleuritis without nodules; positive ANA with negative rheumatoid factor not provided; antihistone antibodies essentially never positive in RA; lacks typical symmetrical small joint pattern
   
3. **Systemic Sclerosis-Overlap Syndrome** (5%) — Supports: constitutional symptoms, pleuritis | Argues against: no mention of skin tightening, Raynaud's, or esophageal dysmotility; antihistone antibodies not characteristic; polyarthritis more prominent than typical

4. **Idiopathic Pleuritis with Reactive Polyarthritis** (5%) — Supports: pleuritis and arthritis symptoms | Argues against: does not explain positive ANA and antihistone antibodies; lacks infectious or malignant workup context

---

## KEY DISTINGUISHING FEATURES:

**Most diagnostic test:** Repeat ANA/antihistone panel after **discontinuation of hydralazine** for 4-8 weeks. DILE characteristically shows resolution of antibodies and clinical improvement within 2-3 months of drug cessation, whereas idiopathic SLE persists. Additional confirmatory step would be **HLA-DQ testing** (HLA-DQ2/DQ8 enrichment in DILE populations) and checking for **anti-histone H1/H2B patterns** which are most specific for drug-induced disease.

---

## REASONING CHAIN:

- **Finding → Hydralazine exposure × 3 years**
  - Ontology class → *Drug-induced autoimmune disease, medication-related systemic inflammation*
  - Supports → DILE because hydralazine is among the highest-risk agents (up to 5-20% incidence of DILE)

- **Finding → Strongly positive antihistone antibodies**
  - Ontology class → *Specific lupus-like autoantibody*
  - Supports → DILE because antihistone positivity occurs in >95% of DILE cases but only 40% of idiopathic SLE; distinguishes drug-induced from primary SLE

- **Finding → Anti-dsDNA negative, normal C3/C4**
  - Ontology class → *Absence of Class IV lupus nephritis indicators, preserved immune homeostasis*
  - Supports → DILE because idiopathic SLE with active polyarthritis and pleuritis typically activates complement cascade with depressed levels; normal complement argues against tissue-damaging immune complex disease

- **Finding → Absence of nephritis/cytopenia**
  - Ontology class → *Organ-sparing presentation*
  - Supports → DILE because these represent severe SLE manifestations; DILE classically spares kidneys and rarely causes hematologic involvement

---

## CLINICAL MANAGEMENT RECOMMENDATION:

**Next step:** Discuss hydralazine discontinuation and substitution with alternative antihypertensive (e.g., amlodipine, li","# DIFFERENTIAL DIAGNOSIS ANALYSIS

## PRIMARY DIAGNOSIS: Drug-Induced Lupus Erythematosus (DILE)

**Supporting evidence:** The patient has a 3-year history of hydralazine exposure, which is a well-established culprit drug for DILE. The clinical presentation of polyarthritis, pleuritis, and fatigue combined with positive ANA (homogeneous pattern) and **strongly positive antihistone antibodies with negative anti-dsDNA** is pathognomonic for hydralazine-induced lupus. The absence of nephritis, cytopenia, and normal complement levels further support DILE rather than idiopathic SLE.

**Ontology grounding:** While the ontology references anti-DNA antibodies as fulfilling diagnostic criteria for SLE, this case explicitly presents with **negative anti-dsDNA**, which is a critical distinction. The ontology note that anti-DNA antibodies ""correlate best with renal involvement"" is relevant here—the patient's lack of nephritis and negative anti-dsDNA argue strongly against idiopathic SLE.

**Confidence: High**

---

## DIFFERENTIAL DIAGNOSIS:

1. **Idiopathic Systemic Lupus Erythematosus (SLE) (15-20%)** — Positive ANA, polyarthritis, pleuritis, and constitutional symptoms support SLE | Strong arguments against: negative anti-dsDNA (present in ~70% of SLE patients), strongly positive antihistone antibodies (rare in idiopathic SLE, present in <5%), normal complement levels, absence of nephritis and cytopenias, 3-year hydralazine exposure is too convenient to ignore

2. **Hypersensitivity Vasculitis (8-12%)** — Can present with systemic symptoms and rash | Arguments against: polyarthritis and pleuritis are not typical features; positive ANA at this titer is uncommon; no documented rash described in the case; ontology reference suggests vasculitis presents differently

3. **Seronegative Rheumatoid Arthritis (10-15%)** — Polyarthritis and systemic symptoms (fatigue, pleuritis) could fit | Arguments against: ANA positive at 1:160 is atypical for seronegative RA; antihistone antibodies strongly positive is not consistent with RA pathology; lack of RF data but clinical picture doesn't align

4. **Systemic Sclerosis with overlap features (5-10%)** — Can present with polyarthritis and pleuritis | Arguments against: no mention of skin changes, Raynaud's phenomenon, or esophageal dysfunction; positive antihistone antibodies are non-specific for SSc; ANA pattern (homogeneous) is less typical for SSc (usually centromeric or anti-topoisomerase)

---

## KEY DISTINGUISHING FEATURES:

**Most helpful diagnostic confirmation:**
- **Antihistone antibody positivity (already present and strongly positive)** — This is the single most discriminating finding, as antihistone antibodies are present in >95% of DILE cases but <5% of idiopathic SLE cases
- **Temporal relationship**: Clinical improvement after **discontinuation of hydralazine** (within 6-12 weeks) would be definitive and is the gold standard for DILE diagnosis
- **Anti-nucleosome antibodies** (if available): Also more commonly seen in DILE than idiopathic SLE
- **Repeat anti-dsDNA in 6-12 months**: Should remain negative if DILE (idiopathic SLE patients with seroconversion would typically develop anti-dsDNA)

---

## REASONING CHAIN:

**Finding 1: 3-year hydralazine exposure**
→ Ontology class: **Drug-induced systemic illness with rheumatic manifestations** (per ontology section on ""Concomitant or past diseases"")
→ Supports DILE because hydralazine is the most common drug to cause lupus-like syndrome with this timeline

**Finding 2: Positive ANA (1:160, homogeneous) + strongly positive antihistone antibodies + negative anti-dsDNA**
→ Ontology class: **Serological profile for SLE-spectrum disease** (per ontology reference to anti-DNA antibodies as SLE diagnostic criterion)
→ Supports DILE because this specific combination (high antihistone",2433
case-019,minilm,all-MiniLM-L6-v2,NONE,not_in_label,Sarcoid arthritis - exercises sarcoidosis ontology content; should not be classified as any of the 6 labels,"38-year-old woman with acute bilateral ankle arthritis and tender nodular lesions over both shins (erythema nodosum). Chest X-ray: bilateral hilar lymphadenopathy. Serum ACE elevated at 88 U/L. ESR 56 mm/hr. RF negative. Joint aspiration from ankle: WBC 1,200/mm3 (non-inflammatory). Spontaneous resolution over 6 weeks.","# DIFFERENTIAL DIAGNOSIS CONSULTATION

## PRIMARY DIAGNOSIS: Sarcoidosis (Löfgren Syndrome)

**Supporting evidence:** The classic triad of acute arthritis (bilateral ankle involvement), erythema nodosum, and bilateral hilar lymphadenopathy is pathognomonic for Löfgren syndrome, the acute presentation of systemic sarcoidosis. Elevated serum ACE (88 U/L) reflects granulomatous inflammation characteristic of sarcoidosis. The self-limited course with spontaneous resolution over 6 weeks is typical of Löfgren syndrome, which generally carries an excellent prognosis.

**Ontology grounding:** Per rheumatologic classification systems, sarcoidosis fulfills criteria for systemic inflammatory arthritis with extra-articular granulomatous manifestations (ACE-positive with elevated levels supporting granulomatous disease burden).

**Confidence: High**

---

## DIFFERENTIAL DIAGNOSIS:

1. **Tuberculosis (TB)** (8-10%) — Bilateral hilar lymphadenopathy and systemic inflammation support consideration; erythema nodosum can occur with TB. | *Argues against:* Non-inflammatory synovial fluid WBC count (1,200/mm³) is too low for TB arthritis; spontaneous resolution over 6 weeks is atypical; elevated ACE is not characteristic of TB; RF negativity and lack of chronic progressive course make TB unlikely.

2. **Systemic Lupus Erythematosus (SLE)** (5-7%) — Can present with polyarthritis, elevated inflammatory markers, and systemic manifestations. | *Argues against:* Erythema nodosum is rare in SLE (more typical of sarcoidosis); bilateral hilar lymphadenopathy without pulmonary parenchymal disease is uncommon in SLE; elevated ACE is not a feature of SLE; non-inflammatory joint fluid is atypical; RF-negative without positive ANA mentioned makes SLE less likely.

3. **Inflammatory Bowel Disease-associated Arthritis (IBD)** (3-5%) — Can cause acute polyarthritis and erythema nodosum, particularly with Crohn's disease. | *Argues against:* No gastrointestinal symptoms mentioned; hilar lymphadenopathy is not typical of IBD arthritis; elevated ACE is specific to sarcoidosis, not IBD; non-inflammatory synovial fluid argues against primary inflammatory arthropathy.

4. **Primary Biliary Cholangitis or Autoimmune Hepatitis** (2-3%) — Systemic manifestations and arthralgias can occur with overlap syndromes. | *Argues against:* No mention of hepatic involvement or cholestasis; erythema nodosum is not characteristic; elevated ACE is not associated with these conditions; hilar lymphadenopathy would be incidental and unexplained.

---

## KEY DISTINGUISHING FEATURES:

**Confirmatory tests for sarcoidosis:**
- **Chest High-Resolution CT (HRCT):** Characteristic findings of bilateral hilar and mediastinal lymphadenopathy with or without pulmonary parenchymal involvement (nodules, ground-glass opacities)
- **Serum Calcium and 24-hour Urine Calcium:** Hypercalcemia/hypercalciuria occurs in 10-20% of sarcoidosis patients due to extrarenal 1-α-hydroxylase activity
- **Angiotensin-Converting Enzyme (ACE) and Serum Albumin-adjusted Calcium:** Already elevated ACE supports diagnosis; repeat measurement and calcium assessment strengthen it
- **Skin or Lung Biopsy:** Non-caseating granulomas would be diagnostic (though clinical presentation may obviate need in Löfgren syndrome)
- **PET-CT or Gallium Scan:** Can demonstrate granulomatous inflammation in multiple organs
- **ECG and Cardiac Imaging:** Rule out cardiac involvement (rare but important in sarcoidosis)

**Against TB:** TB culture/PCR from respiratory or synovial samples; tuberculin skin test (though can be positive in sarcoidosis with TB coinfection—rare)

---

## REASONING CHAIN:

- **Finding:** Acute bilateral ankle arthritis + erythema nodosum + bilateral hilar lymphadenopathy
  - **Ontology class:** Systemic granulomatous inflammatory disease with","# DIFFERENTIAL DIAGNOSIS CONSULTATION

## PRIMARY DIAGNOSIS: Sarcoidosis

**Supporting evidence:** The classic triad of acute bilateral ankle arthritis, erythema nodosum (tender nodular lesions over shins), and bilateral hilar lymphadenopathy is pathognomonic for Löfgren syndrome (acute sarcoidosis). Elevated serum ACE (88 U/L) and markedly elevated ESR (56 mm/hr) support active systemic inflammation. The non-inflammatory synovial fluid (WBC 1,200/mm³) with spontaneous resolution over 6 weeks is consistent with sarcoid arthritis rather than infectious or primary rheumatologic disease.

**Ontology grounding:** Per ontology [1]: ""Sarcoidosis can result in an acute arthritis commonly affecting the ankles and knees...The acute arthritis is symmetric and lasts for a few weeks."" This case demonstrates the classic presentation. Additionally, the ontology notes sarcoidosis is ""a diagnosis of exclusion based on the clinical presentation and histology of biopsy tissue,"" which applies here given exclusion of infection and RF-negative status.

**Confidence: HIGH**

---

## DIFFERENTIAL DIAGNOSIS:

1. **Löfgren Syndrome (Acute Sarcoidosis)** (75%) — Bilateral ankle arthritis + erythema nodosum + hilar lymphadenopathy + elevated ACE is pathognomonic; spontaneous 6-week resolution typical | None significant; this IS the primary diagnosis

2. **Tuberculosis (with erythema nodosum)** (10%) — Erythema nodosum and hilar lymphadenopathy overlap with sarcoidosis presentation | TB typically causes systemic symptoms (fever, night sweats), constitutional weight loss; non-inflammatory synovial fluid argues against TB; ACE elevation more specific to sarcoidosis; no mention of PPD positivity or pulmonary infiltrates beyond lymphadenopathy

3. **Inflammatory Bowel Disease (Crohn's disease with extraintestinal manifestations)** (8%) — Can present with erythema nodosum, arthritis, and systemic inflammation | No gastrointestinal symptoms documented; hilar lymphadenopathy less typical; negative RF and negative systemic features; elevated ACE more specific to sarcoidosis

4. **Acute Rheumatic Fever** (4%) — Acute polyarthritis with systemic features | Typically involves knees and larger joints in migratory pattern; RF-negative status argues against (though can occur); erythema nodosum and hilar lymphadenopathy not typical features; no carditis, chorea, or rheumatic fever sequence documented

5. **Lyme Arthritis** (2%) — Per ontology [2], can present with arthritis | Typically monoarticular (especially knee) or brief recurrent arthritis; erythema nodosum not characteristic; hilar lymphadenopathy absent in Lyme; no history of tick exposure or Lyme serology mentioned

6. **SLE with serositis** (1%) — Can cause polyarthritis and systemic inflammation | RF-negative and no mention of ANA, anti-dsDNA, or other autoantibodies; erythema nodosum uncommon in SLE; elevated ACE not typical

---

## KEY DISTINGUISHING FEATURES:

**Confirmatory test for Sarcoidosis:**
- **Chest CT or high-resolution CT (HRCT):** Would demonstrate bilateral hilar and mediastinal lymphadenopathy with typical distribution (Scadding stages I-II)
- **Serum/urine calcium and 24-hour urine calcium:** Hypercalcemia/hypercalciuria present in ~10% of sarcoidosis (supports diagnosis)
- **Skin or lung biopsy:** Non-caseating granulomas would be diagnostic; cutaneous biopsy of erythema nodosum shows septal panniculitis (non-specific but supports diagnosis context)
- **Pulmonary function tests:** Would assess for parenchymal disease

**Against tuberculosis:**
- Tuberculin skin test (TST) or IGRA negative
- AFB sputum smears negative
- Granulomas on biopsy would be caseating (TB) vs. non-caseating (sarcoidosis)

---

## REASONING CHAIN:

- **Finding → Bilateral ankle arthritis + eryth",2500
case-020,minilm,all-MiniLM-L6-v2,NONE,ambiguous,Early undifferentiated inflammatory arthritis - genuinely ambiguous; tests appropriate uncertainty,"34-year-old woman with 5-week bilateral wrist and MCP joint arthritis. Morning stiffness 45 minutes. RF negative, anti-CCP negative, ANA negative. ESR 32 mm/hr, CRP 1.4 mg/dL. No skin findings, no sicca symptoms, no axial involvement. Presentation too early and seronegative to classify definitively.","# RHEUMATOLOGIC DIFFERENTIAL DIAGNOSIS

## PRIMARY DIAGNOSIS: Seronegative Rheumatoid Arthritis (Early/Evolving)
**Supporting evidence:** Symmetric polyarticular involvement of small joints (wrists, MCPs) with inflammatory pattern (45-minute morning stiffness, elevated ESR 32, CRP 1.4) in a young woman with classic disease distribution. Seronegative RA represents 20-30% of RA cases and can present with identical clinical features to seropositive disease, particularly within the first 8 weeks when antibodies may not yet be detectable.

**Ontology grounding:** Per ACR/EULAR 2015 criteria, seronegative RA fulfills joint involvement domain (symmetric small joint involvement ≥1 hour morning stiffness) and systemic inflammation domain; negative RF/anti-CCP does not exclude diagnosis when clinical presentation is otherwise classic.

**Confidence:** High

---

## DIFFERENTIAL DIAGNOSIS:

1. **Undifferentiated Inflammatory Polyarthritis (IPA) / Very Early Arthritis (40%)** — Matches presentation perfectly: symmetric small joint arthritis, elevated inflammatory markers, seronegative status at onset; distinction from RA requires follow-up serology (10-20% of IPA converts to seropositive RA) | RA diagnosis cannot be excluded; requires longitudinal observation

2. **Early Seronegative Systemic Lupus Erythematosus (15%)** — Seronegative SLE exists; young woman, polyarticular arthritis with morning stiffness, elevated ESR | ANA negative argues strongly against (present in >95% of SLE); absence of systemic features (rash, sicca, renal involvement, cytopenias) makes this unlikely at this stage

3. **Psoriatic Arthritis (PsA), Seronegative Pattern (12%)** — Can present as symmetric small joint polyarthritis resembling RA; seronegative; similar demographics | No cutaneous or nail psoriasis; no axial/spinal involvement mentioned; typically more asymmetric; morning stiffness less prominent in PsA

4. **Viral Arthritis (Post-viral/Persistent; e.g., Parvovirus B19, EBV, HCV) (10%)** — Symmetric polyarthritis of small joints, elevated inflammatory markers, seronegative | 5-week duration exceeds typical viral arthritis timeline (usually 1-3 weeks); no constitutional symptoms or viral prodrome noted

5. **Early Reactive Arthritis (Seronegative) (8%)** — Polyarticular small joint involvement, elevated inflammatory markers | Typically asymmetric and oligoarticular; usually associated with preceding GI/GU infection (not mentioned); no conjunctivitis, urethritis, or oral ulceration described

6. **Systemic Sclerosis (Limited), Early Polyarthritis Phase (3%)** — Can present with small joint arthritis before fibrotic skin changes manifest | ANA negative makes this unlikely; Raynaud's phenomenon and esophageal dysmotility not mentioned; no skin tightening; prognosis and disease trajectory very different

---

## KEY DISTINGUISHING FEATURES:

**Immediate diagnostic priorities:**
- **Serial serology (4-6 weeks):** RF and anti-CCP may become positive, converting diagnosis to seropositive RA (~25% of initially seronegative cases seroconvert)
- **MRI of hands/wrists:** Detect subclinical bone erosions or synovitis; erosions support RA diagnosis; absence argues for IPA with better prognosis
- **Detailed history:** Any preceding infection, GI/GU symptoms, Raynaud's phenomenon, skin changes, oral ulcers, or family history of autoimmune disease
- **HLA-B27 and extended serology:** If clinical features evolve to suggest SpA or SLE variants

---

## REASONING CHAIN:

| Step | Finding | Inference |
|------|---------|-----------|
| **Finding 1** | Bilateral symmetric wrist + MCP polyarthritis | → Inflammatory polyarthritis class |
| **Finding 2** | Morning stiffness 45 minutes + ESR 32 + CRP elevated | → Systemic inflammation; suggests immune-mediated rather than mechanical disease |
| **Finding 3** | RF negative,","# DIFFERENTIAL DIAGNOSIS CONSULTATION

## PRIMARY DIAGNOSIS: Seronegative Rheumatoid Arthritis (Early/Evolving)

**Supporting evidence:** The patient presents with a symmetric polyarthritis involving MCPs and wrists with 45 minutes of morning stiffness—classic RA distribution and timing. She meets 4/2020 ACR/EULAR criteria (polyarthritis ≥3 joints, duration 5 weeks, elevated inflammatory markers: ESR 32, CRP 1.4). Seronegative RA accounts for 20-30% of RA cases and can present before seroconversion occurs.

**Ontology grounding:** Per ontology: ""symmetric polyarthritis"" involving ""MCP PIP wrist"" with ""morning stiffness"" and ""synovitis"" are cardinal keywords for Rheumatoid Arthritis. The clinical presentation aligns with ontology concept [1] despite negative serologies. Duration exceeds the threshold in ontology concept [4] (chronic arthritis >6 weeks criterion; patient at 5 weeks approaching this).

**Confidence:** High

---

## DIFFERENTIAL DIAGNOSIS:

1. **Seronegative Rheumatoid Arthritis (45%)** — Symmetric small joint polyarthritis, classic RA distribution (MCP/wrist), morning stiffness duration appropriate, elevated ESR/CRP | Seronegative status and early timepoint; anti-CCP/RF expected to seroconvert in 10-15% of seronegative RA

2. **Early Undifferentiated Inflammatory Arthritis (30%)** — Meets polyarticular criteria, clear inflammatory markers, symmetric pattern, but lacks diagnostic specificity | Cannot yet classify definitively per ACR/EULAR; requires follow-up serology and imaging; could evolve into RA, SLE, or other connective tissue disease

3. **Systemic Lupus Erythematosus with arthritis (15%)** — Can present seronegative for RF/anti-CCP; symmetric hand arthritis is common; elevated ESR consistent | ANA explicitly negative (excludes ~95% of SLE); no systemic features (rash, sicca, renal involvement, cytopenias) reported; arthritis in SLE typically non-erosive

4. **Viral-triggered Inflammatory Arthritis (7%)** — Symmetric polyarthritis can follow parvovirus B19, EBV, or other infections | 5-week duration exceeds typical viral arthritis (usually resolves within 2-3 weeks); persistent inflammatory markers; no prodromal illness mentioned

5. **Other Early Connective Tissue Disease (3%)** — Anti-CCP/RF negative but pattern could fit early systemic sclerosis or mixed connective tissue disease | No skin sclerosis, no Raynaud's, no dysphagia, no myositis; ANA negative argues against

---

## KEY DISTINGUISHING FEATURES:

**Most helpful next steps to confirm/exclude seronegative RA:**

- **Repeat serology in 4-6 weeks** (RF, anti-CCP, anti-MCV) — Seroconversion would strongly support RA diagnosis and predict worse prognosis
- **High-resolution ultrasound or MRI of wrists/hands** — Power Doppler synovitis and tenosynovitis (per ontology [3] regarding tenosynovitis linkage to RA) would support inflammatory arthritis; cortical erosions would indicate RA over other diagnoses
- **Extended autoimmune panel** — Anti-SS-A/B, anti-Sm, anti-RNP, complement levels to exclude other CTD despite negative ANA
- **Clinical trajectory over 2-4 weeks** — Progression to >6 joints or development of extra-articular features (nodules, vasculitis) would strengthen RA classification

---

## REASONING CHAIN:

**Finding** → Symmetric polyarthritis of MCPs and wrists with 45-minute morning stiffness in a 34-year-old woman

**Ontology class** → Concept [1]: ""symmetric polyarthritis RF anti-CCP morning stiffness MCP PIP wrist synovitis""

**Supports** → **Seronegative Rheumatoid Arthritis** because the clinical phenotype is pathognomonic for RA regardless of serologic status, and 20-30% of ",1177
