case_id,model_key,model_name,gold_label,category,notes,ontology_support_level,chart_text,rag_context_chars,explainability_no_rag,explainability_rag,teaching_no_rag,teaching_rag
gen-001,bge,BAAI/bge-small-en-v1.5,http://purl.bioontology.org/ontology/AIR/DXRA,classic,Classic seropositive RA,rich,"# PATIENT VIGNETTE

**Chief Complaint:** Hand pain and morning stiffness for 8 weeks

**History of Present Illness:**
A 52-year-old woman presents with progressive symmetric polyarticular pain affecting her hands, wrists, and knees over the past 8 weeks. She reports severe morning stiffness lasting 90 minutes that gradually improves with activity throughout the day. She describes the joint pain as a deep ache with associated swelling. The patient denies any recent infections, tick exposure, or travel. She has experienced mild fatigue but denies fever, weight loss, or constitutional symptoms. She works as a school teacher and notes her symptoms are interfering with her ability to write and hold classroom materials.

**Physical Examination:**
Vital signs stable. General: well-appearing, no acute distress. Hands: warm, tender, and visibly swollen at the PIP joints (bilaterally, 2nd-5th digits) and MCP joints (bilaterally, 2nd-5th digits). Wrists swollen, warm, and tender to palpation. Knees: bilateral soft tissue swelling, warmth, and effusions palpable. No erythema over joints. No subcutaneous nodules. No skin rash. No oral ulcers. Cardiovascular and pulmonary exams unremarkable.

**Laboratory Data:**
- ESR: 48 mm/hr (normal <20)
- CRP: 23 mg/L (normal <10)
- RF: 78 IU/mL (normal <14)
- Anti-CCP: 156 units/mL (normal <20)
- ANA: Negative
- CBC: Mild normocytic anemia (Hgb 10.8 g/dL)
- Liver and renal function: normal
- TSH: normal

**Imaging:**
Plain radiographs of hands and wrists: mild soft tissue swelling, no erosions or joint space narrowing at this time.

**Assessment and Plan:**
Symmetric polyarticular inflammatory arthritis with morning stiffness and laboratory evidence of inflammation. Starting DMARD therapy and low-dose corticosteroid bridge. Baseline hand X-rays obtained. Follow-up rh",2500,"# DIFFERENTIAL DIAGNOSIS CONSULTATION

**PRIMARY DIAGNOSIS: Rheumatoid Arthritis (RA)**

**Confidence:** High

**Supporting findings:**
- Symmetric polyarticular involvement of MCPs and PIPs bilaterally with morning stiffness lasting 90 minutes—the classic presentation of RA
- Positive RF (78 IU/mL) AND positive anti-CCP (156 units/mL)—anti-CCP is highly specific for RA and predicts erosive disease
- Inflammatory markers elevated (ESR 48, CRP 23) with systemic signs (mild normocytic anemia suggestive of anemia of chronic disease)

**Findings against:** None identified. The clinical presentation, serology, and inflammatory markers are entirely consistent with early RA.

---

## DIFFERENTIAL DIAGNOSIS:

1. **Systemic Lupus Erythematosus (SLE)** (8%) — for: symmetric polyarticular involvement, systemic symptoms, elevated inflammatory markers | against: negative ANA (makes SLE highly unlikely), no constitutional symptoms (fever, rash, oral ulcers), no photosensitivity mentioned

2. **Seronegative Rheumatoid Arthritis** (5%) — for: symmetric distribution and morning stiffness pattern | against: patient is definitively RF and anti-CCP positive, so diagnosis is seronegative RA only if these results were false positives (unlikely)

3. **Early Lyme Arthritis** (3%) — for: subacute polyarticular involvement | against: no history of tick exposure or travel to endemic areas, no migratory pattern typical of Lyme, symmetric distribution atypical (Lyme typically monoarticular/oligoarticular), both RF and anti-CCP positive (Lyme does not produce these autoantibodies)

4. **Viral Arthritis (Parvovirus B19, Hepatitis C)** (2%) — for: symmetric polyarticular presentation | against: 8-week duration is prolonged for viral arthritis (typically self-limited), marked elevation of RF and anti-CCP antibodies not typical, absence of recent systemic viral prodrome

---

## REASONING:

This patient presents with textbook early RA: 8-week progressive symmetric polyarticular arthritis with prolonged morning stiffness (90 minutes), inflammatory markers elevated, mild anemia of chronic disease, and **most critically**, dual seropositivity (RF + anti-CCP). The anti-CCP antibody is particularly discriminating—it has 95% specificity for RA and its presence predicts progression to erosive disease. The symmetric distribution involving MCPs, PIPs, and wrists with spared DIP joints is the hallmark pattern of RA. The negative ANA effectively excludes SLE, which would be the most likely alternative in a middle-aged woman with polyarticular arthritis and constitutional symptoms. The clinical timeline and absence of epidemiologic exposure history (tick exposure, travel) make infectious etiologies unlikely.

---

## NEXT STEP:

**Obtain hand and wrist MRI with contrast** to assess for **subclinical erosions and synovitis burden** that plain radiographs may not yet demonstrate. MRI will:
- Detect early bone erosions before they appear on plain films (prognostically important)
- Quantify synovial inflammation and help assess disease activity
- Confirm RA diagnosis with high sensitivity and establish baseline for monitoring response to DMARD therapy

*Expected finding:* Gadolinium-enhancing synovitis in MCPs/PIPs/wrists; potentially early erosions at metacarpal heads or MCP joints even if plain films appear normal. This would support aggressive early DMARD initiation (which is already appropriate given seropositivity) and allow tight control strategy.","# DIFFERENTIAL DIAGNOSIS ANALYSIS

**PRIMARY DIAGNOSIS: Rheumatoid Arthritis**
**Confidence: High**

**Supporting findings:**
- Symmetric polyarticular involvement of MCP and PIP joints (2nd-5th digits bilaterally) with bilateral wrist involvement—the classic distribution for RA
- Positive RF (78 IU/mL) and anti-CCP (156 units/mL)—highly specific autoantibodies that establish seropositive RA with strong predictive value for erosive disease
- Morning stiffness lasting 90 minutes that improves with activity—pathognomonic for inflammatory arthritis, particularly RA

**Findings against:**
- None identified. The clinical presentation, laboratory profile, and physical examination findings are entirely concordant with early RA.

---

## DIFFERENTIAL DIAGNOSIS:

1. **Systemic Lupus Erythematosus (SLE)** (8%) — for: symmetric polyarthritis, elevated inflammatory markers, mild anemia | against: negative ANA (highly sensitive in SLE; absence virtually excludes the diagnosis), absence of constitutional symptoms or typical SLE skin/serologic manifestations

2. **Polymyalgia Rheumatica (PMR)** (3%) — for: elevated ESR/CRP, morning stiffness, age >50 | against: age 52 is at the lower end of typical PMR presentation; predominant small joint involvement (hands/wrists/knees) is atypical for PMR, which classically affects proximal girdle muscles; RF and anti-CCP positivity are incompatible with PMR

3. **Early Lyme Arthritis** (2%) — for: polyarticular arthritis with morning stiffness | against: no tick exposure or travel history; typical Lyme arthritis presents with monoarticular or oligoarticular knee involvement; symmetric small joint polyarthritis with RF/anti-CCP positivity is not consistent with Lyme disease

---

## REASONING:

This 52-year-old woman presents with the quintessential features of early seropositive RA: **symmetric polyarticular distribution affecting MCP, PIP joints and wrists bilaterally**, coupled with **positive RF and anti-CCP antibodies**. The 90-minute morning stiffness that improves with activity is a hallmark inflammatory arthritis symptom. The elevated acute-phase reactants (ESR 48, CRP 23) reflect active synovial inflammation. Critically, the absence of erosions on baseline radiographs is consistent with early disease (erosions typically develop over months to years) and does not exclude RA. The negative ANA effectively excludes SLE despite polyarthritis. PMR is incompatible with this distribution of joint involvement and seropositive status. The clinical timeline (8 weeks of progressive symptoms) and lack of infectious prodrome or Lyme exposure history make other etiologies unlikely. This patient meets ACR/EULAR classification criteria for RA and requires prompt DMARD initiation, which the team has appropriately initiated.

---

## NEXT STEP:

**Obtain anti-CCP antibody status (already performed and positive) and monitor for erosions on serial hand/wrist radiographs at 12 weeks.** The presence of anti-CCP positivity identifies this patient as having **high-risk, seropositive RA** with strong prognostic significance for erosive disease. Serial imaging will confirm inflammatory progression and guide DMARD intensification if needed. Additionally, assess response to DMARDs (methotrexate is standard) at 6-8 weeks; inadequate response should trigger biologic agent consideration. The positive anti-CCP and RF together are among the most discriminating findings confirming RA diagnosis and predicting a more aggressive disease course requiring aggressive treatment.","# PRIMARY DIAGNOSIS: Rheumatoid Arthritis (RA)

---

## TEACHING POINTS

### Finding: Symmetric Polyarticular Arthritis of Small Joints (PIP, MCP, Wrists)

**What:** Inflammation affecting multiple joints in a mirror-image distribution, particularly the hands and wrists, involving both metacarpophalangeal and proximal interphalangeal joints bilaterally.

**Why it matters:** This pattern is *pathognomonic* for RA. The symmetric involvement of small joints—especially the MCP and wrist joints—distinguishes RA from asymmetric patterns seen in seronegative spondyloarthropathies (psoriatic arthritis) or oligoarticular presentations (gout, septic arthritis). The inclusion of PIP joints is also consistent with RA; while other conditions (e.g., osteoarthritis) commonly affect PIPs, the symmetric inflammatory presentation here is not. The involvement of *multiple* joints simultaneously points to a systemic inflammatory process rather than mechanical or degenerative disease.

**How to assess:**
- **Visual inspection:** Look for swelling, erythema, and warmth bilaterally across the dorsal hand surfaces
- **Palpation:** Gently compress MCP and PIP joints; assess for warmth, boggy synovitis, and tenderness
- **Range of motion:** Document any limitation from pain or swelling
- **Functional testing:** Ask patient to make a fist, oppose fingers, and perform fine motor tasks
- **Photography:** Baseline documentation is helpful for monitoring disease progression

---

### Finding: Morning Stiffness ≥60 minutes (90 minutes in this case)

**What:** Difficulty moving joints and a sensation of joint tightness that occurs upon waking and persists for a prolonged duration before improving with activity.

**Why it matters:** Morning stiffness is a hallmark of inflammatory arthritis and distinguishes it from mechanical/degenerative causes (mechanical stiffness typically lasts <30 minutes). The **duration** is particularly important: stiffness lasting >1 hour has high specificity for RA and other inflammatory arthropathies. In RA, morning stiffness reflects overnight accumulation of inflammatory mediators and synovial fluid within joints; as movement increases circulation and mobilizes synovial fluid, stiffness improves. This finding is so characteristic that it's included in RA classification criteria.

**How to assess:**
- **Direct questioning:** Ask specifically, ""How long does it take after waking for your joints to feel normal?"" and ""What activities help it improve?""
- **Symptom timing:** Have patient log morning stiffness duration for 7 days before follow-up visits
- **Associated features:** Ask whether stiffness improves with warm showers, exercise, or rest
- **Patient's own reference:** ""Compared to last week, is morning stiffness better, worse, or the same?""

---

### Finding: Elevated Inflammatory Markers (ESR 48, CRP 23)

**What:** ESR (erythrocyte sedimentation rate) and CRP (C-reactive protein) are acute-phase reactants that measure systemic inflammation. ESR >20 and CRP >10 are considered elevated in most labs.

**Why it matters:** These markers confirm *objective* inflammatory activity, supporting a diagnosis of inflammatory arthritis rather than noninflammatory joint disease (osteoarthritis, mechanical dysfunction). Elevated acute-phase reactants correlate with disease activity in RA and are used to:
- Support diagnosis
- Assess disease severity
- Monitor response to DMARD therapy
- Predict radiographic progression and poor outcomes

**Important caveat:** These are nonspecific markers; elevations occur in many conditions (infections, malignancy, other autoimmune diseases). They should be interpreted *within* the clinical context.

**How to assess:**
- **ESR:** Typically drawn as part of rheumatology workup; ordered at baseline and during follow-up visits (usually monthly initially, then every 3 months during remission)
- **CRP:** More specific than ESR and rises/falls more rapidly; useful for assessing acute changes
- **Both together:** CRP is more specific for RA activity; if only ESR is elevated, consider alternative diagnoses (age >50, anemia, renal disease can raise ESR nonspecifically)
- **Baseline documentation:** Essential for future comparison and prognosis

---

### Finding: Positive Rheumatoid Factor (RF 78","# RHEUMATOLOGY CASE TEACHING: RHEUMATOID ARTHRITIS

## PRIMARY DIAGNOSIS: 
**Rheumatoid Arthritis (RA) — Early, Seropositive Disease**

---

## TEACHING POINTS:

### Finding: Symmetric Polyarticular Distribution (Hands, Wrists, Knees)

**What:** Joint inflammation affecting multiple joints in a mirror-image pattern bilaterally. This case specifically involves the MCP and PIP joints of both hands, both wrists, and both knees—a classic ""symmetric"" presentation.

**Why it matters:** Symmetric polyarthritis is the hallmark of RA and helps distinguish it immediately from asymmetric patterns (which suggest seronegative spondyloarthropathies, psoriatic arthritis, or monoarticular disease). The small-joint involvement (especially MCP and PIP joints) is particularly characteristic of RA. Other conditions like polymyalgia rheumatica cause proximal shoulder/hip pain rather than small-joint polyarthritis, and ankylosing spondylitis is primarily an axial disease.

**How to assess:** 
- Physical examination: systematically palpate all 28 major hand/wrist joints bilaterally for swelling, warmth, and tenderness
- Document which specific joints are involved using standard joint counts (e.g., 28-joint DAS28 assessment)
- Ask about morning progression: does swelling improve with use throughout the day?
- Imaging: plain radiographs show soft tissue swelling initially; erosions appear later in disease course

---

### Finding: Morning Stiffness (90 minutes duration)

**What:** The inability to move joints freely immediately upon waking, with gradual improvement as joints are used. Duration is key—this patient has **90 minutes** of stiffness.

**Why it matters:** Morning stiffness lasting >1 hour is a highly specific finding for inflammatory arthritis (RA, other connective tissue diseases) and is **not typical** of osteoarthritis (which causes <30 minutes stiffness). The mechanism reflects overnight accumulation of inflammatory exudate in synovial joints; with activity, increased blood flow and joint mobilization reduce swelling. This is a cardinal feature in RA classification criteria and correlates with disease activity. The duration of morning stiffness often tracks with inflammation level and responds predictably to anti-inflammatory therapy.

**How to assess:**
- Direct patient question: ""How long after you wake up does it take for your hands/joints to loosen up and move normally?""
- Distinguish from pain alone (which can improve differently): ask specifically about *stiffness/difficulty moving*
- Document time to improvement with activity
- Serial monitoring: improved stiffness duration indicates treatment response

---

### Finding: RF (Rheumatoid Factor) Positive — 78 IU/mL

**What:** Rheumatoid Factor is an autoantibody (usually IgM, but can be IgG or IgA) that binds to the Fc portion of IgG. Normal is <14 IU/mL; this patient's level is **markedly elevated**.

**Why it matters:** 
- **Diagnostic significance**: RF positivity appears in ~80% of established RA but can be present before clinical disease onset
- **Prognostic significance**: RF+ disease correlates with more aggressive erosive disease, worse functional outcomes, and higher risk of extra-articular manifestations (rheumatoid nodules, vasculitis, cardiac involvement)
- **Not specific to RA**: RF can be positive in other conditions (SLE, Sjögren's, chronic infections, cryoglobulinemia, some normal individuals), so it must be interpreted with clinical context
- **Seropositivity**: This patient is RF+, making her part of the ""seropositive RA"" category with different prognosis than seronegative RA

**How to assess:**
- Blood test (latex agglutination, ELISA, or nephelometry); can be quantified by titer
- Standard cutoff: >40 IU/mL is considered strongly positive; this patient is clearly elevated
- Interpret *alongside* clinical picture—RF alone does not diagnose RA
- Monitor serially (though RF often remains positive even after disease remission is achieved)

---

### Finding: Anti-CCP Antibody Positive — 156 units/mL

**What:** Anti-Cyclic Citrullinated Pept"
gen-002,bge,BAAI/bge-small-en-v1.5,http://purl.bioontology.org/ontology/AIR/DXRA,atypical,"Seronegative RA, atypical presentation",rich,"**Chief Complaint:** ""My hands have been swelling on and off for about 8 months now, and I'm having trouble with my grip strength.""

**History of Present Illness:**
A 52-year-old woman presents with an 8-month history of intermittent swelling in her hands. She describes involvement of the PIP joints of both hands, with particular prominence in digits 2-4. She denies morning stiffness lasting longer than 20 minutes. Pain is moderate (5/10) and worse with gripping activities. She reports good functional capacity with ability to perform all ADLs without modification.

The patient describes her symptoms as ""coming and going""—notably better on some weeks, worse on others, with no clear pattern. She denies any systemic symptoms, rashes, or photosensitivity. No recent infections or tick exposures. She works as a librarian and attributes some symptoms to her occupation.

**Past Medical History:**
Type 2 diabetes mellitus (HbA1c 7.1%), hypertension, hyperlipidemia. No prior autoimmune disease.

**Medications:**
Lisinopril 10 mg daily, metformin 1000 mg daily, atorvastatin 20 mg daily

**Physical Examination:**
Vital signs: BP 138/82, HR 74, RR 16, afebrile
General: Alert, well-appearing
Hands: Mild soft tissue swelling over bilateral PIP joints; no erythema or warmth appreciated; full active ROM with mild pain on flexion; grip strength 28 kg bilaterally (age-predicted ~35 kg)
Wrists: Full painless ROM bilaterally
Shoulders, elbows, knees, ankles: No synovitis
Skin: No rashes, nodules, or other stigmata

**Laboratory Investigations:**
ESR: 18 mm/hr (normal <20)
CRP: 4.2 mg/L (normal <3)
RF (rheumatoid factor): 42 IU/mL (positive; normal <15)
Anti-CCP: 78 units/mL (positive; normal <20)
ANA: Negative
Anti-d",1711,"# RHEUMATOLOGIC DIFFERENTIAL DIAGNOSIS

**PRIMARY DIAGNOSIS: Early Rheumatoid Arthritis (RA)**

**Confidence:** High

**Supporting findings:**
- Positive RF (42 IU/mL) AND positive anti-CCP (78 units/mL) in combination represent the most specific serological signature for RA; anti-CCP positivity is particularly predictive of erosive disease
- Symmetric polyarticular involvement of PIP joints in digits 2-4 bilaterally is classic for RA distribution, with functional deficit (grip strength 28 kg vs predicted 35 kg) indicating true inflammatory burden
- Mild inflammatory markers (ESR 18, CRP 4.2) are consistent with seronegative/low-inflammatory RA phenotype; absence of marked elevation does not exclude RA, particularly in earlier stages

**Findings against:**
- Brief morning stiffness (20 minutes) is atypical; RA typically presents with ≥60 minutes of morning stiffness, though shorter duration does not exclude disease
- Intermittent/fluctuating pattern rather than progressive course is less typical of RA, though some patients do experience relapse-remitting patterns early in disease

---

## DIFFERENTIAL DIAGNOSIS:

1. **Systemic Lupus Erythematosus (SLE)** (8%) — 
   - *for:* Positive RF (though less common in SLE), arthralgia with swelling, female/middle-aged demographic | 
   - *against:* Negative ANA is highly sensitive (98%) test for SLE; SLE-associated arthritis is typically non-erosive and non-destructive; no constitutional symptoms, photosensitivity, or serologic pattern

2. **Osteoarthritis with concurrent inflammatory component** (10%) — 
   - *for:* Age 52, occupational hand use (librarian/keyboard work), PIP joint involvement, intermittent presentation | 
   - *against:* Positive anti-CCP is not seen in primary OA; bilateral symmetric presentation is inconsistent with typical OA; RF positivity would be coincidental

3. **Seronegative Polyarticular Syndrome (early/undifferentiated IA)** (7%) — 
   - *for:* Intermittent symptoms, mild inflammation, could represent very early polyarticular disease before full serologic conversion | 
   - *against:* Patient is already *seropositive* with both RF and anti-CCP; this diagnosis would only apply if serology were negative

---

## REASONING:

This case represents **seropositive RA in early/seronegative-presenting phase**. The dual positivity of RF and anti-CCP—particularly anti-CCP, which has 95-98% specificity for RA—is pathognomonic and outweighs the atypical clinical features (mild morning stiffness, fluctuating course, only mildly elevated inflammatory markers). The symmetric PIP involvement in a 52-year-old woman with functional hand impairment fits the demographic and distribution of RA perfectly. The negative ANA effectively excludes SLE, and the serologic profile argues strongly against undifferentiated inflammatory arthritis. While OA is age-appropriate, anti-CCP positivity is essentially never seen in primary OA and indicates autoimmune joint disease.

The fluctuating nature and mild inflammation suggest either *early* RA that has not yet developed sustained inflammatory burden, or a patient with *low-inflammatory* RA phenotype—both of which carry better prognosis but still require treatment to prevent erosive progression, particularly given anti-CCP positivity.

---

## NEXT STEP:

**Hand/Wrist X-rays (posteroanterior and lateral views)**

**Expected findings:**
- If RA: Early changes may show juxta-articular osteopenia, joint space narrowing at PIP joints, or marginal erosions (hallmark of RA that distinguishes it from OA)
- If absent/minimal: Would support very early disease (within first 6-12 months window when erosions may not yet be evident), reinforcing need for aggressive DMARD therapy to prevent progression
- This imaging is critical because **anti-CCP positivity predicts erosive disease**, and absence of current erosions does NOT mean they won't develop without treatment

**Alternative confirmatory test:** High-resolution ultrasound of bilateral hands (power Doppler) would provide earlier detection of synov","# DIFFERENTIAL DIAGNOSIS ANALYSIS

## PRIMARY DIAGNOSIS: Rheumatoid Arthritis (Early/Seronegative or Low-Grade Seropositive)

**Confidence: Medium**

**Supporting findings:**
- Positive RF (42 IU/mL) and anti-CCP (78 units/mL) antibodies establish serologic evidence of RA
- Symmetric PIP joint involvement (digits 2-4 bilaterally) with soft tissue swelling is classic RA distribution
- Reduced grip strength (28 kg vs predicted 35 kg) reflects functional impairment from hand inflammation

**Findings against:**
- Notably short morning stiffness duration (20 minutes vs typical RA ≥60 minutes) argues for milder disease or alternative diagnosis
- Intermittent, variable symptom pattern with good functional capacity and only moderate pain (5/10) suggests either very early/mild RA or non-inflammatory etiology
- Normal inflammatory markers (ESR borderline at 18, CRP only mildly elevated at 4.2) are atypical for active RA with clinically apparent synovitis

---

## DIFFERENTIAL DIAGNOSIS:

1. **Seronegative Polyarthritis/Undifferentiated Arthritis (15%)** — for: symmetric PIP involvement, variable course, minimal morning stiffness | against: positive RF and anti-CCP antibodies

2. **Osteoarthritis with Secondary Inflammatory Changes (20%)** — for: age 52, occupational hand use (librarian), bilateral PIP swelling, minimal systemic inflammation | against: relatively young age for primary OA, positive anti-CCP (suggests immune-mediated disease), soft tissue swelling pattern more consistent with synovitis than osteophytes

3. **Psoriatic Arthritis (10%)** — for: PIP joint involvement can occur | against: no skin or nail findings on examination, no DIP involvement or dactylitis, negative ANA, symmetric rather than asymmetric pattern

4. **Systemic Lupus Erythematosus (5%)** — for: symmetric arthritis, positive serology | against: negative ANA (highly sensitive for SLE), no photosensitivity, no systemic symptoms, anti-CCP more specific for RA than SLE

---

## REASONING:

This case presents a diagnostic challenge because the patient has seropositive serologies (RF and anti-CCP) that strongly favor RA, yet exhibits atypical clinical features of milder severity than typical RA. The positive anti-CCP antibody is the most discriminating finding—it has ~95% specificity for RA and rarely occurs in other conditions. However, the combination of minimal morning stiffness (20 min), intermittent symptoms, preserved function, and disproportionately low inflammatory markers relative to clinically apparent synovitis raises the possibility of: (1) very early-stage seropositive RA before full disease establishment, (2) seronegative arthritis with incidental positive serologies, or (3) an occupational/biomechanical component superimposed on mild inflammation. The symmetric PIP distribution and positive serology still favor RA as most likely, but the clinical mildness demands exclusion of mechanical/degenerative disease and investigation of disease activity.

---

## NEXT STEP:

**High-resolution ultrasound or MRI of both hands with focus on PIP joints (2-4) to assess:**
- **Expected findings for RA:** Synovial hypertrophy, power Doppler signal (indicating active synovitis), joint effusion, early erosions at PIP joint margins
- **Alternative findings:** Osteophytes, cartilage thinning, and absence of power Doppler would favor osteoarthritis; this would substantially lower confidence in RA diagnosis despite positive serology

*Imaging will clarify whether this represents active inflammatory synovitis (supporting RA) versus mechanical changes (supporting OA as primary diagnosis), and will help stage disease severity to guide treatment decisions.*","# PRIMARY DIAGNOSIS: 
**Seronegative Rheumatoid Arthritis (RA) — Early/Mild Disease**

---

## TEACHING POINTS:

### Finding: Positive Rheumatoid Factor (RF) + Anti-CCP Antibodies

**What:** 
RF is an IgM antibody against the Fc portion of IgG; anti-CCP (anti-cyclic citrullinated peptide) antibodies target modified proteins with citrulline residues. These are the two most commonly tested autoantibodies in RA.

**Why it matters:** 
This is the lynchpin of our diagnosis. Anti-CCP positivity is **highly specific** (95-98%) and **predictive** for RA—it can precede clinical symptoms by years. RF is less specific (found in SLE, Sjögren's, infections, normal aging) but its positivity in this context, **combined with anti-CCP**, converts our pre-test probability dramatically. These antibodies indicate seropositive RA and portend a poorer prognosis with greater risk of erosive disease and extra-articular manifestations. Early detection is critical because this patient meets diagnostic criteria and may benefit from DMARDs before irreversible joint damage occurs.

**How to assess:** 
Order both tests together; anti-CCP is increasingly preferred as the initial test given superior specificity. A positive RF + positive anti-CCP in the context of compatible clinical symptoms = seropositive RA. Repeat titers occasionally help assess disease activity, though individual patient values don't correlate perfectly with symptoms.

---

### Finding: Symmetric Polyarticular Joint Swelling (PIP-Predominant)

**What:** 
Involvement of multiple joints (poly-) in a mirror-image distribution across the two sides of the body. PIP joints (proximal interphalangeal) are the knuckle knuckles between the fingernail and middle knuckle. This pattern contrasts with DIP involvement (osteoarthritis) or asymmetric/oligoarticular patterns.

**Why it matters:** 
Symmetry is a cardinal feature of RA, distinguishing it from asymmetric presentations (seronegative spondyloarthropathy, psoriatic arthritis, gout). **PIP involvement is classic for RA**—osteoarthritis characteristically affects DIPs (Heberden's nodes). The hand distribution (digits 2-4) is typical for RA; thumb and pinky are often spared or affected later. This pattern meets ACR/EULAR 2010 criteria for RA diagnosis.

**How to assess:** 
Bilateral hand inspection and palpation of all joints (MCPs, PIPs, DIPs, wrists) noting symmetry, erythema, warmth, and swelling. Document which joints are swollen. Request hand/wrist plain radiographs to assess for erosions (which would indicate established RA) and to rule out osteoarthritis. Early RA may show no radiographic changes, but ultrasound or MRI can reveal synovitis even when radiographs are normal.

---

### Finding: Minimal Morning Stiffness (<20 minutes)

**What:** 
Morning stiffness is difficulty with joint movement immediately upon waking, often described as ""gelling"" of joints after inactivity. Duration is measured in minutes. This is distinct from night pain or early-morning pain.

**Why it matters:** 
This is **paradoxically reassuring** in the right clinical context. RA typically presents with prolonged morning stiffness (>1 hour in active disease). This patient's brief stiffness suggests **early or mild disease**—she hasn't yet developed the profound synovial inflammation that produces hours of morning stiffness. This is actually prognostically favorable; early intervention at this stage can prevent progression to erosive disease. A patient with 8 months of symptoms and positive serology but only 20 minutes of stiffness likely has smoldering, early RA rather than longstanding active disease.

**How to assess:** 
Ask directly: ""How long after you wake up does it take before your joints loosen up and feel normal?"" Quantify in minutes. Note that stiffness >1 hour is a diagnostic criterion in ACR/EULAR classifications. Document whether it improves with activity or heat. Stiffness should improve with DMARDs and correlates with synovial inflammation.

---

### Finding: Preserved Functional Capacity (All ADLs without","# RHEUMATOLOGY CASE TEACHING SESSION

## PRIMARY DIAGNOSIS: 
**Rheumatoid Arthritis (RA), Early/Established Stage**

---

## TEACHING POINTS:

### Finding: Positive Rheumatoid Factor (RF) and Anti-CCP Antibodies

**What:** 
RF is an IgM antibody directed against the Fc portion of IgG; Anti-CCP (anti-cyclic citrullinated peptide) antibodies target modified protein epitopes. Both are circulating autoantibodies with pathogenic roles in RA.

**Why it matters:** 
This is the *cornerstone* of RA diagnosis. The combination of positive RF (42 IU/mL) AND positive Anti-CCP (78 units/mL) establishes seropositivity with >95% specificity for RA. Anti-CCP is particularly valuable because:
- It predicts progression to clinical arthritis in at-risk individuals
- It correlates with erosive disease and worse long-term outcomes
- It can appear years before clinical symptoms (so a positive here means established autoimmunity)
- It's more specific than RF for RA (RF can be positive in other conditions: infections, SLE, Sjögren's, hepatitis C)

The negative ANA is also supportive—it argues *against* SLE while not excluding RA.

**How to assess:** 
- Standard enzyme-linked immunosorbent assay (ELISA) for RF and Anti-CCP
- Report both quantitative values (not just positive/negative) because higher titers predict worse prognosis
- Timing: Check these early in the course; positivity stabilizes over time
- Repeat if negative initially but clinical suspicion remains high

---

### Finding: Symmetric Polyarticular Involvement of PIP Joints (Digits 2-4, Bilateral)

**What:** 
This describes inflammation of the proximal interphalangeal joints in a symmetric distribution (affecting the same joints on both sides of the body) across multiple digits. This is the prototypical pattern for RA.

**Why it matters:** 
Symmetry and PIP predominance are hallmark RA features:
- RA characteristically affects small joints in a *symmetric* pattern; asymmetric arthritis should raise suspicion for psoriatic arthritis or other seronegative conditions
- PIP involvement (rather than DIP) favors RA; DIP involvement is more suggestive of osteoarthritis or psoriatic arthritis
- This distribution reflects the distribution of synovial tissue and inflammatory cytokine gradients in early RA
- The absence of wrist and MCP swelling here is somewhat atypical (RA classically involves MCPs and wrists first), but PIP involvement is still consistent with established RA, particularly if disease duration is longer

**How to assess:**
- **Inspection:** Look for fusiform (spindle-shaped) soft tissue swelling over the joint
- **Palpation:** Test for synovial fluctuance and warmth; note tenderness
- **Range of motion:** Compare active and passive ROM; RA typically preserved until late disease
- **Joint count:** Count involved joints; classify as oligoarthritis (<5) vs. polyarthritis (≥5). This patient has mild polyarticular involvement
- **Imaging:** Plain radiographs for baseline; MRI/ultrasound if erosions suspected

---

### Finding: Mild Systemic Inflammation (ESR 18, CRP 4.2)

**What:** 
Erythrocyte sedimentation rate (ESR) reflects acute phase response via plasma protein changes; C-reactive protein (CRP) is a direct acute phase reactant produced by the liver. Both are elevated but only *mildly* so.

**Why it matters:**
- Detectable elevation supports systemic inflammatory disease (vs. pure mechanical/occupation-related symptoms)
- The *mild* elevation is actually common in RA—inflammatory markers don't need to be dramatically elevated to indicate active disease
- However, normal markers do NOT exclude RA; up to 30% of seropositive RA patients have persistently normal ESR and CRP
- This mild elevation argues *against* acute bacterial infection (where markers would typically be higher)
- In diabetes, CRP may be chronically mildly elevated due to insulin resistance, so context matters here

**How to assess:**
- ESR: Westergren method; values in women generally <20 "
gen-003,bge,BAAI/bge-small-en-v1.5,http://purl.bioontology.org/ontology/AIR/DXRA,early,Early undifferentiated — may be RA,rich,"# Chief Complaint
""My hands have been hurting and swelling for about 3 weeks now, especially in the mornings.""

## History of Present Illness
A 38-year-old woman presents with a 3-week history of progressive polyarticular joint pain and swelling. Symptoms began insidiously in her right index and middle fingers, followed within days by involvement of the left hand in a similar distribution. She describes marked morning stiffness lasting approximately 45 minutes that improves with activity. Pain is worse with gripping and fine motor tasks. She denies any recent infections, travel, or tick exposures. No preceding rash or systemic symptoms. She works as a nurse and attributes some symptoms to occupational strain, though she notes the symmetry is unusual for her previous repetitive strain injuries.

## Physical Examination
- General: Well-appearing, no fever
- Hands: Symmetric soft tissue swelling over PIP and MCP joints bilaterally (right worse than left). Mild warmth noted on palpation of right MCP joints. No erythema. Mild pain with passive flexion. Unable to make tight fists bilaterally due to stiffness and discomfort.
- Wrists: Mild effusion palpable bilaterally, tender to ulnar deviation
- Other joints: Knees appear normal; no effusion appreciated. Feet without visible swelling. Shoulders, hips, spine without abnormality.
- Skin: No rashes, nodules, or other lesions
- Systemic: Lungs clear; normal heart sounds; no hepatosplenomegaly

## Laboratory Results
- ESR: 34 mm/hr (elevated)
- CRP: 8.2 mg/L (mildly elevated)
- RF: 12 IU/mL (negative; lab cutoff 14)
- Anti-CCP: 8 units (negative; lab cutoff 20)
- ANA: Negative
- CBC: Normal
- Comprehensive metabolic panel: Normal
- Thyroid function: Normal

## Imaging
- X-rays of hands and wrists: No erosions, no juxta-articular osteopenia. Soft tissue swelling noted around MCPs and wrists. No findings to",1257,"# Differential Diagnosis Analysis

PRIMARY DIAGNOSIS: Early Rheumatoid Arthritis (seronegative)
Confidence: High
Supporting findings: 
1. Symmetric polyarticular involvement of small joints (MCPs and PIPs bilaterally) with classic morning stiffness (45 minutes) improving with activity—the hallmark presentation of RA
2. Elevated inflammatory markers (ESR 34, CRP 8.2) with insidious onset over 3 weeks, consistent with early inflammatory arthritis
3. Physical examination findings of soft tissue swelling, warmth, and functional impairment (inability to make tight fists) in a symmetric distribution typical of RA

Findings against: 
1. Seronegative for both RF and anti-CCP, which are present in ~80% of RA patients; however, 15-20% of RA cases are truly seronegative, especially early in disease
2. No radiographic changes; however, radiographic erosions develop gradually and may not be apparent within the first 3 weeks of symptom onset

---

## DIFFERENTIAL DIAGNOSIS:

1. **Seronegative Rheumatoid Arthritis (60%)** — for: symmetric small joint swelling, prolonged morning stiffness, elevated ESR/CRP, insidious onset | against: negative RF and anti-CCP antibodies, absence of erosions on imaging

2. **Early Psoriatic Arthritis (15%)** — for: asymmetric onset (right hand first), can present seronegative with elevated ESR | against: no skin manifestations (psoriasis/rash), no nail changes, no DIP predominance, symmetric pattern not typical for early PsA

3. **Viral-triggered Polyarthritis (parvovirus B19, others) (10%)** — for: symmetric small joint involvement, elevated inflammatory markers, self-limited course possible | against: no preceding viral prodrome documented, 3 weeks of progressive symptoms less consistent with typical viral arthritis timeline

4. **Systemic Lupus Erythematosus—non-erosive arthritis (8%)** — for: symmetric polyarthritis in young woman, elevated ESR | against: negative ANA (excludes SLE with high sensitivity), no systemic features, normal CBC

5. **Reactive Arthritis/Post-infectious Arthritis (4%)** — for: subacute onset with inflammation | against: no recent infection history, no diarrheal symptoms, no urethritis, symmetric bilateral involvement atypical

6. **Occupational/Mechanical Repetitive Strain (3%)** — for: patient's occupational history as nurse | against: symmetric bilateral distribution highly unusual for overuse injury, morning stiffness pattern, elevated inflammatory markers, warm joints on examination

---

## REASONING:

This 38-year-old woman presents with the classic clinical triad of RA: symmetric polyarticular involvement of small joints (MCPs and PIPs), prolonged morning stiffness with improvement on activity, and elevated acute phase reactants. The insidious 3-week onset, progressive nature, and functional impairment (inability to grip or make fists) are characteristic of early inflammatory arthritis rather than mechanical causes. While she is seronegative (RF and anti-CCP negative), approximately 15-20% of RA patients remain seronegative throughout disease course, and many are seronegative early before antibodies develop. The negative ANA and normal CBC argue against SLE and systemic rheumatologic mimics. The symmetric distribution and small joint predominance make psoriatic arthritis less likely despite seronegative status. The lack of documented preceding infection and the progressive 3-week course make viral or reactive arthritis less probable.

---

## NEXT STEP:

**Obtain Anti-CCP with higher sensitivity assay (2nd-generation anti-CCP or anti-CCP3) AND simultaneously order anti-RA33, anti-MCV (anti-modified citrullinated vimentin), and anti-mutated citrullinated vimentin antibodies.**

**Expected findings:** Positive anti-CCP or alternative citrulline-containing epitope antibodies in 20-30% of seronegative RA patients would strongly support early RA diagnosis, as these markers indicate aggressive disease trajectory and provide rheumatologic prognostic information. Even if remain negative, the clinical presentation with elevated inflammatory markers warrants empiric DMARD initiation (typically methotrexate) as seronegative RA should","# DIFFERENTIAL DIAGNOSIS ANALYSIS

## PRIMARY DIAGNOSIS: Early Rheumatoid Arthritis (Seronegative RA)
**Confidence: High**

**Supporting findings:**
- Symmetric polyarticular involvement of small joints (MCPs, PIPs, wrists) with typical distribution for RA
- Morning stiffness lasting 45 minutes with improvement on activity—classic for inflammatory arthropathy
- Elevated acute phase reactants (ESR 34, CRP 8.2) indicating active systemic inflammation
- Progressive, insidious onset with functional impairment (inability to make tight fists, pain with gripping)

**Findings against:**
- Negative RF and anti-CCP antibodies (seronegative presentation occurs in ~30% of RA cases, particularly early disease)
- Absence of erosions on imaging (expected in early disease; erosions typically develop within first 1-2 years)

---

## DIFFERENTIAL DIAGNOSIS:

1. **Early Seronegative Rheumatoid Arthritis (45%)** — for: symmetric MCP/PIP/wrist involvement, morning stiffness >30 min, elevated ESR/CRP, functional impairment | against: negative RF and anti-CCP at presentation

2. **Systemic Lupus Erythematosus (SLE) with arthralgias (25%)** — for: female of childbearing age, symmetric small joint involvement, elevated ESR | against: negative ANA (highly sensitive in SLE), absence of constitutional symptoms, no rash/photosensitivity, normal CBC

3. **Acute Viral Arthritis (polyomavirus, parvovirus B19) (15%)** — for: acute insidious onset, symmetric distribution, mild systemic inflammation | against: 3-week duration with progressive worsening (viral typically self-limited), no preceding URI or systemic prodrome

4. **Early Psoriatic Arthritis (10%)** — for: asymmetric presentation initially (right worse than left), small joint involvement | against: no skin lesions, no nail changes, no dactylitis appreciated, typical psoriatic pattern would show asymmetry more prominently

5. **Occupational Strain/Repetitive Stress Injury (5%)** — for: work as nurse, symptoms with gripping | against: symmetric bilateral distribution uncommon, elevated inflammatory markers, morning stiffness pattern inconsistent with mechanical injury

---

## REASONING:

The clinical presentation is highly suggestive of **inflammatory arthropathy** based on three key discriminators: (1) symmetric polyarticular involvement of MCP, PIP, and wrist joints—the most common sites affected by RA; (2) prominent morning stiffness lasting 45 minutes with improvement on activity, which is pathognomonic for systemic inflammatory disease; and (3) elevated acute phase reactants (ESR 34, CRP 8.2) confirming active inflammation. The negative ANA effectively excludes SLE as a primary diagnosis, despite the demographic profile fitting that population.

The seronegative status (negative RF and anti-CCP) does not exclude RA; approximately 20–30% of RA patients present seronegative, especially in early disease stages (symptoms only 3 weeks old). Seronegative RA carries similar prognosis and erosive potential as seropositive disease when accompanied by inflammatory markers and appropriate clinical features. The progressive nature over 3 weeks and functional impairment (inability to grip or make fists) distinguish this from benign viral arthritis, which typically peaks within 1–2 weeks and then resolves.

The absence of erosions is expected at 3 weeks; erosive changes typically emerge over months to years. The lack of skin manifestations, dactylitis, or asymmetry makes psoriatic arthritis less likely than RA.

---

## NEXT STEP:

**Obtain anti-CCP and RF antibodies with repeat testing in 4–6 weeks**, along with **high-resolution ultrasound or MRI of the hands/wrists to assess for synovitis and early erosions** (more sensitive than plain radiography for detecting bone changes). Additionally, **consider initiating a trial of DMARDs (e.g., methotrexate) concurrent with clinical follow-up**, as early intervention within the 3–6 month ""window of opportunity"" significantly improves long-term outcomes in RA regardless of serostatus. A positive anti-CCP conversion or progression on imaging would strongly confirm","# PRIMARY DIAGNOSIS: Early Rheumatoid Arthritis (RA)

---

## TEACHING POINTS:

### Finding: Symmetric Polyarticular Small Joint Involvement (PIP, MCP, Wrist)

**What:** Inflammation affecting multiple joints in a mirror-image distribution—in this case, both hands with predominant involvement of the proximal interphalangeal (PIP) and metacarpophalangeal (MCP) joints, plus wrists. This is a ""small joint"" polyarthritis pattern.

**Why it matters:** RA classically presents with symmetric polyarthritis of small joints. The symmetry distinguishes this from osteoarthritis (usually asymmetric, weight-bearing joints) and seronegative spondyloarthropathies (often asymmetric, lower extremity-predominant). The *simultaneous* bilateral hand involvement (rather than sequential over months) is particularly suggestive of inflammatory arthritis. The sparing of large joints (knees, shoulders, hips are normal on exam) fits RA's predilection for hands, wrists, and feet first.

**How to assess it:** 
- Perform a **joint count** (28-joint assessment is standard): inspect for swelling, palpate for warmth, and test range of motion passively and actively.
- Document distribution *exactly* (which joints, bilateral vs. unilateral, symmetric vs. asymmetric).
- Ask about **functional impact**—grip strength, fine motor tasks—as this reflects true inflammatory burden.
- Photograph hands if possible for longitudinal comparison.

---

### Finding: Morning Stiffness (45 minutes duration)

**What:** Prolonged joint stiffness upon waking that gradually improves with movement and activity. This is distinct from pain alone—stiffness reflects synovial inflammation and reduced synovial fluid mobility.

**Why it matters:** Morning stiffness >30 minutes is a *major* criterion for RA diagnosis (part of the 2010 ACR/EULAR criteria) and is relatively specific for inflammatory arthritis. In contrast, mechanical/degenerative joint disease typically causes stiffness lasting <15 minutes. The 45-minute duration here strongly supports an inflammatory process. Additionally, the fact that it improves with activity (not worsened) is typical of inflammatory arthritis—ongoing inflammation benefits from movement, which mobilizes inflammatory mediators and promotes synovial blood flow.

**How to assess it:**
- Ask directly: *""When you wake up, how long does it take before you can move your hands normally?""*
- Distinguish from pain (patient may conflate the two).
- Ask whether it improves with movement or requires rest to improve—inflammatory stiffness improves with activity.
- Document duration in minutes to track disease progression.

---

### Finding: Elevated Inflammatory Markers (ESR 34, CRP 8.2)

**What:** 
- **ESR (Erythrocyte Sedimentation Rate):** A nonspecific test measuring how quickly red blood cells settle in serum; elevation indicates presence of inflammatory proteins (fibrinogen, immunoglobulins).
- **CRP (C-Reactive Protein):** An acute-phase reactant produced by hepatocytes in response to IL-6 and TNF-α; more specific and responsive than ESR.

**Why it matters:** Elevated inflammatory markers support an *inflammatory* rather than degenerative or purely mechanical process. In a seronegative patient (see below), these markers become especially important for confirming ongoing inflammation and justifying treatment. They also provide a baseline for monitoring treatment response. The *degree* of elevation (ESR 34 is moderately elevated, CRP only mildly elevated) is consistent with early RA—severe flares typically see higher values, but early disease may show modest elevation.

**How to assess it:**
- ESR: Order in all suspected inflammatory arthritis; be aware of false elevations (anemia, age, elevated immunoglobulins, pregnancy).
- CRP: More specific than ESR; useful for distinguishing inflammation from other causes of elevated ESR.
- Trend them over time during follow-up visits; they should decrease with effective DMARDs (disease-modifying antirheumatic drugs).
- **Never** base diagnosis on inflammatory markers alone—always correlate with clinical exam.

---

### Finding: Seronegative Status (RF negative, Anti-CCP negative, ANA negative)

**What:** 
- **Rheumatoid Factor (RF):** An I","# PRIMARY DIAGNOSIS: Early Rheumatoid Arthritis (Seronegative)

---

## TEACHING POINTS:

### Finding: Symmetric Polyarticular Arthritis (PIP and MCP joints)
**What:** Simultaneous inflammation affecting the same joints bilaterally in a mirror-image distribution. This case shows classic involvement of the proximal interphalangeal (PIP) and metacarpophalangeal (MCP) joints—the ""small joints of the hand"" that are pathognomonic for RA.

**Why it matters:** Symmetric polyarthritis is one of the defining features of RA and distinguishes it from mechanical disorders or monoarticular/asymmetric conditions. The specific involvement of MCPs and PIPs (not DIPs) is highly characteristic of RA rather than osteoarthritis or other conditions. The ontology data explicitly links MCP swelling to RA with high relevance (0.752). Asymmetric arthritis would favor psoriatic arthritis or gout.

**How to assess it:** 
- Palpate each joint for swelling, warmth, and tenderness
- Compare right vs. left sides systematically
- Note the pattern: which joints are involved? (MCPs + PIPs = RA pattern; DIP involvement = OA or psoriatic)
- Assess range of motion and pain with passive flexion/extension
- Ask about functional impact: difficulty making fists, gripping, fine motor tasks

---

### Finding: Morning Stiffness (45 minutes)
**What:** Difficulty moving joints that is worst upon waking and improves gradually with activity over minutes to hours. This is distinct from pain alone—stiffness implies impaired joint mobility due to synovial inflammation and joint fluid viscosity.

**Why it matters:** Morning stiffness >30 minutes is a hallmark of inflammatory arthritis and is part of the ACR/EULAR diagnostic criteria for RA. Non-inflammatory causes (mechanical, degenerative) typically improve within 5-10 minutes or don't occur at all. The duration here (45 min) strongly suggests inflammatory disease rather than occupational strain. This finding alone has significant discriminatory power.

**How to assess it:**
- Ask direct, specific questions: ""How long after waking can you make a fist?"" or ""How long until you can do your morning hygiene without difficulty?""
- Have the patient demonstrate grip or fist-making if possible
- Duration is key: longer stiffness favors inflammation; shorter favors mechanical causes
- Correlate with activity level: inflammatory stiffness improves with movement, mechanical pain may worsen

---

### Finding: Elevated Acute Phase Reactants (ESR 34, CRP 8.2)
**What:** ESR (erythrocyte sedimentation rate) and CRP (C-reactive protein) are systemic markers of inflammation. Both are elevated here, indicating active systemic inflammation rather than localized or non-inflammatory joint disease.

**Why it matters:** Elevated ESR and CRP support an inflammatory etiology and are included in the ACR/EULAR 2015 RA classification criteria. They reflect the degree of synovial inflammation and have prognostic value (elevated markers = higher risk of progression and erosive disease). Normal acute phase reactants would favor mechanical arthritis or very early/mild inflammatory disease, but would not exclude RA.

**How to assess it:**
- Order both ESR and CRP; they can dissociate (CRP more specific for active inflammation)
- ESR can be nonspecific (infection, malignancy, anemia, age)
- CRP is more acute and specific for ongoing inflammation
- Baseline values help establish activity and guide treatment intensity
- Serial measurement tracks disease activity

---

### Finding: Negative Rheumatoid Factor and Anti-CCP (Seronegative Status)
**What:** RF and anti-CCP are autoantibodies traditionally associated with RA. RF is polyclonal IgM against the Fc portion of IgG; anti-CCP is more specific, targeting cyclic citrullinated peptide. Both are negative here.

**Why it matters:** This is **critical teaching moment**: ~25-30% of RA patients are truly seronegative (RF and anti-CCP both negative), yet still have classic RA. Seronegative RA often has:
- Similar clinical presentation and joint damage potential
- Sometimes slightly milder disease course
- Same response to DMARDs
- Same poor prognostic significance if erosions"
gen-004,bge,BAAI/bge-small-en-v1.5,http://purl.bioontology.org/ontology/AIR/DXSLE,classic,Classic multi-system SLE,rich,"**PATIENT VIGNETTE**

**Chief Complaint:** ""My hands are swollen and I've had a rash on my face for the past month""

**History of Present Illness:**
A 28-year-old woman presents with a 6-week history of progressive polyarticular joint pain and swelling. She reports symmetrical involvement of both hands, wrists, and knees. The arthritis is worse in the mornings, with stiffness lasting approximately 90 minutes. Two weeks into her symptoms, she developed a malar erythema that worsens with sun exposure. She also reports a painful ulcer in her hard palate that has persisted for 3 weeks. Additionally, she has experienced photosensitivity, with a pruritic eruption appearing on her forearms and dorsal hands after brief sun exposure.

She reports constitutional symptoms including fatigue, low-grade fevers (maximum 38.4°C), and unintentional weight loss of 4 kg over 6 weeks. She notes hair loss over the past month, particularly from the frontal and temporal regions. She denies recent infections, sick contacts, or recent medication changes.

**Past Medical History:**
Unremarkable. No prior episodes of joint pain, rash, or systemic symptoms.

**Social History:**
Works as a graphic designer (indoor work). Non-smoker. Denies alcohol use. No recent travel.

**Review of Systems:**
Positive for: photosensitivity, oral ulcers, myalgias, malaise, occasional dyspnea on exertion. Denies chest pain, hemoptysis, or orthopnea.

**Physical Examination:**
- Vitals: BP 118/76, HR 88, RR 16, Temp 37.8°C
- General: Alert, well-appearing woman with visible alopecia
- Skin: Sharply demarcated erythema over malar eminences bilaterally, sparing the nasolabial folds; erythematous papules and plaques on dorsal forearms and hands; no scaling or follicular plugging noted
- Mouth: Single 0.5 cm painful ulcer on hard palate; otherwise unremarkable
- Joints: Soft tissue swelling",2500,"# RHEUMATOLOGIC DIFFERENTIAL DIAGNOSIS CONSULTATION

---

## PRIMARY DIAGNOSIS: Systemic Lupus Erythematosus (SLE)

**Confidence:** High

**Supporting findings:**
- Classic malar erythema sparing nasolabial folds with photosensitivity in a young woman
- Symmetrical polyarticular arthritis (hands, wrists, knees) with prolonged morning stiffness (90 minutes) in this demographic
- Oral ulcers combined with alopecia, constitutional symptoms (fever, weight loss, fatigue), and photosensitive skin eruption on sun-exposed areas meeting ACR/EULAR criteria

**Findings against:** 
None identified. The clinical presentation is highly characteristic of SLE.

---

## DIFFERENTIAL DIAGNOSIS:

1. **Lupus-like drug reaction** (8%) — for: photosensitive rash and constitutional symptoms | against: no medication exposure reported; progressive systemic features unusual for drug-induced lupus

2. **Rheumatoid arthritis with coincidental photosensitive dermatitis** (5%) — for: symmetrical polyarticular involvement and morning stiffness | against: malar rash sparing nasolabial folds, oral ulcers, and photosensitivity are not typical RA features; lack of scaling/follicular changes argues against dermatologic co-morbidity

3. **Sjögren's syndrome** (3%) — for: systemic symptoms and photosensitivity | against: absent sicca symptoms (no dry eyes/mouth reported); polyarthritis with malar rash is atypical; oral ulcer on hard palate rather than from xerostomia

4. **Dermatomyositis** (2%) — for: photosensitive eruption on dorsal hands | against: no proximal muscle weakness, normal gait; heliotrope rash and Gottron papules not described; myalgia without myositis pattern

5. **Subacute cutaneous lupus erythematosus (SCLE)** (2%) — for: photosensitivity and annular/papulosquamous potential | against: no scaling or follicular plugging noted; presentation includes SLE systemic features (oral ulcers, alopecia) more consistent with diffuse cutaneous lupus

---

## REASONING:

The constellation of clinical findings—classic malar erythema with photosensitivity, symmetrical polyarticular arthritis with significant morning stiffness, oral ulcers, alopecia, and constitutional symptoms in a young woman—forms a highly specific pattern for SLE. The timing and distribution of manifestations (skin findings preceding/concurrent with arthritis, progressive over 6 weeks) align with typical SLE presentation. The patient meets multiple ACR/EULAR 2019 criteria: malar rash (4 points), photosensitivity (2 points), oral ulcers (2 points), non-scarring alopecia (2 points), and polyarthritis (6 points), with a cumulative score easily exceeding the diagnostic threshold of ≥10 points. Notably, the malar rash explicitly spares the nasolabial folds—a pathognomonic feature distinguishing lupus erythema from other diagnoses. The absence of follicular plugging and scaling further excludes discoid lupus dominance. While RA presents with similar arthritis, the photosensitive rash, oral ulcers, and alopecia are not compatible with primary RA.

---

## NEXT STEP:

**Most discriminating investigation:** Antinuclear antibody (ANA) testing by immunofluorescence with reflex panel (anti-dsDNA, anti-Smith, anti-Ro/SSA, anti-La/SSB)

**Expected finding:** ANA-positive (≥1:160 titer) with anti-dsDNA and/or anti-Smith antibodies, which would confirm SLE diagnosis with high specificity. Concurrently order: CBC (cytopenias), CMP (renal function), urinalysis (proteinuria/hematuria), ESR/CRP, and complement levels (C3/C4 depression), which typically accompany active SLE and further support the diagnosis.","# RHEUMATOLOGY CONSULTATION: DIFFERENTIAL DIAGNOSIS

---

## PRIMARY DIAGNOSIS: Systemic Lupus Erythematosus (SLE)
**Confidence: High**

**Supporting findings:**
- Malar (butterfly) erythema sparing nasolabial folds with photosensitivity—classic SLE presentation
- Symmetric polyarticular arthritis (hands, wrists, knees) with prolonged morning stiffness (90 minutes) in a young woman
- Oral ulcers on hard palate combined with photosensitive rash on dorsal surfaces and constitutional symptoms (fever, fatigue, weight loss, alopecia) meeting multiple ACR/EULAR criteria

**Findings against:**
- None identified; clinical presentation is highly consistent with SLE

---

## DIFFERENTIAL DIAGNOSIS:

1. **Rheumatoid Arthritis (15%)** — for: symmetric polyarticular involvement with morning stiffness >60 minutes, MCP/wrist swelling | against: absence of RF/anti-CCP mentioned, malar rash and photosensitivity not typical of RA, acute constitutional symptoms with alopecia and oral ulcers more suggestive of lupus

2. **Drug-induced Lupus (8%)** — for: photosensitive rash and polyarthritis | against: no medication exposure history documented, presence of oral ulcers and alopecia unusual in drug-induced lupus, longer symptom duration (6 weeks progressive) suggests primary SLE

3. **Polymyalgia Rheumatica (2%)** — for: constitutional symptoms and elevated inflammatory markers expected | against: age 28 is far too young (typical onset >50 years), polyarticular involvement of small joints rather than proximal girdle distribution, absence of temporal headache or visual symptoms

---

## REASONING:

This 28-year-old woman presents with a constellation of findings that coalesce around SLE diagnosis. The pathognomonic malar rash **sparing the nasolabial folds** combined with photosensitivity and documented photosensitive eruption on dorsal surfaces satisfies SLE's characteristic cutaneous manifestations. The **symmetric polyarticular arthritis with 90-minute morning stiffness** affecting MCPs, wrists, and knees is classic for lupus arthritis, though notably non-erosive. The presence of **oral ulcers on hard palate** (not just buccal mucosa) further supports SLE, as does the **systemic triad of alopecia, fever, and weight loss** within 6 weeks—a timeline inconsistent with indolent diseases like RA. The absence of mentioned RF/anti-CCP positivity, combined with the acute constellation of cutaneous, mucosal, and constitutional features in a young woman, makes primary SLE substantially more likely than RA. PMR is excluded by age alone.

---

## NEXT STEP:

**Order: ANA (antinuclear antibody) panel with reflex to anti-dsDNA and anti-Smith antibodies, plus serum complement levels (C3, C4), complete metabolic panel, and urinalysis with microscopy.**

**Expected findings supporting SLE diagnosis:**
- ANA positive (typically homogeneous or speckled pattern >1:320)
- Anti-dsDNA antibodies positive (>1:10 titer)
- Depressed C3/C4 levels reflecting active disease
- Urinalysis showing proteinuria and/or cellular casts (consistent with lupus nephritis risk)

These serologic findings combined with clinical criteria would confirm SLE diagnosis and allow assessment of organ involvement severity.","# RHEUMATOLOGY CONSULTATION: DIFFERENTIAL DIAGNOSIS TEACHING

## PRIMARY DIAGNOSIS: 
**Systemic Lupus Erythematosus (SLE)**

---

## TEACHING POINTS:

### Finding: Malar Erythema (Butterfly Rash)
**What:** A sharply demarcated, symmetric erythematous flush over the malar eminences and cheeks. The **classic feature** is sparing of the nasolabial folds—this distinguishes it from seborrheic dermatitis or rosacea, which typically involve the nasolabial creases.

**Why it matters:** Malar erythema is one of the most recognizable and diagnostically significant manifestations of SLE. It appears in ~40-50% of SLE patients and is part of the classification criteria. However, it is NOT pathognomonic—it can occur in other connective tissue diseases (dermatomyositis, rosacea, photosensitivity dermatitis), but the combination with other SLE features makes it highly suggestive. The **sparing of nasolabial folds** is the key distinguishing detail that points toward SLE rather than seborrheic conditions.

**How to assess:** 
- Inspect the face in natural lighting; document symmetry and distribution precisely
- Ask specifically about photosensitivity (does it worsen with UV exposure?)
- Perform Wood's lamp examination to assess for hypopigmentation or hyperpigmentation
- Biopsy is rarely needed for diagnosis but shows interface dermatitis on histology (non-specific; also seen in drug-induced lupus and cutaneous lupus)
- Classify as acute cutaneous (malar) vs. subacute cutaneous (nonscarring, non-photosensitive plaques) vs. chronic cutaneous (discoid—causes scarring alopecia)

---

### Finding: Photosensitive Eruption (Pruritic Rash on Dorsal Hands/Forearms)
**What:** A photoinduced cutaneous reaction characterized by pruritic erythematous papules/plaques appearing on sun-exposed areas (dorsal hands, forearms, face, upper chest, shoulders) within hours to days of sun exposure.

**Why it matters:** Photosensitivity is present in ~40-70% of SLE patients and is part of the ACR/EULAR SLE classification criteria. It reflects underlying immune dysregulation and abnormal apoptosis leading to increased UV sensitivity. The presence of photosensitivity significantly increases the pretest probability of SLE in a patient with systemic symptoms and other features. It also guides management (sun protection is critical). **Distinguish from:**
- *Polymorphous light eruption (PLE)*: occurs in non-autoimmune patients, typically appears within 12-24 hours of sun exposure, resolves when sun is avoided; no systemic features
- *Cutaneous lupus without systemic disease*: may have photosensitivity but lacks constitutional symptoms and systemic manifestations

**How to assess:**
- Detailed history: timing of eruption relative to sun exposure, duration, resolution with sun avoidance
- Phototesting (rarely needed clinically but research tool): UV-A and UV-B provocation
- Clinical observation: assess for distribution in classic sun-exposed zones
- Skin biopsy: may show interface dermatitis (nonspecific)

---

### Finding: Oral Ulcers (Hard Palate)
**What:** Painful or painless shallow ulcerations of the oral mucosa (hard/soft palate, buccal mucosa, gingiva). In this case, a single hard palate ulcer.

**Why it matters:** Oral ulcers occur in ~25-50% of SLE patients and are part of the classification criteria. They are typically painless or mildly painful, round/oval, and shallow with an erythematous halo. **Important distinction:** SLE oral ulcers are often asymptomatic and discovered incidentally by the clinician, whereas the described ulcer is **painful**—but this does NOT exclude SLE. Oral ulcers help support the diagnosis but are nonspecific (also seen in aphthous ulcers, Behçet's disease, aphthous major, HSV, and traumatic ulcers). Hard palate involvement is typical for SLE; the nasal septum can also be involved (causing perforation in severe cases).

**How to assess:**
- Direct","# RHEUMATOLOGY CONSULTATION & TEACHING CASE

## PRIMARY DIAGNOSIS: **Systemic Lupus Erythematosus (SLE)**

---

## TEACHING POINTS

### Finding: Malar (Butterfly) Rash

**What:** A sharply demarcated, erythematous eruption over the malar eminences and bridge of nose, typically sparing the nasolabial folds. This is a pathognomonic cutaneous manifestation of SLE that occurs in ~40-60% of SLE patients.

**Why it matters:** 
- The classic ""sparing of nasolabial folds"" distinguishes malar rash from other facial erythemas (e.g., rosacea, seborrheic dermatitis, which often involve the nasolabial folds)
- Malar rash is one of the **ACR/EULAR classification criteria for SLE** (weighted score: 4 points)
- Virtually pathognomonic when present—very few non-SLE conditions present this way
- While suggestive of SLE, it alone is not diagnostic; must be integrated with systemic features

**How to assess:**
- **Visual inspection** in natural and bright lighting; photograph for documentation
- Assess **distribution**: bilateral cheeks, bridge of nose, configuration (does it respect nasolabial fold?)
- Determine **timing**: acute flare vs. chronic; does it worsen with sun exposure (photosensitivity)?
- **Dermal-epidermal biopsy** with immunofluorescence (shows IgG/IgA/C3 deposition at dermal-epidermal junction—lupus band test) if diagnosis uncertain
- Assess for other concurrent cutaneous lupus manifestations (discoid lesions, photosensitive dermatitis, bullae, alopecia)

---

### Finding: Photosensitivity with Photosensitive Dermatitis

**What:** Abnormal skin reaction to ultraviolet (UV) radiation—typically manifesting as erythematous papules and plaques on sun-exposed areas (dorsal forearms, hands, neck, décolletage) after minimal sun exposure. This is distinct from normal sunburn and occurs in 50-75% of SLE patients.

**Why it matters:**
- **Highly specific for SLE** when present (ACR/EULAR criterion: 2 points)
- Pathophysiology: Loss of immune tolerance + defective apoptosis → UV-induced exacerbation of autoimmune response
- Photosensitivity in SLE often precedes other systemic manifestations and can be the initial presenting feature
- Helps establish systemic nature of disease (not just cutaneous RA)
- Guides patient counseling and preventive strategies (sunscreen, protective clothing, UV avoidance)

**How to assess:**
- **Patient history**: Direct questioning about rash timing relative to sun exposure; location on exposed vs. covered skin
- **Phototesting** (rarely done in routine practice, but gold standard): Standardized UVA/UVB exposure to small skin areas; observe for exaggerated reaction
- **Clinical observation**: Examine distribution pattern—dorsal hands, forearms, neck, upper back, ears (classic photo-exposed sites)
- **Temporal correlation**: Ask patient to keep sun-exposure diary; establish cause-effect relationship
- Assess for **systemic flare** coinciding with photosensitive episodes (polyarthritis, constitutional symptoms)

---

### Finding: Symmetrical Polyarticular Arthritis (Hands, Wrists, Knees)

**What:** Joint pain, swelling, and stiffness affecting multiple joints in a symmetrical distribution (i.e., same joints on both sides of the body). In this case: MCPs, PIPs, wrists (small joints) and knees (large joints).

**Why it matters:**
- **Symmetrical polyarthritis is an ACR/EULAR criterion for SLE** (4 points) and a cardinal feature of non-erosive lupus arthritis
- **Critical distinction from RA**: While both present with symmetrical polyarthritis, **SLE arthritis is typically non-erosive** (no permanent joint damage on X-ray), whereas RA causes erosions
- SLE arthritis is often described as ""deforming but non-erosive""—can cause Jaccoud's arthropathy (reversible hand deformities without bone erosion"
gen-005,bge,BAAI/bge-small-en-v1.5,http://purl.bioontology.org/ontology/AIR/DXSLE,atypical,SLE without typical rash,rich,"**PATIENT VIGNETTE**

**Chief Complaint:** Recurrent fever and joint pain

**History of Present Illness:**
38-year-old African American woman presents with a 14-month history of intermittent polyarthralgia involving bilateral wrists, knees, and ankles. She describes the joint pain as migratory, typically lasting 3-5 days before resolving spontaneously, then recurring in different joints. She denies morning stiffness. Over the past 8 months, she has experienced recurrent low-grade fevers (37.8-38.5°C) occurring 2-3 times weekly, often accompanied by profound fatigue and unintentional weight loss of 8 kg. Three months ago, she developed a maculopapular rash across her cheeks and bridge of nose that worsens in sunlight. She reports a history of two miscarriages at 12 and 16 weeks gestation over the past 2 years with no identifiable obstetric causes.

She denies oral ulcers, photosensitivity-induced skin lesions elsewhere, or Raynaud's phenomenon. No recent infections, sick contacts, or travel history. She takes ibuprofen as needed.

**Physical Examination:**
- Vital signs: Temperature 38.2°C, BP 128/82, HR 94, RR 16
- General: Well-appearing, no acute distress
- Skin: Symmetric erythematous maculopapular rash across malar regions and nasal bridge; no other rashes noted
- Musculoskeletal: No joint swelling, warmth, or effusion on examination; full range of motion bilaterally
- Cardiovascular: Regular rate and rhythm, no murmurs
- Lungs: Clear to auscultation bilaterally
- Neurologic: Alert and oriented, no focal deficits
- Remainder: Unremarkable

**Laboratory Results:**
- ESR: 48 mm/hr
- CRP: 2.1 mg/dL
- CBC: WBC 3,200/μL (normal differential), Hgb 10.8 g/dL, Platelets 156,000/μL",2500,"# RHEUMATOLOGIC DIFFERENTIAL DIAGNOSIS CONSULTATION

---

## PRIMARY DIAGNOSIS: Systemic Lupus Erythematosus (SLE)

**Confidence: High**

**Supporting findings:**
1. Malar (butterfly) rash with photosensitivity—a pathognomonic cutaneous manifestation of SLE meeting ACR/EULAR criteria
2. Migratory polyarthralgia without arthritis in conjunction with systemic symptoms (fever, fatigue, weight loss) over 14 months—classic SLE presentation
3. African American ethnicity with reproductive complications (recurrent miscarriages at 12-16 weeks, likely antiphospholipid syndrome association)—both known risk factors and major manifestations of SLE

**Findings against:**
1. Absence of oral ulcers and other photosensitive skin lesions (though not required for SLE diagnosis)
2. No clinical evidence of serositis, cytopenias are mild-to-moderate rather than severe (though leukopenia and mild anemia support SLE)

---

## DIFFERENTIAL DIAGNOSIS:

1. **Systemic Lupus Erythematosus (75%)** — for: malar rash + photosensitivity, migratory polyarthralgia, constitutional symptoms, cytopenias, elevated inflammatory markers, African American ethnicity, recurrent pregnancy loss | against: no oral ulcers or severe cytopenias

2. **Antiphospholipid Syndrome (15%)** — for: recurrent miscarriages at 12-16 weeks gestation (classic thrombotic-obstetric phenotype), elevated inflammatory markers | against: no thrombotic events reported, malar rash more consistent with SLE, no clinical or laboratory evidence of thrombosis

3. **Systemic Sclerosis/Mixed Connective Tissue Disease (5%)** — for: migratory arthralgia, constitutional symptoms, elevated ESR | against: no Raynaud's phenomenon, no skin induration or fibrosis, malar rash not typical, absence of sclerodactyly or esophageal dysmotility

4. **Acute Rheumatic Fever (3%)** — for: migratory arthralgias, fever, elevated inflammatory markers | against: no recent streptococcal infection documented, rash distribution (malar vs. erythema marginatum), prolonged course (14 months), absence of carditis on examination

5. **Drug-Induced Lupus (2%)** — for: rash, polyarthralgia, constitutional symptoms | against: only NSAID use reported (ibuprofen), onset over 14 months inconsistent with typical drug-induced lupus timeline

---

## REASONING:

This clinical presentation is highly suspicious for SLE, anchored by the classic triad of **malar rash with photosensitivity, migratory polyarthralgia without arthritis, and constitutional symptoms (fever, fatigue, weight loss) spanning 14 months**. The patient's **African American ethnicity and history of recurrent pregnancy loss at 12-16 weeks**—consistent with antiphospholipid-associated thrombosis rather than obstetric causes—substantially elevate SLE risk. The **mild cytopenias (leukopenia, anemia) and elevated ESR with proportionally lower CRP** create a pattern characteristic of SLE rather than infection. While antiphospholipid syndrome deserves consideration given the obstetric history, the prominent malar rash and systemic manifestations are far more specific for SLE. The absence of oral ulcers or severe cytopenias does not exclude SLE, as these are neither required nor universal. Acute rheumatic fever is unlikely given the lack of documented streptococcal infection and the 14-month duration without cardiac involvement.

---

## NEXT STEP:

**Serologic panel: ANA (antinuclear antibody) by immunofluorescence and reflex anti-dsDNA and anti-Smith (anti-Sm) antibodies**

**Expected findings in SLE:**
- ANA positive (typically homogeneous or speckled pattern) in >95% of SLE cases
- Anti-dsDNA and/or anti-Sm antibodies present (highly specific for SLE; anti-Sm is 99% specific)
- Anti-Smith antibodies particularly associated with African American SLE patients

**Secondary supportive tests if ANA positive:**
- Complement","# STRUCTURED DIFFERENTIAL DIAGNOSIS

**PRIMARY DIAGNOSIS: Systemic Lupus Erythematosus (SLE)**

**Confidence: High**

**Supporting findings:**
- Malar rash (classic photosensitive distribution across cheeks and nasal bridge, worsening in sunlight)
- Polyarthralgia with migratory pattern affecting small and large joints (wrists, knees, ankles) without erosions or morning stiffness
- Recurrent unexplained pregnancy loss (miscarriages at 12 and 16 weeks, suggesting antiphospholipid syndrome association with SLE)
- Systemic constitutional symptoms: recurrent fever, profound fatigue, unintentional weight loss (8 kg over 8 months)
- Cytopenias: leukopenia (WBC 3,200), anemia (Hgb 10.8), mild thrombocytopenia (156,000)
- Elevated inflammatory markers (ESR 48, CRP 2.1)
- Absence of oral ulcers/photosensitivity rash elsewhere and Raynaud's does NOT exclude SLE; rash pattern is highly specific

**Findings against:**
- None identified; clinical presentation strongly aligns with SLE criteria

---

## DIFFERENTIAL DIAGNOSIS:

1. **Rheumatoid Arthritis (15%)** — for: Symmetric polyarthritis, elevated ESR, systemic symptoms | against: Migratory pattern without joint swelling/morning stiffness; no malar rash; pregnancy losses unexplained; absence of RF/anti-CCP serology data

2. **Acute Rheumatic Fever (12%)** — for: Migratory polyarthralgia, fever, constitutional symptoms | against: No history of pharyngitis; no carditis on cardiac exam; rash pattern is malar (not erythema marginatum or nodosum); age 38 makes acute rheumatic fever less typical

3. **Systemic Sclerosis/Mixed Connective Tissue Disease (8%)** — for: Raynaud's potential, systemic manifestations | against: No Raynaud's reported; no skin thickening, digital ulcers, or esophageal dysmotility; malar rash atypical

4. **Drug-Induced Lupus (5%)** — for: Rash, constitutional symptoms, cytopenias | against: No drug exposure history provided; migratory arthralgia and recurrent pregnancy loss less typical of drug-induced lupus

5. **Lyme Arthritis (3%)** — for: Migratory polyarthritis | against: No travel to endemic areas; no recent tick exposure; rash pattern (malar) atypical for erythema migrans; fever pattern and systemic manifestations non-specific

---

## REASONING:

This 38-year-old woman presents with a constellation of findings highly suggestive of SLE: a classic malar/photosensitive rash, migratory non-erosive polyarthralgia without morning stiffness, cytopenias (leukopenia, anemia, thrombocytopenia), elevated inflammatory markers, and recurrent pregnancy loss suggesting thrombotic complications. The **migratory pattern of arthralgia without objective synovitis distinguishes this from RA** (which presents with symmetric, persistent joint swelling and morning stiffness). The **specific distribution and photosensitivity of her rash**, combined with **recurrent unexplained pregnancy losses**, are highly specific for SLE and less consistent with other connective tissue diseases. Her age, demographic, and systemic constitutional symptoms (fever, weight loss, fatigue) over 14 months fit the indolent presentation of SLE. The absence of oral ulcers or widespread photosensitivity rash does not exclude SLE—her presentation meets multiple ACR/EULAR criteria. Rheumatoid arthritis remains a consideration given polyarthritis and elevated acute phase reactants, but the lack of morning stiffness, joint swelling on exam, and the migratory pattern argue against it as primary diagnosis.

---

## NEXT STEP:

**ANA (antinuclear antibody) panel with reflexive testing:**
- **Expected finding:** Positive ANA (>1:160, commonly homogeneous or speckled pattern in SLE)
- **Reflex antibodies:** Anti-dsDNA and anti-Smith (highly specific for SLE","# PRIMARY DIAGNOSIS: Systemic Lupus Erythematosus (SLE)

---

## TEACHING POINTS

### Finding: Malar Rash (Butterfly Rash)

**What:** A symmetric, fixed erythematous maculopapular rash distributed across the cheeks and bridge of nose, classically sparing the nasolabial folds. This is one of the most iconic cutaneous manifestations of SLE.

**Why it matters:** 
- The malar rash is a **major SLE criterion** in both ACR/EULAR classification systems
- It is relatively specific for SLE when present in the appropriate clinical context
- It typically worsens with UV exposure (photosensitivity), a key feature distinguishing it from other inflammatory rashes
- Absence of oral ulcers or more widespread photosensitive lesions does NOT exclude SLE; many patients present with isolated malar rash
- This rash rules against isolated seronegative polyarthritis or fibromyalgia

**How to assess:**
- Direct visual inspection; characterize distribution, morphology, and blanching
- **Key question**: Does it worsen with sun exposure? Ask specifically about temporal relationship to outdoor activities
- Document with photography for follow-up comparison
- Examine for other cutaneous SLE manifestations: discoid lesions, oral ulcers (even painless ones), photosensitive lesions on exposed areas
- Do NOT confuse with melasma (pregnancy-related, symmetric but typically darker and on broader face) or rosacea (persistent erythema, central face predominance, telangiectasia)

---

### Finding: Migratory Polyarthralgia (Non-Erosive, Non-Deforming)

**What:** Pain in multiple joints that migrates from one location to another over days to weeks, WITHOUT objective joint swelling or structural damage. This is distinct from polyarthritis (which includes swelling).

**Why it matters:**
- Migratory polyarthralgia is a **major SLE criterion**
- The pattern (bilateral wrists, knees, ankles) is classic for SLE—small and large joints affected, symmetric distribution
- **Critical observation**: No morning stiffness and no swelling on exam are features that actually support SLE and argue AGAINST rheumatoid arthritis (RA)
- In RA, you would expect persistent morning stiffness (>30 min typical), true synovitis with swelling/warmth/effusion, and a fixed distribution
- The 3-5 day resolution with spontaneous recurrence in different joints is typical of SLE flares, not the constant inflammation of RA

**How to assess:**
- **Detailed joint timeline**: Ask patients to keep a ""joint symptom calendar""—which joints hurt, for how long, when did symptoms shift
- Examine for **active synovitis**: warmth, swelling, effusion, limited range of motion (this patient had NONE—important!)
- Distinguish polyarthralgia from polyarthritis: Pain alone ≠ inflammation on exam
- Assess functional impact: Can patient make a fist? Walk? These preserved functions (as in this case) suggest arthralgia rather than destructive arthritis
- In SLE, even when arthritis develops, it remains **non-erosive**—plain radiographs show no bone damage (unlike RA)

---

### Finding: Recurrent Low-Grade Fever with Constitutional Symptoms

**What:** Fever in the 37.8–38.5°C range occurring 2–3 times weekly, accompanied by profound fatigue and unintentional weight loss (8 kg over 8 months). This pattern of chronic, recurrent fever with systemic symptoms is called a ""fever of undetermined origin"" in rheumatology context.

**Why it matters:**
- Fever is a **major SLE criterion** (any elevation ≥38.3°C)
- The pattern here—low-grade, recurrent, **not** daily high spiking fever—is characteristic of SLE flares
- This pattern rules AGAINST acute infection (which would typically be higher, more persistent) or malignancy (which usually causes daily fever)
- Weight loss + fever + anemia (Hgb 10.8) suggests systemic inflammatory disease, not just local joint disease
- Fatigue in SLE is often profound and disproportionate to objective findings—a source of significant patient morbidity often underestimated by clinicians

**How to assess:**","# RHEUMATOLOGY CASE TEACHING CONFERENCE

## PRIMARY DIAGNOSIS: Systemic Lupus Erythematosus (SLE)

---

## TEACHING POINTS

### Finding: Malar Rash (Butterfly Rash)

**What:** A symmetric erythematous rash distributed across the cheeks and nasal bridge, classically sparing the nasolabial folds. It's one of the most recognizable cutaneous manifestations of SLE and represents immune-mediated inflammation of the superficial dermis and epidermis.

**Why it matters:** The malar rash is a major criterion in both the ACR/EULAR SLE classification criteria and carries high specificity (~95%) for SLE when accompanied by other systemic features. It's essentially pathognomonic in context. The fact that this patient's rash *worsens with sunlight exposure* (photosensitivity) is particularly significant—UV radiation triggers or exacerbates lupus skin lesions through activation of apoptosis and immune complex deposition. This combination essentially rules out rheumatoid arthritis, polymyalgia rheumatica, and Lyme arthritis.

**How to assess it:** 
- **Clinical observation:** Document distribution, symmetry, and blanching. Distinguish from other facial erythemas (rosacea, seborrheic dermatitis, drug rash).
- **Photosensitivity history:** Explicitly ask about flares triggered by sun exposure—this strengthens the lupus diagnosis.
- **Biopsy (if atypical):** Direct immunofluorescence shows granular IgG/IgM/C3 deposits at the dermal-epidermal junction (lupus band test).

---

### Finding: Migratory Polyarthralgia WITHOUT Articular Swelling

**What:** Joint pain that sequentially affects different joints over days to weeks, with the notable absence of clinically detectable synovitis (no warmth, swelling, or effusion on exam despite pain complaints).

**Why it matters:** This is a classic SLE joint presentation and a major criterion in SLE classification. The *absence* of swelling is actually diagnostically important:
- **SLE:** Typically presents with non-erosive arthritis (though arthralgias without arthritis are common). Synovitis can be present histologically even without clinical swelling.
- **Rheumatoid Arthritis (RA):** Usually presents with *persistent* polyarthritis of small joints (MCPs, PIPs, wrists) with visible/palpable swelling and warmth. The morning stiffness here is absent, and there's no symmetric small-joint involvement—this argues *against* RA.
- **Lyme arthritis:** Typically monoarticular or oligoarticular, with the knee predominantly affected and notable swelling relative to pain.

The migratory nature (3-5 day cycles) is more typical of SLE than RA's persistent pattern.

**How to assess it:**
- **Detailed joint examination:** Palpate each joint carefully for warmth, swelling, and restricted range of motion. Document objective findings.
- **Serial examination:** If initial exam is equivocal, examine the patient again when they report active joint pain.
- **Ultrasound or MRI:** Can detect synovitis that's clinically occult (important for confirming inflammation when diagnosis is uncertain).
- **Temporal pattern:** Ask about the *duration* and *sequence* of joint involvement—migratory pattern supports lupus.

---

### Finding: Recurrent Low-Grade Fever with Systemic Symptoms

**What:** Temperature elevation of 37.8-38.5°C occurring 2-3 times weekly, associated with profound fatigue and unintentional weight loss (8 kg over 8 months). This pattern suggests chronic systemic inflammation rather than acute infection.

**Why it matters:** 
- Low-grade fever in SLE reflects systemic inflammation driven by immune dysregulation (elevated cytokines like TNF-α, IL-6).
- The **pattern is important:** Recurrent but not persistent high fevers, occurring without obvious infection (no leukocytosis, normal differential), suggests autoimmune disease rather than infection.
- Weight loss + fatigue + fever = systemic disease involvement. In SLE, this triad indicates active disease and potential organ involvement (constitutional symptoms are counted in activity indices).
- This finding argues *against* Lyme arthritis (typically acute if symp"
gen-006,bge,BAAI/bge-small-en-v1.5,http://purl.bioontology.org/ontology/AIR/DXSLE,early,Early incomplete SLE criteria,rich,"**PATIENT VIGNETTE**

**Chief Complaint:** Joint pain and rash

**History of Present Illness:**
A 28-year-old woman presents with a 6-week history of polyarticular joint pain, primarily affecting her hands, wrists, and knees. She describes morning stiffness lasting approximately 45 minutes. She also reports a photosensitive rash that appeared 4 weeks ago on her cheeks and across the bridge of her nose after sun exposure at the beach, which partially improved with sunscreen use.

She denies any recent infections, though she does report some fatigue and mild low-grade fevers (99.5-100.2°F) over the past 3 weeks. She has also noticed some hair loss when brushing over the last 2 weeks. She denies oral ulcers, chest pain, or shortness of breath.

**Pertinent Negatives:**
No Raynaud's phenomenon. No dry eyes or dry mouth. No photophobia.

**Physical Examination:**
- Vital signs: BP 118/76, HR 82, Temp 99.1°F
- Skin: Erythematous, blanching macular rash across bilateral cheeks and nasal bridge; no other skin lesions
- MSK: Swelling and tenderness over bilateral wrist joints, 2nd and 3rd MCPs, and bilateral knees; no synovitis in feet; full range of motion preserved in all joints
- Cardiopulmonary: Regular rate and rhythm, lungs clear
- Neurological: Grossly intact
- No lymphadenopathy or splenomegaly

**Laboratory Results:**
- ESR: 32 mm/hr
- CRP: 6.2 mg/L
- RF: negative
- Anti-CCP: negative
- ANA: 1:160, homogeneous pattern
- Anti-dsDNA: negative (pending repeat)
- Anti-Smith: negative
- C3: 98 mg/dL (normal 90-180)
- C4: 21 mg/dL (normal 20-40)
- CBC: Hgb 12.1 g/dL, WBC 6.2",2500,"# DIFFERENTIAL DIAGNOSIS CONSULTATION

## PRIMARY DIAGNOSIS: Systemic Lupus Erythematosus (SLE)
**Confidence:** High

**Supporting findings:**
- Classic malar rash (photosensitive, blanching, sparing nasolabial fold) appearing after sun exposure, a hallmark SLE manifestation
- Polyarticular arthritis affecting small joints (MCPs, wrists) and knees with morning stiffness >30 minutes, consistent with SLE arthritis
- Positive ANA 1:160 with homogeneous pattern in the appropriate clinical context (photosensitive rash + polyarthritis + systemic symptoms)

**Findings against:**
- None identified. All clinical and serological findings are entirely consistent with SLE.

---

## DIFFERENTIAL DIAGNOSIS:

1. **Rheumatoid Arthritis (8%)** — for: symmetrical polyarticular arthritis of small joints, morning stiffness, elevated inflammatory markers | against: negative RF and anti-CCP (both highly specific for RA), absence of typical RA distribution (feet spared), photosensitive rash incompatible with RA

2. **Drug-Induced Lupus (7%)** — for: positive ANA, arthritis, rash | against: no medication history documented, malar rash is uncommon in drug-induced lupus (usually involves sun-exposed areas diffusely), normal complement levels argue against active SLE but are typical for drug-induced lupus; however, absence of reported medication exposure makes this unlikely

3. **Sjögren's Syndrome (3%)** — for: positive ANA (can occur), systemic symptoms, fatigue | against: explicit denial of dry eyes and dry mouth (cardinal symptoms), no keratoconjunctivitis sicca or xerostomia findings, photosensitive malar rash not characteristic of Sjögren's alone

4. **Early Rheumatoid Arthritis with concurrent viral exanthem (2%)** — for: seronegative RA can present initially | against: photosensitive distribution of rash, homogeneous ANA pattern favors autoimmune connective tissue disease, timing of rash with sun exposure is pathognomonic for SLE

---

## REASONING:

This patient presents a textbook case of SLE based on fulfilling multiple ACR/EULAR classification criteria: (1) malar rash that is photosensitive and blanching—the most specific skin manifestation of SLE; (2) polyarticular arthritis affecting hands and knees with prolonged morning stiffness, characteristic of SLE rather than other arthritides; (3) systemic features including fatigue, low-grade fever, and alopecia spanning weeks; and (4) positive ANA with homogeneous pattern, a sensitive screening test for SLE.

The negative RF and anti-CCP powerfully exclude rheumatoid arthritis, which would otherwise be high on the differential for symmetric polyarticular arthritis. While anti-dsDNA and anti-Smith are negative (pending repeat), these are not required for SLE diagnosis—only 60-70% of SLE patients are anti-dsDNA positive, and anti-Smith is present in only 20-30%. The complement levels are currently normal, which does not exclude SLE; complement consumption becomes evident with active lupus nephritis or CNS involvement.

The photosensitive distribution of the rash after beach exposure is perhaps the single most discriminating finding, as this is almost pathognomonic for SLE and excludes alternative diagnoses like seronegative RA.

---

## NEXT STEP:

**Repeat anti-dsDNA antibody and request anti-Ro/SSA and anti-La/SSB antibodies**, with expectation that anti-dsDNA will likely return positive (confirming SLE diagnosis) and anti-Ro/SSA may be positive (present in ~60% of SLE, associated with photosensitivity and rash). Additionally, **obtain urinalysis with microscopy and urine protein-to-creatinine ratio** to screen for lupus nephritis (present in ~50% at diagnosis), which would inform prognosis and treatment intensity. If any proteinuria or hematuria is detected, proceed to renal biopsy to establish histological class.","PRIMARY DIAGNOSIS: Systemic Lupus Erythematosus (SLE)
Confidence: High
Supporting findings: (1) Malar rash with photosensitivity—a classic lupus manifestation appearing after documented sun exposure; (2) Polyarticular arthritis affecting hands, wrists, and knees with morning stiffness in a young woman; (3) ANA positive at 1:160 with homogeneous pattern, coupled with systemic symptoms (fever, fatigue, alopecia) and elevated inflammatory markers (ESR 32, CRP 6.2).
Findings against: Negative anti-dsDNA and anti-Smith antibodies (though these are not required for SLE diagnosis and anti-dsDNA is currently pending); C3 and C4 levels are at or near lower limit of normal rather than frankly depleted.

---

DIFFERENTIAL DIAGNOSIS:

1. Rheumatoid Arthritis (15%) — for: symmetric polyarticular arthritis with morning stiffness, elevated ESR/CRP | against: negative RF and anti-CCP (highly specific for seronegative RA, but less typical); absence of malar rash; no erosions on examination

2. Early Undifferentiated Connective Tissue Disease/UCTD (12%) — for: positive ANA with systemic symptoms and polyarthritis but incomplete serologic profile | against: classic malar rash is more specific for SLE; constitutional symptoms and multi-system involvement favor defined SLE

3. Drug-Induced Lupus (8%) — for: positive ANA and arthritis | against: no medication history provided; photosensitive malar rash is atypical for drug-induced lupus; anti-dsDNA usually negative (supports this but doesn't exclude SLE)

4. Acute Viral Arthritis/Parvovirus B19 (5%) — for: polyarthritis and systemic symptoms | against: malar photosensitive rash is not typical; persistent 6-week course with ongoing serologic abnormalities argues against acute viral etiology

---

REASONING:

This clinical presentation strongly favors SLE over the ontology-listed differential diagnoses. The patient presents with a **classic triad** for lupus: (1) malar photosensitive rash with documented temporal relationship to sun exposure, (2) polyarticular arthritis affecting small joints and wrists with morning stiffness in a young woman (peak SLE incidence), and (3) positive ANA with homogeneous pattern plus constitutional symptoms (fever, fatigue, alopecia). While RF/anti-CCP negativity initially suggests seronegative RA, the *pathognomonic malar rash* is absent in typical RA and essentially excludes it as primary diagnosis.

The negative anti-dsDNA and anti-Smith do not exclude SLE—these antibodies are present in only ~70% and ~25% of SLE cases respectively, and anti-dsDNA is currently pending. Complement levels (C3/C4) at lower limits of normal suggest possible early or mild complement activation, consistent with active SLE. The inflammatory markers (ESR 32) are elevated but not extreme, consistent with early lupus. Notably, Raynaud's phenomenon and sicca symptoms are absent, but these are not required for diagnosis. The 6-week timeline with progressive symptoms and documented photosensitivity strongly favor SLE over acute viral etiologies or drug-induced lupus.

---

NEXT STEP: 

**Repeat anti-dsDNA antibody testing** (or anti-dsDNA ELISA if Crithidia immunofluorescence used initially). This is the most specific test for SLE and would substantially increase diagnostic confidence if positive, supporting SLE over UCTD. Concurrently, obtain **urinalysis with microscopy and urine protein quantification** to assess for lupus nephritis, which would further support active SLE and guide treatment intensity. I would expect anti-dsDNA to be positive (supporting SLE) and urinalysis to show no hematuria or proteinuria (consistent with early disease without renal involvement).","# PRIMARY DIAGNOSIS: Systemic Lupus Erythematosus (SLE)

---

# TEACHING POINTS:

## Finding: Malar (Butterfly) Rash with Photosensitivity

**What:** A symmetric, erythematous, blanching macular rash distributed across the cheeks and nasal bridge, classically sparing the nasolabial folds. Photosensitivity means the rash is triggered or worsened by ultraviolet (UV) radiation exposure.

**Why it matters:** 
- The malar rash is one of the most iconic cutaneous manifestations of SLE and is a major ACR/EULAR classification criterion
- The photosensitive nature is particularly characteristic of lupus (though photosensitivity can occur in other autoimmune connective tissue diseases)
- This finding strongly narrows the differential toward SLE rather than seronegative rheumatoid arthritis or other rheumatologic conditions
- The fact that it **partially improved with sunscreen** supports true photosensitivity rather than coincidental rash

**How to assess:**
- Obtain a detailed **history of UV exposure timing** relative to rash onset
- Examine **distribution pattern** (does it spare nasolabial folds? Is it symmetric?)
- Perform **blanch testing** (apply pressure to confirm erythema blanches, indicating inflammation rather than fixed pigmentation)
- Note **associated symptoms** like burning or pruritus
- If diagnosis uncertain, consider **phototesting** (though rarely done in routine practice) or correlation with disease activity

---

## Finding: Polyarticular Arthritis with Morning Stiffness

**What:** Pain, swelling, and/or tenderness in multiple joints (in this case, bilaterally symmetric: wrists, MCPs, knees) with morning stiffness lasting ~45 minutes—the time the joints feel stiff upon waking before improving with activity.

**Why it matters:**
- **Symmetric polyarticular pattern** suggests systemic inflammatory arthritis, not mechanical joint disease
- **Morning stiffness >30 minutes** is a marker of inflammatory (not mechanical) arthritis
- In SLE, arthritis is typically **non-erosive and non-deforming** (unlike RA), which correlates with this patient's preserved range of motion
- The **RF and anti-CCP negativity** argue strongly *against* seropositive RA, making seronegative RA and SLE the main contenders
- The **joint distribution** (hands, wrists, knees) with sparing of feet is typical for both SLE and RA, but the seronegativity tips the scales toward SLE

**How to assess:**
- **Quantify morning stiffness duration** (ask ""How long after waking does your stiffness improve?"")
- **Perform joint examination systematically**: palpate for tenderness, assess for swelling (compare side-to-side), test active and passive range of motion
- **Assess for erosions** clinically (joint deformity) and by imaging (X-rays of hands/feet) to distinguish erosive (RA) from non-erosive (SLE) disease
- **Distinguish inflammatory from mechanical pain**: inflammatory arthritis typically improves with activity and anti-inflammatory drugs; mechanical worsens with activity
- Correlate with **inflammatory markers** (ESR, CRP) to confirm systemic inflammation

---

## Finding: ANA 1:160 with Homogeneous Pattern

**What:** The ANA (antinuclear antibody) test detects antibodies against nuclear antigens. The **titer (1:160)** indicates antibody concentration; higher titers (≥1:160) are more specific for autoimmune disease. The **homogeneous pattern** (also called diffuse pattern) reflects antibodies against histones and dsDNA, characteristically seen in SLE.

**Why it matters:**
- **ANA positivity is required for SLE diagnosis** (per ACR/EULAR 2019 criteria); ANA-negative SLE is rare (~5%)
- A **homogeneous pattern** is particularly suggestive of SLE (vs. other ANA patterns: speckled in Sjögren's/scleroderma, nucleolar in scleroderma, centromere in limited scleroderma)
- The **titer of 1:160 is moderately elevated** and considered clinically significant (low titers <1:","# RHEUMATOLOGY CASE CONSULTATION & TEACHING

## PRIMARY DIAGNOSIS: **Systemic Lupus Erythematosus (SLE)**

---

## TEACHING POINTS:

### Finding: Malar (Butterfly) Rash with Photosensitivity

**What:** A fixed, erythematous, blanching rash characteristically distributed across the cheeks and nasal bridge in a symmetric pattern that spares the nasolabial folds. Photosensitive means it worsens or appears following sun (UV) exposure.

**Why it matters:** 
- This is one of the most iconic and **pathognomonic features of SLE**, appearing in ~40-60% of SLE patients
- Photosensitivity is an ACR/EULAR classification criterion for SLE
- The temporal relationship to sun exposure (""appeared 4 weeks ago...after sun exposure at the beach"") is diagnostically valuable
- Negative in rheumatoid arthritis, gout, and ankylosing spondylitis (would argue strongly *against* these)
- Critical for distinguishing SLE from other polyarthritides that may present with morning stiffness and elevated inflammatory markers

**How to assess:**
- **Clinical examination:** Inspect for distribution (sparing nasolabial folds), note if blanching vs non-blanching
- **History:** Specifically ask about temporal relationship to sun exposure, improvement with sunscreen/protective measures
- **Photography:** Document at baseline for longitudinal comparison
- **Biopsy (if atypical):** Histology shows interface dermatitis with immune complex deposition; immunofluorescence shows IgA, IgG, IgM, C3 at dermal-epidermal junction (but not required for diagnosis if clinical presentation is classic)

---

### Finding: Polyarticular Arthritis with Morning Stiffness (45 minutes)

**What:** Simultaneous pain, swelling, and/or stiffness in multiple (>3) joints, lasting ≥45 minutes in the morning before improving with activity. In this case: bilateral wrists, 2nd-3rd MCPs, and knees.

**Why it matters:**
- Morning stiffness lasting >30 minutes is an ACR/EULAR criterion for SLE
- **Pattern recognition is crucial:** SLE typically presents with non-erosive, symmetric polyarthritis (classically MCPs, PIPs, wrists, knees) that mimics RA on presentation
- However, unlike RA: **SLE arthritis is typically non-erosive** (though this patient hasn't had imaging yet), and **RF/anti-CCP are negative** (strong SLE clue)
- The RF/anti-CCP negativity is a major distinguishing feature from RA
- Morning stiffness also seen in polymyalgia rheumatica, but that is a disease of patients >50 years; this 28-year-old with constitutional symptoms and rash points elsewhere

**How to assess:**
- **Timed stiffness:** Ask patient to report exact duration of morning stiffness
- **Joint examination:** Palpate for synovitis (warmth, swelling, tenderness), test active/passive range of motion
- **Imaging:** X-rays of hands/wrists to assess for erosions (absence favors SLE over RA). Ultrasound or MRI can detect early synovitis
- **Functional history:** Does stiffness improve with activity/warm shower? (Yes = inflammatory arthritis)

---

### Finding: ANA 1:160, Homogeneous Pattern

**What:** Antinuclear antibody test positive at a titer of 1:160 with homogeneous immunofluorescence pattern. This means autoantibodies are present that bind to multiple nuclear antigens diffusely throughout the nucleus.

**Why it matters:**
- ANA is **highly sensitive for SLE** (~98% of SLE patients are ANA+), making it an excellent screening test
- **Homogeneous pattern** is most commonly associated with anti-dsDNA and anti-Smith antibodies (both SLE-specific)
- However, ANA is **not specific** for SLE—positive ANA can occur in RA, Sjögren's, scleroderma, and other autoimmune diseases, even in ~5% of healthy individuals
- The **titer of 1:160 is moderately elevated** and warrants further evaluation
-"
gen-007,bge,BAAI/bge-small-en-v1.5,http://purl.bioontology.org/ontology/AIR/DXGT,classic,Classic acute podagra,rich,"# CASE VIGNETTE

**PRESENTING COMPLAINT:** ""My big toe is killing me – I can't even put a shoe on.""

**HISTORY OF PRESENTING ILLNESS:**

A 52-year-old male presents to the rheumatology clinic with a 4-day history of acute onset left first metatarsophalangeal (MTP) joint pain and swelling. He reports going to bed feeling completely well and waking at 3 AM with severe pain in the left big toe, described as ""the worst pain I've ever felt."" The joint has progressively worsened despite taking paracetamol. He denies any preceding trauma or injury.

The patient reports a similar episode 18 months ago affecting the same joint, which resolved spontaneously over 7-10 days. He has had no intervening joint symptoms. He is not on any regular medications. He works as a financial advisor and is largely sedentary. He reports consuming 4-5 pints of beer on most evenings and admits to a heavy meal of red meat and shellfish the evening before symptom onset.

**PHYSICAL EXAMINATION:**

General: Alert, visibly uncomfortable, limping
Vital signs: BP 148/92, HR 82 bpm, Temp 37.8°C
Left foot: Marked erythema, swelling, and warmth over the first MTP joint. The joint is notably tender to palpation with severe pain on any passive or active movement. Skin over the joint appears shiny. No tophi palpated. No other joints affected.
Remainder of musculoskeletal examination: Normal
General examination: Obese (BMI 32). No stigmata of chronic liver disease. No nodules.

**INVESTIGATIONS:**

Serum uric acid: 8.2 mg/dL (normal <6.0)
WBC: 13,200/μL
CRP: 18 mg/L
ESR: 28 mm/hr
Renal function: Creatinine 1.1 mg/dL (eGFR 72), normal electrolytes
LFTs: Normal, no evidence of hepatic dysfunction
Synovial fluid analysis (joint aspiration): 42,000 WBC/",2122,"# RHEUMATOLOGY CONSULTATION: DIFFERENTIAL DIAGNOSIS

## PRIMARY DIAGNOSIS: Acute Gout (Gouty Arthritis)
**Confidence: High**

**Supporting findings:**
- Acute monoarticular inflammation of the first MTP joint with severe pain of sudden nocturnal onset (classic presentation)
- Elevated serum uric acid (8.2 mg/dL) with multiple risk factors (heavy alcohol consumption, red meat/shellfish intake, obesity, male sex, sedentary lifestyle)
- Synovial fluid WBC count of 42,000/μL with inflammatory pattern consistent with crystal-induced arthritis

**Findings against:**
- None identified. Clinical presentation, risk profile, laboratory data, and inflammatory markers are all consistent with acute gout.

---

## DIFFERENTIAL DIAGNOSIS:

1. **Pseudogout/Calcium Pyrophosphate Deposition Disease (CPPD)** (8-10%) — for: acute monoarticular inflammation, elevated inflammatory markers, similar joint predilection in older patients | against: no history of polyarticular involvement, no radiographic evidence of chondrocalcinosis mentioned, first MTP less typical site than knees/wrists

2. **Acute Bacterial Septic Arthritis** (3-5%) — for: severe acute inflammation, elevated WBC and systemic markers (fever 37.8°C), synovial WBC >50,000 | against: monoarticular presentation without preceding trauma or constitutional symptoms, preserved renal function, normal LFTs, clinical improvement unlikely with paracetamol if truly septic

3. **Acute Rheumatoid Arthritis (Early Presentation)** (2-3%) — for: acute-onset inflammatory arthritis with elevated inflammatory markers | against: sudden nocturnal onset atypical for RA, monoarticular presentation (RA typically polyarticular), male with heavy alcohol use (demographic mismatch), previous self-limited episode 18 months prior (RA typically progressive)

---

## REASONING:

This is a classic presentation of acute gout triggered by recognizable precipitants. The sudden, severe, nocturnal onset of monoarticular inflammation in the first MTP joint is pathognomonic for gout; the patient's multiple risk factors (male sex, obesity, heavy alcohol consumption, dietary purines from red meat/shellfish) and elevated serum uric acid strongly support urate crystal deposition as the mechanism. The synovial fluid WBC of 42,000/μL falls within the typical range for crystal-induced arthritis (20,000–100,000) and, while overlapping with septic arthritis, is most consistent with gout given the clinical context. The history of an identical self-limited episode 18 months prior is a critical discriminator—recurrent attacks of the same joint with spontaneous resolution is the natural history of untreated gout. The absence of polyarticular involvement, tophi, or chronic joint damage argues against chronic tophaceous gout but does not exclude acute presentation.

---

## NEXT STEP:

**Examination of synovial fluid under polarized light microscopy for monosodium urate crystals.**

**Expected finding:** Intracellular needle-shaped, negatively birefringent monosodium urate crystals, which would definitively confirm the diagnosis of gout and represent the gold standard diagnostic criterion. This should be performed urgently before initiating NSAIDs or colchicine, as crystal identification is diagnostic and allows confident exclusion of septic arthritis.","# DIFFERENTIAL DIAGNOSIS ANALYSIS

**PRIMARY DIAGNOSIS: Gout (Acute Gouty Arthritis)**

**Confidence: High**

**Supporting findings:**
- Acute monoarticular arthritis of the first MTP joint (classic podagra) with sudden nocturnal onset and severe pain intensity
- Elevated serum uric acid (8.2 mg/dL, above the normal threshold of 6.0 mg/dL) in the context of risk factors (heavy alcohol consumption, purine-rich diet with red meat and shellfish the evening prior, obesity, sedentary lifestyle)
- Recurrent attack pattern with prior identical presentation 18 months ago affecting the same joint, which is highly characteristic of gout's episodic natural history

**Findings against:**
- None identified. The clinical presentation, laboratory findings, and recurrent pattern are entirely consistent with acute gout. No tophi were palpated, but their absence does not exclude gout, particularly in early/recurrent disease.

---

## DIFFERENTIAL DIAGNOSIS:

1. **Pseudogout (Calcium Pyrophosphate Deposition Disease)** (15%) — for: acute monoarticular arthritis of large joint; against: first MTP joint is atypical location (more commonly knee, wrist, shoulder); no chondrocalcinosis noted on imaging; no prior mention of polyarticular attacks

2. **Septic Arthritis** (8%) (requires urgent exclusion) — for: acute monoarthritis with marked inflammation, elevated WBC and CRP; against: no preceding trauma, fever only mild (37.8°C), no systemic toxicity, patient alert and cooperative, synovial WBC 42,000/μL is consistent with crystal arthropathy but not diagnostic of infection

3. **Rheumatoid Arthritis** (4%) — for: inflammatory arthritis with elevated acute phase reactants; against: monoarticular presentation (RA typically symmetric polyarthritis), acute sudden onset inconsistent with RA's insidious course, MCP/PIP/wrist joints spared, no mention of morning stiffness or RF/anti-CCP status

---

## REASONING:

The clinical presentation is archetypal for acute gouty arthritis. The patient exhibits the quintessential triad: (1) acute monoarticular arthritis of the first MTP joint with dramatic nocturnal onset and unbearable pain intensity; (2) established hyperuricemia (8.2 mg/dL) in the setting of well-recognized precipitants (heavy daily alcohol, purine-rich diet, obesity); and (3) **documented recurrence 18 months prior in the identical joint**, which is the single most discriminating feature—gout characteristically recurs in the same site. The inflammatory markers (WBC 13,200, CRP 18, ESR 28) reflect the acute phase response but are non-specific; the synovial fluid WBC of 42,000 is consistent with crystal-induced inflammation. While septic arthritis must be excluded given the acute presentation, the clinical context (no trauma, no systemic toxicity, gradual onset over 4 days rather than fulminant evolution) and the perfectly typical presentation for gout make this less likely. Pseudogout typically spares the first MTP joint. RA is ruled out by the acute monoarticular presentation and distribution.

---

## NEXT STEP:

**Synovial fluid crystal analysis (polarized light microscopy) showing intracellular, needle-shaped, negatively birefringent monosodium urate crystals** would definitively confirm gout and establish the diagnosis pathognomically. This is the gold standard discriminatory test and should be performed immediately on the aspirate already obtained. If crystals are identified as monosodium urate, gout is confirmed; if calcium pyrophosphate crystals are present instead, pseudogout would be diagnosed; if no crystals and cultures negative, septic arthritis is excluded.","# RHEUMATOLOGY TEACHING CONSULTATION

## PRIMARY DIAGNOSIS: **ACUTE GOUTY ARTHRITIS (Gout)**

---

## TEACHING POINTS

### Finding: **Acute Monoarticular Arthritis of the First MTP Joint**

**What:** 
Sudden-onset inflammation isolated to a single joint—in this case, the first metatarsophalangeal (MTP) joint of the foot. This joint is the articulation between the first metatarsal head and the proximal phalanx of the great toe, and is the most common site of acute gout attacks (~50% of first gout episodes, ~90% over the patient's lifetime).

**Why it matters:**
The first MTP joint is the *podagra* location—classically pathognomonic for gout. Why this site preferentially? Three reasons:
1. **Lowest temperature** of peripheral joints (coolest distal areas favor monosodium urate crystallization)
2. **Highest mechanical stress** during weight-bearing
3. **Highest local urate concentration** due to lower pH and temperature favoring crystal precipitation

Other inflammatory arthritides (RA, seronegative spondylarthropathy, SLE) typically spare the first MTP joint early; when they affect it, they're usually polyarticular and insidious. Septic arthritis *can* present monoarticular but would typically show higher fever and more severely elevated inflammatory markers relative to this patient's mild fever.

**How to assess:**
- **Clinical inspection:** Examine for erythema, swelling, warmth (all present here—classic for gout)
- **Palpation:** Assess for maximal tenderness at the MTP joint line itself
- **Range of motion:** Test both passive and active movement—gout patients guard fiercely due to exquisite pain (even light contact with bedclothes can be unbearable; this is called ""the bed sheet sign"")
- **Compare sides:** Unilateral involvement supports gout over polyarticular systemic disease
- **Examine other joints:** Systematic exam of other joints to confirm monoarticular presentation

---

### Finding: **Hyperuricemia (Serum Uric Acid 8.2 mg/dL)**

**What:**
Elevated serum uric acid concentration above the upper limit of normal (typically <6.0 mg/dL in most labs). This patient is 37% above the saturation threshold. Uric acid is the end product of purine metabolism in humans (unlike other mammals, we lack the enzyme uricase).

**Why it matters:**
Hyperuricemia is a *necessary but not sufficient* condition for gout. About 95% of patients with gout have documented hyperuricemia, either chronically or during attacks. However, many hyperuricemic individuals (3-10% of the general population in developed countries) *never* develop gout. The risk factors that push someone from hyperuricemia → acute gouty arthritis include:
- **Acute urate fluctuation** (crystal precipitation occurs when levels *drop*, not when they're chronically high—hence gout paradoxically worsens when starting allopurinol)
- **Local factors** at joints (pH, temperature, trauma)
- **Genetic predisposition** (polymorphisms in urate transporters)

The presence of hyperuricemia here strongly supports gout over other monoarthritides.

**How to assess:**
- **Measure serum uric acid** during the acute attack (remains elevated during acute phase, though can drop acutely after crystal shedding begins)
- **Recognize that normal uric acid does not exclude acute gout** (5-10% of acute gout attacks occur with normal serum uric acid, due to rapid shifts)
- **Consider 24-hour urine uric acid** to assess uric acid production vs. excretion (overproducers vs. underexcretors), though not needed for diagnosis
- **Understand your lab's reference range**—varies by sex and assay (men typically higher than women due to hormonal effects on renal urate handling)

---

### Finding: **Synovial Fluid Analysis: 42,000 WBC/μL with Needle-Shaped Monosodium Urate (MSU) Crystals**

**What:**
Joint aspiration and synovial fluid examination revealing:
1. **High WBC count** (42,000/μ","# RHEUMATOLOGY TEACHING CASE: ACUTE MONOARTHRITIS

## PRIMARY DIAGNOSIS: **ACUTE GOUTY ARTHRITIS (Gout)**

This patient presents with a textbook first attack of gout. The combination of acute monoarticular MTP-1 inflammation with hyperuricemia, appropriate provocative factors, and characteristic laboratory findings makes this diagnosis highly probable. Let me walk you through the key teaching points.

---

## TEACHING POINTS:

### Finding: **Nocturnal Onset of Acute Monoarthritis (MTP-1 Joint)**

**WHAT:** 
Sudden onset of severe pain and inflammation in a single joint—classically the first metatarsophalangeal joint—that awakens the patient from sleep. Gout typically strikes at 3 AM, often with explosive intensity. The *monoarticular* pattern (one joint affected, others spared) is a critical distinguishing feature from polyarticular arthritides.

**WHY IT MATTERS:**
- **Gout hallmark:** The MTP-1 joint is involved in ~50% of first gout attacks and ~90% of patients overall—this is called *podagra*
- **Nocturnal timing:** Lower intra-articular temperatures at night favor monosodium urate (MSU) crystal precipitation; also, urine output drops overnight (lower urinary urate excretion), raising serum urate
- **Single joint inflammation** effectively excludes symmetric polyarticular diseases (RA, SLE) and suggests crystal arthropathy or reactive monoarthritis
- A prior similar episode 18 months ago with spontaneous resolution is **classic for recurrent gout**—the ""gout signature""

**HOW TO ASSESS:**
- Obtain detailed timeline: When did pain start? Relation to sleep? Any trauma?
- Examine all joints systematically to confirm monoarticular involvement
- Inspect for characteristic findings: erythema, swelling, warmth, shiny skin appearance (due to inflammation and edema)
- Assess severity: Can the patient bear weight? Can they tolerate bedsheet contact? (Gout patients often report exquisite tenderness to even light touch)

---

### Finding: **Elevated Serum Uric Acid (8.2 mg/dL, normal <6.0)**

**WHAT:** 
Hyperuricemia is an elevated serum uric acid concentration above the saturation point (~6.8 mg/dL at body temperature, but typically using 6.0 mg/dL as the upper reference limit). Uric acid is the final product of purine metabolism; when supersaturated, it can crystallize as monosodium urate.

**WHY IT MATTERS:**
- **Necessary but not sufficient:** Hyperuricemia is a prerequisite for gout—you cannot have acute gout with *normal* serum urate (though paradoxically, urate may *drop* during an acute attack due to increased urinary excretion)
- **Diagnostic support:** An elevated uric acid in the context of acute podagra strongly supports crystal-induced arthritis
- **Excludes RA/viral arthritis:** Normal uric acid would not explain the clinical picture; elevated urate shifts probability dramatically toward gout
- **Quantifies risk:** Each mg/dL above 6.0 approximately doubles the risk of crystallization and gout attacks

**HOW TO ASSESS:**
- Measure serum urate in acute phase (noting it may be lowered by acute inflammation and diuresis)
- **Key teaching point:** Do NOT diagnose or exclude gout based solely on a single urate level—clinical context is paramount
- Check for secondary causes of hyperuricemia: renal insufficiency (eGFR <60), medications (diuretics, low-dose aspirin), high purine diet, alcohol excess, malignancy
- If gout confirmed, recheck urate *after* acute inflammation resolves (2-4 weeks) to establish baseline

---

### Finding: **Marked Erythema, Warmth, and Swelling Over MTP-1 with Shiny Skin**

**WHAT:** 
Visible signs of acute inflammation: erythema (redness) from vasodilation and increased blood flow; warmth from hypermetabolism and inflammation; swelling from exudative edema and synovitis; shiny/taut skin appearance from the tension of edema and inflammatory exudate."
gen-008,bge,BAAI/bge-small-en-v1.5,http://purl.bioontology.org/ontology/AIR/DXGT,atypical,Gout in atypical joint,rich,"**PATIENT VIGNETTE**

**Chief Complaint:** Right knee swelling and stiffness for 3 days

**History of Present Illness:**
A 68-year-old male presents with a 3-day history of progressive swelling and pain in the right knee. He reports the onset was subacute, beginning with mild discomfort that gradually worsened over 72 hours rather than the sudden onset he experienced with previous acute episodes. The pain is now 7/10 at rest and 8/10 with weight-bearing. He denies fever or chills. He reports a 15-year history of similar episodes, predominantly affecting the first metatarsophalangeal joint, but notes this current presentation is unusual as it only involves the large joint without any concurrent podagra.

**Past Medical History:**
Hypertension (on amlodipine), type 2 diabetes (on metformin), chronic kidney disease stage 3b (baseline creatinine 1.8 mg/dL). Previous episodes treated with colchicine and NSAIDs with good response. Never started on uric acid-lowering therapy. Last acute episode was 18 months ago.

**Physical Examination:**
Temperature 37.1°C. Right knee examination reveals significant effusion (ballottement positive), erythema over the patella region, and severe limitation of range of motion (flexion to 60 degrees). No warmth appreciated on palpation. No other joints involved. Remainder of musculoskeletal exam unremarkable.

**Laboratory Results:**
Serum uric acid: 4.2 mg/dL (normal range 3.5-7.2)
WBC: 11,200/μL
CRP: 18 mg/L (normal <10)
ESR: 22 mm/hr
Creatinine: 1.9 mg/dL
Synovial fluid analysis pending

**Imaging:**
Right knee X-ray: Small joint effusion, no chondrocalcinosis, no acute fracture.

**Clinical Question:**
What is your differential diagnosis and what would you do next?",2500,"# RHEUMATOLOGIC DIFFERENTIAL DIAGNOSIS CONSULTATION

## PRIMARY DIAGNOSIS: Acute Arthritis Secondary to CKD (Uremia-Related or Calcification-Associated)

**Confidence: Medium**

**Supporting findings:**
- Stage 3b CKD (Cr 1.9) with absent hyperuricemia (UA 4.2) despite 15-year gout history—atypical for recurrent gouty episodes
- Subacute onset over 72 hours with large joint involvement (knee) rather than classic podagra pattern, representing departure from established disease phenotype
- Elevated inflammatory markers (CRP 18, ESR 22) with absence of warmth on palpation, suggesting non-infectious inflammatory process

**Findings against:**
- No documented chondrocalcinosis on knee X-ray (though not specifically looked for on extremity radiographs)
- Lack of systemic symptoms or polyarticular involvement typical of uremia-associated arthropathy

---

## DIFFERENTIAL DIAGNOSIS:

1. **Acute Gout Attack** (35%) — for: 15-year history of gout with excellent response to colchicine/NSAIDs; knee monoarthritis can occur in established gout; elevated inflammatory markers | against: Normal serum uric acid (4.2 mg/dL) makes acute urate crystal deposition mechanistically unlikely; atypical pattern (isolated large joint without podagra); subacute onset less typical

2. **Acute Pseudogout (Calcium Pyrophosphate Deposition Disease)** (30%) — for: Large joint monoarthritis (knee classic site); age 68; CKD increases risk; acute inflammatory response with elevated CRP/ESR | against: No chondrocalcinosis visualized on radiograph; subacute 72-hour onset (pseudogout typically sudden); absence of warmth on palpation is atypical

3. **Septic Arthritis** (15%) — for: Significant effusion with ballottement; elevated WBC (11,200) and inflammatory markers | against: Afebrile (37.1°C); absence of warmth or severe warmth; low clinical suspicion given presentation; subacute timeline less consistent

4. **Reactive Arthritis/Post-infectious Inflammation** (12%) — for: Monoarticular knee involvement; inflammatory response; CKD patient may have altered immune response | against: No preceding infection, GI or GU symptoms, or systemic features; no other joint involvement

5. **Osteoarthritis with Inflammatory Flare** (8%) — for: Age 68; knee involvement | against: Acute presentation over 3 days; significantly elevated acute phase reactants; degree of effusion more suggestive of inflammatory arthritis

---

## REASONING:

This case presents a diagnostic challenge because the clinical history of ""gout"" is now being challenged by the absence of hyperuricemia despite CKD progression. Paradoxically, stage 3b CKD reduces renal uric acid excretion, yet this patient's serum uric acid is *normal* for the first time in 15 years—suggesting either improved adherence to dietary restriction, increased urinary losses from a different mechanism, or that previous diagnoses may have been incorrect. The **subacute onset with large-joint monoarthritis (knee) without concurrent podagra is a significant departure** from his established disease pattern, raising suspicion for a different crystal arthropathy or CKD-associated process.

The **absence of joint warmth is a crucial clinical finding** that argues against acute gout and pseudogout, which typically present with intense erythema and warmth. The normal uric acid level makes acute gout deposition biochemically implausible. Pseudogout remains in the differential given the age, CKD, and knee involvement, but the lack of radiographic chondrocalcinosis and subacute timeline weigh against it. Septic arthritis must be excluded given the effusion, though the afebrile status and lack of warmth make this less likely.

The most diagnostically rewarding direction is **synovial fluid analysis**, which will definitively identify or exclude crystal arthropathy and assess for infection.

---

## NEXT STEP: 

**Obtain synovial fluid analysis (cell count with differential, crystal identification under polarized light microscopy, Gram stain, culture, and glucose/LDH).**

**Expected findings that would support diagnosis:**
- **","# DIFFERENTIAL DIAGNOSIS ANALYSIS

## PRIMARY DIAGNOSIS: Intercritical Gout (Atypical Presentation)
**Confidence: Medium**

**Supporting findings:**
- 15-year history of recurrent monoarticular arthritis episodes, predominantly MTP1 (classic podagra pattern), highly suggestive of chronic gout
- Excellent prior response to colchicine and NSAIDs (pathognomonic for crystal-induced arthritis)
- Presentation as acute monoarticular arthritis with effusion, erythema, and significant inflammatory markers (CRP 18, ESR 22)

**Findings against:**
- Subacute onset over 72 hours rather than sudden overnight onset typical of acute gout attacks
- Serum uric acid is *normal* at 4.2 mg/dL (not elevated); in intercritical gout, uric acid is often—though not always—elevated or chronically high
- Absence of concurrent podagra despite 15-year history of predominantly MTP1 involvement; large joint monoarthritis is less typical than small joint polyarticular or sequential attacks

---

## DIFFERENTIAL DIAGNOSIS:

1. **Acute Crystal-Induced Arthritis—Pseudogout (CPPD)** (25%) 
   — *for:* Large joint involvement (knee), inflammatory synovial fluid expected, history of episodic monoarthritis | *against:* X-ray shows no chondrocalcinosis; long disease course (15 years) with MTP1 predominance atypical for CPPD

2. **Seronegative Rheumatoid Arthritis or Inflammatory Arthropathy** (20%)
   — *for:* Elevated inflammatory markers (CRP, ESR), significant synovial effusion, age appropriate | *against:* True monoarticular presentation (RA typically symmetric polyarthritis); excellent prior response to colchicine argues against RA; 15-year history of MTP1 episodes doesn't fit RA pattern

3. **Acute Bacterial Arthritis (Septic Knee)** (15%)
   — *for:* Monoarticular effusion with erythema, elevated WBC (11,200), fever-range temperature possible | *against:* Temperature only 37.1°C (afebrile); WBC only mildly elevated; no systemic toxicity reported; history of recurrent attacks responsive to NSAIDs/colchicine makes infectious etiology unlikely

4. **Polymyalgia Rheumatica (Atypical Monoarticular Variant)** (10%)
   — *for:* Age 68, elevated ESR 22 mm/hr, subacute onset | *against:* PMR presents with bilateral proximal girdle stiffness, not monoarticular knee; CRP/ESR elevation not proportionate to typical PMR; prior colchicine responsiveness inconsistent with PMR

5. **Knee Osteoarthritis with Acute Inflammatory Flare** (10%)
   — *for:* Age, large joint involvement, effusion | *against:* Acute 3-day onset with severe pain/erythema and high inflammatory markers atypical for OA flare; no imaging evidence of degenerative changes; history of recurrent episodic monoarthritis at MTP1 doesn't support primary OA

---

## REASONING:

This 68-year-old man with a compelling 15-year history of recurrent monoarticular attacks responsive to colchicine/NSAIDs almost certainly has chronic gout, yet this presentation introduces diagnostic complexity. While gout overwhelmingly accounts for his prior episodes, the current subacute onset, large joint involvement without concurrent podagra, and—most puzzlingly—a *normal* serum uric acid level raise the question of alternative diagnoses or atypical gout presentation.

The normal uric acid is the most confounding finding: it may reflect intercritical normalization (especially given CKD stage 3b, which impairs urate excretion and can be associated with unpredictable uric acid levels), or it may suggest a non-gouty etiology. Pseudogout (CPPD) becomes more relevant in large joint disease; however, absence of chondrocalcinosis on X-ray is against this, and his MTP1 predominance over 15 years is atypical","# RHEUMATOLOGY CONSULTATION: DIFFERENTIAL DIAGNOSIS AND TEACHING

## PRIMARY DIAGNOSIS: **Acute Gouty Arthritis (with atypical presentation)**

While the clinical history is highly suggestive of gout, the **normal serum uric acid level and monoarticular large joint involvement without podagra** warrant consideration of pseudogout and other crystal arthropathies. **However, the 15-year history of recurrent gout, excellent response to colchicine/NSAIDs, and subacute-to-acute presentation most strongly support gout as the primary diagnosis.** The synovial fluid analysis will be diagnostic.

---

## TEACHING POINTS:

### **Finding: 15-Year History of Recurrent Monoarticular Arthritis with Excellent Response to Colchicine/NSAIDs**

**What:** A longitudinal pattern of acute, episodic inflammation affecting single joints over many years, with documented response to colchicine and NSAIDs, is pathognomonic for crystal-induced arthritis. This represents recurrent acute gout flares with intercritical periods of quiescence.

**Why it matters:** This history is the **single most valuable clinical clue** suggesting gout over other causes of acute arthritis. The dramatic response to colchicine is particularly specific—colchicine disrupts microtubule formation and blocks neutrophil migration into the joint space, making it highly selective for crystal-induced inflammation. Few other conditions respond this predictably. This past behavior creates a strong prior probability that the current episode represents a recurrence of the same disease.

**How to assess it:** When taking the history, ask targeted questions:
- How many prior episodes? Which joints involved?
- What drugs were given and what was the response timeline (hours vs. days)?
- Were there completely symptom-free periods between attacks?
- Document the *exact* medication names and doses used (especially whether colchicine was used, and at what dose)
- Establish the baseline between attacks—does the joint fully recover?

---

### **Finding: Normal/Low-Normal Serum Uric Acid (4.2 mg/dL)**

**What:** A serum uric acid level within or at the lower end of the normal reference range (3.5–7.2 mg/dL) in the setting of an acute joint flare.

**Why it matters:** This is a **critical teaching moment**. Many students and clinicians incorrectly believe that gout *requires* hyperuricemia to be present at the time of diagnosis. **This is false.** Serum uric acid can be low during an acute flare for several reasons:
- **Acute phase drop:** Inflammatory mediators (IL-6, TNF-α) upregulate renal urate excretion during the acute phase
- **CKD and diuretics:** This patient has stage 3b CKD, which impairs urate excretion yet may not result in marked hyperuricemia if other factors (diet, medications) are favorable
- **Timing of measurement:** A single uric acid level reflects only that moment; the patient may have been hyperuric when the flare began
- **Recent NSAID use:** NSAIDs can acutely lower serum uric acid

Importantly, gout is a disease of **monosodium urate crystal deposition in tissues**, not simply elevated serum urate. A history of hyperuricemia is more relevant than the current serum level.

**How to assess it:**
- Measure uric acid **outside the acute flare** (at least 2–4 weeks after resolution) to assess the patient's typical level
- Ask the patient: ""Has your uric acid ever been checked when your joint was not inflamed?""
- Review prior laboratory results if available
- Do not rely on a single low-normal value to exclude gout

---

### **Finding: Subacute Onset (72 hours) vs. Typical Acute Gout (Hours)**

**What:** Progressive worsening over 3 days rather than the dramatic overnight onset (""woke up with a red, swollen foot"") that characterizes classic gout.

**Why it matters:** Classic gout typically has **sudden onset over hours** (often overnight), reaches peak severity within 12–24 hours, and is exquisitely painful and tender. This patient describes a *subacute* progression—mild discomfort evolving over 72 hours. This is **atypical but not incompatible","# RHEUMATOLOGY CONSULTATION: RIGHT KNEE MONOARTHRITIS IN ELDERLY MALE

## PRIMARY DIAGNOSIS: **Acute Gout with Atypical Presentation (Large Joint Gout)**

---

## TEACHING POINTS:

### Finding: Subacute Onset (72 hours) Rather Than Sudden Onset

**What:** Gradual escalation of symptoms over 3 days rather than fulminant onset within hours. Classical gout typically wakes a patient at 2 AM with maximal pain within 24-48 hours; this patient describes progressive worsening.

**Why it matters:** 
- Gout *can* present subacutely, especially in elderly patients and those with chronic kidney disease (CKD)
- Slower kinetics reflect: (1) lower monosodium urate (MSU) crystal burden, (2) impaired inflammatory response (common in elderly), (3) previous joint involvement that predisposes to recurrent episodes
- However, this *widens* the differential—polymyalgia rheumatica, early septic arthritis, and reactive arthritis must be considered
- The patient's *history* of 15 years of acute podagra strongly anchors gout as the baseline diagnosis

**How to assess:** 
- Obtain detailed timeline: ""Exactly when did you first notice swelling? Did it hurt when you woke that morning?""
- Ask about previous episode kinetics: ""How fast did your big toe flare up in the past?""
- Document any prodromal symptoms (dietary changes, dehydration, medication changes, recent illness)

---

### Finding: Large Joint Involvement (Knee) Without Concurrent Podagra

**What:** Acute monoarthritis of the knee in a patient with a long history of first metatarsophalangeal (MTP-1) joint attacks, notably *without* simultaneous podagra.

**Why it matters:**
- **Supports gout:** Large joint gout occurs in ~10% of gout flares and becomes more common with:
  - Advanced age (>60 years)
  - Chronic kidney disease (this patient has CKD 3b)
  - Long disease duration (15 years)
  - Tophaceous disease (even without proven biopsy)
  - Polyarticular disease evolution
- **Atypical pattern warning:** Some conditions preferentially affect larger joints:
  - Pseudogout (calcium pyrophosphate dihydrate [CPPD]) favors knees, wrists, shoulders
  - Septic arthritis can present in any joint
  - Reactive arthritis (post-GI/GU infection)
  - Seronegative spondyloarthropathy
- The patient's *isolated podagra history* actually increases risk for large joint gout later (reflects chronic hyperuricemia with cumulative MSU deposition)

**How to assess:**
- Ask: ""In previous attacks, did pain ever occur in knees, ankles, elbows, or wrists? Or only the big toe?""
- Inspect for tophi (firm, nodular deposits on ears, fingers, elbows, Achilles tendons)
- Review imaging for chondrocalcinosis (favors CPPD) or erosions with ""punched-out"" appearance (suggests chronic gout)
- Palpate for asymmetric swelling of other joints (polyarticular pattern shifts diagnosis)

---

### Finding: Serum Uric Acid 4.2 mg/dL (Low-Normal)

**What:** Serum urate concentration at lower end of ""normal"" range during an acute inflammatory arthritis.

**Why it matters:**
- **Paradoxically, this SUPPORTS acute gout, not against it:**
  - During an acute flare, uric acid often *drops* due to:
    - Increased renal clearance from inflammatory cytokines (IL-6, TNF-α)
    - Mobilization of MSU crystals from tissues into synovial fluid (depleting serum urate)
    - Uricosuric effect of NSAIDs (if patient took them recently)
  - **Critical teaching point:** Never dismiss gout because serum urate is ""normal"" during an acute episode. Many attacks occur when urate is 4–6 mg/dL.
- **However, this is also why:** The patient was never started on uric-lowering therapy—"
gen-009,bge,BAAI/bge-small-en-v1.5,http://purl.bioontology.org/ontology/AIR/DXGT,early,"First episode, uric acid borderline",rich,"**CHIEF COMPLAINT**
Left big toe pain for 2 days

**HISTORY OF PRESENT ILLNESS**
47-year-old male presents with acute-onset pain and swelling of the left first metatarsophalangeal joint beginning 2 days ago. He describes the pain as severe, 8/10, worse with walking and any pressure to the joint. He denies recent trauma but recalls eating a large seafood dinner 3 days ago. No fever, chills, or systemic symptoms. He has not experienced similar episodes previously. He took ibuprofen 400mg yesterday which provided minimal relief.

**PAST MEDICAL HISTORY**
Hypertension (on lisinopril 10mg daily), hyperlipidemia (on atorvastatin 20mg daily), obesity (BMI 31)

**SOCIAL HISTORY**
Works in finance, sedentary job. Drinks alcohol 5-6 units weekly. No recent travel.

**EXAMINATION**
Left first MTP joint: marked erythema, warmth, and tender swelling. Range of motion limited by pain. No other joints involved at this time. No tophi, nodules, or other skin findings. No significant lymphadenopathy. Temperature 37.1°C.

**INVESTIGATIONS**
- WBC: 11.2 × 10⁹/L
- CRP: 34 mg/L
- ESR: 18 mm/hr
- Serum urate: 5.8 mg/dL (348 μmol/L)
- Creatinine: 0.95 mg/dL
- Joint aspiration not yet performed

**ASSESSMENT**
47-year-old male with acute monoarticular arthritis of the left first MTP joint. Differential diagnosis includes crystal arthropathy versus early reactive arthritis. Serum urate level currently normal. Awaiting synovial fluid analysis.",1654,"# RHEUMATOLOGIC DIFFERENTIAL DIAGNOSIS

**PRIMARY DIAGNOSIS: Acute Gout**
**Confidence: High**

**Supporting findings:**
- Classic presentation of sudden-onset monoarticular arthritis affecting the first MTP joint (pathognomonic for gout)
- Severe inflammatory signs: marked erythema, warmth, and swelling with significant pain (8/10) and functional limitation
- Clear temporal relationship to purine-rich meal (seafood dinner 3 days prior, symptom onset 2 days ago—typical 24-48 hour lag)

**Findings against:**
- Serum urate currently normal at 5.8 mg/dL; however, urate can normalize acutely during an attack due to consumption by inflammatory response, and a single measurement does not exclude gout
- No prior gout history (though first presentation is possible given risk factors: age, male, hypertension, obesity, hyperlipidemia)

---

## DIFFERENTIAL DIAGNOSIS:

1. **Acute Gout (70%)** — for: First MTP monoarthritis, post-purine meal timing, marked erythema/warmth, severe acute inflammation | against: Normal serum urate (though not excluded during acute attack)

2. **Septic Arthritis (15%)** — for: Severe monoarticular inflammation, elevated WBC and CRP | against: Afebrile (37.1°C), no systemic toxicity, no clear source of bacteremia, rapid response unlikely without antibiotics

3. **Reactive Arthritis (10%)** — for: Acute monoarthritis, elevated inflammatory markers, male gender | against: No preceding GI/GU symptoms, no mucocutaneous findings, no other joint involvement (reactive arthritis often polyarticular)

4. **Pseudogout (CPPD arthritis) (5%)** — for: Acute monoarticular arthritis in older adult with metabolic disease | against: First MTP joint involvement is atypical for pseudogout (typically knee, wrist); post-purine dietary trigger less characteristic

---

## REASONING:

The clinical presentation is highly characteristic of acute gout: sudden monoarticular arthritis of the first MTP joint in a middle-aged male with multiple risk factors (hypertension, hyperlipidemia, obesity) preceded by a purine-rich meal. The marked inflammatory response (erythema, warmth, elevated acute phase reactants: CRP 34, WBC 11.2) fits the acute crystal-induced inflammatory cascade. While the normal serum urate appears discordant, it is a known phenomenon during acute gout attacks when urate is consumed in the inflammatory process; a single level does not exclude the diagnosis. The afebrile status, lack of systemic symptoms, and isolated monoarticular involvement make septic arthritis less likely, though it remains on the differential. Reactive arthritis typically presents with polyarticular involvement and preceding infection symptoms. Pseudogout is possible but less likely given the first MTP location and dietary trigger.

---

## NEXT STEP:

**Synovial fluid analysis via arthrocentesis of the left first MTP joint.**

**Expected findings supporting gout:**
- Intracellular needle-shaped monosodium urate monohydrate crystals (negatively birefringent under polarized light microscopy)
- WBC count 5,000–50,000/μL with predominant neutrophils
- Culture negative (to exclude infection)

This is the definitive diagnostic test and will immediately confirm crystal-induced arthropathy versus infection, guiding therapy (colchicine/NSAIDs vs. antibiotics). It should not be delayed.","# DIFFERENTIAL DIAGNOSIS ANALYSIS

**PRIMARY DIAGNOSIS:** Acute Gout (First Presentation)
**Confidence:** High

**Supporting findings:**
1. Classic presentation: acute monoarticular arthritis of first MTP joint (podagra) with severe pain, erythema, warmth, and swelling in a middle-aged male with metabolic risk factors
2. Temporal relationship to dietary trigger: large seafood dinner 3 days ago (high purine content) immediately preceding symptom onset 2 days later
3. Acute inflammatory response: elevated WBC (11.2), CRP (34 mg/L), and ESR (18 mm/hr) consistent with crystal-induced inflammation

**Findings against:**
1. Serum urate currently normal at 5.8 mg/dL—however, this does NOT exclude acute gout, as urate levels often normalize during acute flares due to rapid crystal precipitation into joints; moreover, this single measurement may not represent the patient's baseline chronic hyperuricemia
2. No tophi or prior gout history—but first presentation of gout can occur in this age group, and tophi develop only after recurrent episodes over years

---

## DIFFERENTIAL DIAGNOSIS:

1. **Acute Gout** (75%) — *for:* Classic podagra presentation + dietary trigger + acute inflammation markers | *against:* Normal serum urate at presentation (non-specific timing)

2. **Pseudogout (Calcium Pyrophosphate Deposition Disease)** (15%) — *for:* Acute monoarticular arthritis with similar inflammatory response + first MTP can be affected | *against:* Typically affects older patients, knee involvement more common; no chondrocalcinosis noted on imaging; no prior episodes

3. **Bacterial Septic Arthritis** (7%) — *for:* Monoarticular, marked swelling/erythema, elevated inflammatory markers | *against:* Afebrile (37.1°C), no systemic symptoms, no significant trauma history, normal creatinine suggests preserved renal clearance

4. **Reactive Arthritis (Post-infectious)** (3%) — *for:* Acute onset monoarthritis | *against:* No preceding GI or GU symptoms within 2-4 weeks prior, no ocular/mucocutaneous findings, isolated joint involvement without systemic features

---

## REASONING:

The clinical presentation is highly characteristic of acute gout: acute-onset severe monoarticular arthritis affecting the first MTP joint (podagra—the pathognomonic site) with prominent erythema, warmth, and swelling in a 47-year-old male with multiple gout risk factors (hypertension, hyperlipidemia, obesity, sedentary lifestyle, regular alcohol consumption). The temporal relationship to purine-rich seafood consumption 3 days prior is a classic trigger. The acute inflammatory response (elevated WBC, CRP, ESR) is consistent with monosodium urate crystal-induced synovitis. 

Critically, the normal serum urate level does not exclude gout—during acute flares, rapid precipitation of urate crystals into the joint lowers serum levels, and a single ""normal"" measurement may reflect this acute shift rather than true normouricemia. The patient's chronic hyperuricemia predisposing to gout likely persists. The absence of prior episodes and tophi simply indicates this is a first presentation, which occurs regularly in this demographic. Septic arthritis remains on the differential given monoarticular involvement with significant inflammation, but the afebrile status and lack of systemic toxicity strongly argue against infection.

---

## NEXT STEP:

**Synovial fluid analysis via arthrocentesis of the left first MTP joint** — specifically looking for **intracellular, needle-shaped, negatively birefringent monosodium urate crystals** under compensated polarized light microscopy. This is the gold standard for gout diagnosis and would confirm the diagnosis definitively. A negative result would necessitate consideration of pseudogout (looking for rhomboid calcium pyrophosphate crystals) or bacterial culture/gram stain if septic arthritis remains suspected.","# PRIMARY DIAGNOSIS: Acute Gouty Arthritis (Gout)

---

## TEACHING POINTS:

### Finding: Acute Monoarticular Arthritis of the First Metatarsophalangeal Joint

**What:** Inflammatory arthritis affecting a single joint, classically the hallux MTP joint—the most common initial site in gout, accounting for 50-80% of first attacks. This joint bears significant mechanical stress and has lower intra-articular temperature, favoring monosodium urate crystal precipitation.

**Why it matters:** The first MTP joint is *pathognomonic* for gout's initial presentation. This specific distribution strongly narrows the differential toward crystal arthropathy rather than systemic inflammatory diseases (RA typically starts in small hand joints) or reactive arthritis (which favors lower extremity large joints in polyarticular pattern, not isolated hallux). No polyarticular involvement at onset makes rheumatoid arthritis unlikely.

**How to assess:** 
- Careful joint inspection and palpation for warmth, erythema, and swelling
- Assess range of motion (passive and active) and pain with specific movements (especially dorsiflexion of the great toe)
- Document unilateral vs. bilateral involvement
- Examine other joints (hands, feet, knees) to exclude polyarticular disease

---

### Finding: Rapid Onset (Over Hours to 2 Days) with Severe Pain

**What:** Sudden development of severe inflammatory symptoms, typically reaching peak intensity within 24-48 hours. Patients often report waking with pain or noticing rapid progression from first symptom to maximal inflammation.

**Why it matters:** This *explosive* onset is characteristic of crystal-induced arthritis (gout or pseudogout), which triggers immediate innate immune activation via NLRP3 inflammasome. By contrast, reactive arthritis develops gradually over 1-3 weeks post-inciting infection; seronegative spondyloarthropathies and RA typically evolve over days to weeks with prodromal symptoms. Rapid onset strongly favors gout.

**How to assess:**
- Obtain precise timeline from patient: ""Exactly when did you first notice symptoms?""
- Ask about pain trajectory: constant vs. intermittent, worsening or stable
- Determine if patient could bear weight or walk on day 1 vs. now
- Document whether NSAIDs (often poorly effective in gout initially) helped or didn't

---

### Finding: Marked Erythema and Warmth

**What:** Visible redness and palpable heat over the affected joint, indicating intense local inflammatory response with increased blood flow and vasodilation.

**Why it matters:** While erythema occurs in many arthritides, the *degree* is telling. Gout produces striking erythema that can extend beyond the joint capsule and mimic cellulitis—so severe that early gout is sometimes misdiagnosed as infection. The warmth reflects acute inflammatory cytokine release (IL-1β, IL-6, TNF-α) triggered by needle-shaped monosodium urate crystals activating resident macrophages. This intense local inflammation is relatively non-specific but expected in crystal arthritis; absence of systemic signs (fever, lymphadenopathy) argues against infection or systemic disease.

**How to assess:**
- Visually compare affected joint to contralateral side and other joints
- Palpate joint for warmth; assess if erythema blanches with pressure (suggests vasodilation vs. true cellulitis)
- Examine surrounding skin for streaking, fluctuance, or systemic signs of infection
- Note: in gout, erythema may be dramatic despite afebrile status and normal vital signs

---

### Finding: Elevated Inflammatory Markers (CRP 34 mg/L, ESR 18 mm/hr, WBC 11.2)

**What:** Laboratory evidence of acute systemic inflammation—CRP is an acute-phase reactant synthesized by hepatocytes within hours of IL-6 stimulation; ESR reflects protein-mediated red blood cell sedimentation; WBC elevation indicates neutrophilic response.

**Why it matters:** Confirms that acute inflammatory process is genuinely present (not a false alarm), but is *non-specific*—elevated in any acute arthritis (gout, RA, infection, reactive arthritis, etc.). The magnitude is important: CRP >30 and ESR >15 are consistent with acute crystal arthritis but","# PRIMARY DIAGNOSIS: Acute Gout (Gouty Arthritis)

---

## TEACHING POINTS:

### Finding: Acute Monoarticular Arthritis of the First MTP Joint (Podagra)

**What:** This is inflammation affecting a single joint—specifically the first metatarsophalangeal joint of the great toe. ""Podagra"" is the classic term for gout affecting this anatomic site. The joint shows signs of acute inflammation: erythema, warmth, swelling, and severe pain disproportionate to the degree of swelling.

**Why it matters:** The first MTP joint is the *most common site* for gout's initial presentation (affects ~90% of gout patients at some point, and ~50% present with podagra as their first attack). This anatomic predilection is due to:
- Lower temperature at the peripheral joint (urate crystals precipitate better in cooler environments)
- Frequent microtrauma during walking/pressure
- Relatively lower pH in synovial fluid at this site
- Repeated minor mechanical stress

While other monoarticular arthritides can affect this joint (pseudogout, septic arthritis, early RA), the combination of first MTP involvement + acute presentation is highly specific for gout.

**How to assess:** 
- Palpate for warmth, erythema, and swelling specifically at the MTP joint line
- Test passive range of motion (severe pain with dorsiflexion is typical)
- Document the distribution pattern—monoarticular vs. polyarticular
- Perform careful examination of other joints (ankles, knees, wrists) to detect polyarticular involvement
- Look for tophi (though absent in first attacks) and prior joint damage

---

### Finding: Recent High-Purine Meal (Seafood Dinner)

**What:** Consumption of foods rich in purines—nucleoproteins that metabolize to uric acid. Seafood (shellfish, fish), red meat, organ meats, and alcohol are classic triggers that increase serum urate and precipitate acute flares in susceptible individuals.

**Why it matters:** This is a classic *trigger* for acute gout attacks in patients with hyperuricemia or borderline urate levels. The temporal relationship (3 days prior to symptom onset) fits the typical timeline for an acute flare. This triggers a critical teaching point:
- **Acute attacks can occur at ANY serum urate level**, including normal levels, because attacks are triggered by *crystal shedding* from tophi or joint surfaces when urate becomes supersaturated locally
- A normal serum urate (as in this case: 5.8 mg/dL) does **NOT** exclude gout
- The serum urate level at the time of acute attack is often misleading because the acute inflammatory response itself can lower serum urate

**How to assess:**
- Take a detailed dietary history specifically asking about trigger foods
- Ask about alcohol consumption (especially beer, which combines purines + ethanol)
- Note the temporal relationship between trigger exposure and symptom onset (typically 24-72 hours)
- Recognize this as supporting evidence but acknowledge it's not diagnostic

---

### Finding: Severe Pain (8/10) with Minimal Response to NSAIDs

**What:** The patient reports severe pain out of proportion to the degree of visible swelling, and notably *inadequate response* to a standard anti-inflammatory dose of ibuprofen (400mg) after 24 hours.

**Why it matters:** Gout is notorious for producing *exquisite pain*—acute attacks are among the most painful acute inflammatory conditions in medicine. Students are often surprised by how severe the pain is relative to the modest swelling visible on exam. This disproportionate pain reflects:
- Intense acute inflammatory cascade triggered by monosodium urate (MSU) crystals activating the NLRP3 inflammasome
- High concentration of prostaglandins and cytokines (IL-1β, TNF-α, IL-6, IL-8)
- Heightened nociceptor sensitivity

The poor response to a modest NSAID dose is important: gout attacks typically require *higher doses* of NSAIDs (e.g., indomethacin 50mg TID) or colchicine/corticosteroids to control effectively. A single 400mg dose is often insufficient.

**How to assess:**
- Use a pain scale consistently
- Ask specifically about analgesic requirements and response"
gen-010,bge,BAAI/bge-small-en-v1.5,http://purl.bioontology.org/ontology/AIR/DXPSO,classic,Classic PsA with skin disease,rich,"**PATIENT VIGNETTE**

**Chief Complaint:** ""My hands and feet have been swelling and hurting for the past 4 months, and my skin has gotten worse.""

**History of Present Illness:**
A 42-year-old male presents with a 4-month history of progressive polyarticular joint pain and swelling. He reports onset in the third and fourth digits of both hands, with subsequent involvement of the feet, knees, and lower back. The pattern was asymmetric initially but has become more symmetric. Morning stiffness lasts approximately 90 minutes. He describes the joints as warm, swollen, and tender, with difficulty gripping and walking. Pain is worse in the mornings and improves somewhat with activity.

Notably, the patient reports a long-standing history of psoriasis, initially presenting 8 years ago as scalp involvement, with recent progression to involve the extensor surfaces of both elbows and knees. He denies recent psoriasis flare, though he notes his skin lesions remain active.

He denies photosensitivity, oral ulcers, dry eyes, or dry mouth. No recent infections. No chest pain or shortness of breath.

**Physical Examination:**
- General: Well-appearing, no distress
- Skin: Erythematous, scaly plaques on scalp, bilateral elbows, and knees. No nail pitting or onycholysis noted
- MSK: Swelling and tenderness over PIP joints (bilateral 2nd-4th digits), MCP joints (bilateral), wrists (bilateral), and both knees. Mild swelling of bilateral ankles. Reduced spinal flexion. **Dactylitis noted in the left third digit.** No joint deformities. Normal hand grip strength bilaterally
- Remainder of exam unremarkable

**Laboratory Findings:**
- ESR: 38 mm/hr
- CRP: 12.4 mg/L
- RF: negative
- Anti-CCP: negative
- ANA: negative
- HLA-B27: positive
- CBC: Normal
- Comprehensive metabolic panel: Normal

**Imaging:**
Hand radiographs show soft tissue swelling without erosions or juxta-articular osteop",2500,"# STRUCTURED DIFFERENTIAL DIAGNOSIS

**PRIMARY DIAGNOSIS: Psoriatic Arthritis (PsA)**

**Confidence:** High

**Supporting findings:**
1. Long-standing psoriasis (8 years) with active skin involvement preceding joint symptoms by years—establishing the key temporal relationship for PsA diagnosis
2. Asymmetric-to-symmetric polyarticular pattern involving PIPs, MCPs, wrists, and knees with morning stiffness ~90 minutes, consistent with PsA's inflammatory phenotype
3. **Dactylitis of the left third digit**—a hallmark pathognomonic sign of PsA that is present in 40-50% of PsA patients and rarely seen in other rheumatic conditions; this finding is highly discriminatory

**Findings against:** None identified—the clinical presentation is classic for PsA

---

## DIFFERENTIAL DIAGNOSIS:

1. **Rheumatoid Arthritis (RA)** (15%) — for: symmetric polyarticular pattern, elevated inflammatory markers, morning stiffness | against: negative RF and anti-CCP antibodies (highly sensitive for RA), presence of dactylitis (not typical of RA), active psoriasis predating arthritis

2. **Ankylosing Spondylitis (AS)** (8%) — for: HLA-B27 positive, reduced spinal flexion, lower back involvement | against: primarily axial skeleton predominance expected; polyarticular hand involvement with symmetric pattern and dactylitis not typical; no inflammatory back pain characteristics described

3. **Systemic Lupus Erythematosus (SLE)** (5%) — for: polyarticular involvement, elevated inflammatory markers | against: negative ANA (>95% sensitive for SLE), denies photosensitivity and oral ulcers, no rash compatible with SLE, male gender (90% female predominance)

---

## REASONING:

This 42-year-old male presents with the classic triad for PsA diagnosis: pre-existing psoriasis of 8 years duration, new-onset inflammatory polyarthritis with symmetric distribution, and critically—**dactylitis**, which is a pathognomonic clinical finding highly specific to PsA and spondyloarthropathies. The negative RF and anti-CCP antibodies effectively exclude seronegative RA, as the combination of these markers are >98% sensitive for RA when both tests are negative in this inflammatory arthritis context. The HLA-B27 positivity, reduced spinal flexion, and lower back involvement fit the spondyloarthropathy phenotype (PsA is classified within this family), but the predominant polyarticular peripheral pattern with dactylitis is far more consistent with PsA than axial-predominant AS. The elevated ESR (38) and CRP (12.4) confirm active inflammation, and the absence of systemic features (negative ANA, no serositis, no photosensitivity) excludes SLE. The temporal sequence of psoriasis preceding arthritis by years, the specific joint distribution, and especially the dactylitis make PsA the overwhelming clinical front-runner.

---

## NEXT STEP:

**Obtain MRI of the hands and wrists** to evaluate for:
- **Periostitis and enthesitis** (inflammation at tendon insertions in the fingers)
- **Tenosynovitis** (explaining dactylitis mechanism beyond joint swelling)
- **Bone marrow edema** in the carpal and metacarpal bones

**Expected findings consistent with PsA:** Evidence of tenosynovitis at the flexor tendon sheaths, periostitis at phalangeal bases, and potentially early periarticular edema. These imaging signatures, combined with the clinical dactylitis, would virtually confirm PsA diagnosis and would guide immediate initiation of DMARDs or biologic therapy.

*Alternative confirmatory approach:* If MRI unavailable, proceed directly to dermatology assessment for confirmation of psoriasis diagnosis (including nail involvement assessment for pitting or onycholysis, which would further strengthen PsA likelihood) and initiate anti-TNF biologic therapy empirically, as the clinical diagnosis of PsA is already high confidence based on the dactylitis finding alone.","# DIFFERENTIAL DIAGNOSIS ANALYSIS

**PRIMARY DIAGNOSIS: Psoriatic Arthritis (PsA)**

**Confidence: High**

**Supporting findings:**
1. **Long-standing psoriasis (8 years) with active skin disease** — classic temporal relationship, with arthritis emerging years after initial skin manifestation
2. **Dactylitis of left third digit** — a pathognomonic extra-articular finding highly specific for PsA (""sausage digit""), present in 30-40% of PsA patients
3. **Asymmetric polyarthritis with PIP/MCP involvement and negative RF/anti-CCP** — typical PsA presentation; RF-negative seronegative arthritis in psoriatic patient strongly favors PsA over RA
4. **HLA-B27 positivity** — supports PsA, particularly in setting of axial involvement (reduced spinal flexion noted)

**Findings against: None identified**
(Absence of nail pitting is not exclusionary; only 10-15% of PsA patients have nail involvement at arthritis onset)

---

## DIFFERENTIAL DIAGNOSIS RANKING:

1. **Psoriatic Arthritis (75%)** — for: dactylitis, psoriasis history, RF-negative, HLA-B27+, asymmetric-to-symmetric polyarthritis pattern | against: None

2. **Rheumatoid Arthritis (15%)** — for: symmetric polyarthritis, morning stiffness 90 min, PIP/MCP/wrist involvement, elevated ESR/CRP | against: negative RF and anti-CCP (excludes ~95% of RA), absence of erosions, psoriasis as competing etiology

3. **Reactive Arthritis/Enteropathic Arthritis (7%)** — for: asymmetric onset, HLA-B27+, axial spine involvement | against: no documented GI symptoms or prior infection, PsA history more straightforward explanation

4. **Polymyalgia Rheumatica (2%)** — for: elevated inflammatory markers, morning stiffness | against: age 42 (typical age >60), polyarticular small joint involvement (PMA affects proximal joints), normal grip strength

5. **Gout (1%)** — for: joint swelling, warmth | against: polyarticular symmetric distribution (gout typically monoarticular), absence of hyperuricemia data, dactylitis pattern incompatible

---

## REASONING:

The clinical presentation is highly characteristic of psoriatic arthritis, with the **dactylitis serving as the critical discriminating finding**. While both PsA and RA present with symmetric polyarthritis, elevated inflammatory markers, and morning stiffness, the **combination of RF/anti-CCP negativity in a seropositive psoriatic patient is diagnostic** — this pattern occurs in <5% of RA but is expected in PsA. The temporal relationship (psoriasis 8 years, arthritis 4 months) fits the typical PsA disease course. HLA-B27 positivity provides additional genetic support and hints at axial involvement (patient has reduced spinal flexion). The **absence of erosions on imaging is consistent with early PsA** (erosions develop later with chronicity) and does not argue against the diagnosis. The negative ANA excludes lupus and other connective tissue diseases.

---

## NEXT STEP:

**Obtain ultrasound or MRI of hands/feet with focus on:**
- Confirmation of dactylitis (periosteal reaction, subcutaneous edema around third digit)
- Detection of **power Doppler signal** (active inflammation) in joints and flexor tendon sheaths
- Assessment for erosions at DIP joints (more specific for PsA than RA)
- **Expected finding:** Power Doppler activity in PIP/MCP joints and dactylitic digit, consistent with active synovitis; possible early DIP erosions would further support PsA diagnosis. This would also establish baseline for monitoring therapy response.","# RHEUMATOLOGY TEACHING CASE: PRIMARY DIAGNOSIS AND DIFFERENTIAL

## PRIMARY DIAGNOSIS: **Psoriatic Arthritis (PsA)**

---

## TEACHING POINTS:

### Finding: Psoriasis with Recent Joint Involvement

**What:** Chronic inflammatory skin condition characterized by erythematous, scaly plaques on extensor surfaces (elbows, knees, scalp). The patient has documented psoriasis for 8 years, predating arthritis onset by 4 years.

**Why it matters:** Psoriasis is the clinical anchor for PsA diagnosis. Approximately 5–10% of psoriasis patients develop arthritis. The timing (skin disease preceding joint disease) is typical for ""arthritis following psoriasis"" variant, which accounts for ~50% of PsA cases. The absence of nail findings (pitting, onycholysis) doesn't exclude PsA—nail disease occurs in only 10–15% of PsA patients and is actually *less common* than in rheumatoid arthritis.

**How to assess:** 
- Document extent, morphology, and distribution of skin lesions
- Examine nails systematically (though absence doesn't rule out PsA)
- Determine timeline: when did skin disease begin relative to arthritis?
- Ask about psoriasis in family members (positive family history in ~40% of PsA)

---

### Finding: Symmetric Polyarticular Arthritis with PIP/MCP/Wrist Involvement

**What:** Inflammation of multiple joints bilaterally, involving small joints of the hands (proximal and distal interphalangeal joints, metacarpophalangeal joints) and large joints (knees, wrists). Morning stiffness of 90 minutes indicates true inflammatory arthritis.

**Why it matters:** This pattern is *classic for PsA*, distinguishing it from seronegative RA and other connective tissue diseases. While RA also affects MCPs and wrists symmetrically, the *combination* with documented psoriasis and negative RF/anti-CCP firmly favors PsA. The PIP joint involvement is actually a subtle clue favoring PsA over RA—though both can involve PIPs, PsA more characteristically affects PIPs (especially in early disease). Morning stiffness indicates inflammatory activity requiring intervention.

**How to assess:**
- 28-joint Disease Activity Score (28-DAS) or other validated joint count
- Determine symmetry (true bilateral involvement?)
- Assess morning stiffness duration by patient report
- Examine for warmth, swelling, tenderness, and range of motion restriction
- Document timeline of progression (asymmetric → symmetric is typical for PsA)

---

### Finding: **Dactylitis (Sausage Digit)**

**What:** Diffuse swelling of an entire finger or toe from MCP to DIP joints, creating a uniform, cylindrical ""sausage-like"" appearance. Present here in the left third digit.

**Why it matters:** **This is a PATHOGNOMONIC finding for PsA.** While dactylitis can occur in other conditions (reactive arthritis, tuberculosis, sarcoidosis), it is the hallmark of PsA and present in 40–50% of PsA patients at some point. Dactylitis reflects synovitis of small joints *plus* tenosynovitis and periosteal inflammation—a feature of PsA's deeper tissue involvement beyond the synovial joint itself. Its presence essentially *clinches* the diagnosis in this clinical context.

**How to assess:**
- Palpate each finger and toe systematically
- Compare with contralateral side (asymmetry is common in PsA)
- Assess for surrounding skin erythema or psoriatic plaques
- Document which digits are affected
- Measure circumference of affected digits if tracking progression

---

### Finding: Axial Involvement (Reduced Spinal Flexion)

**What:** Inflammation and stiffness of the spine, manifested here by reduced lumbar flexion (positive Schober test or clinical observation of restricted forward bending).

**Why it matters:** Axial involvement occurs in 20–30% of PsA patients, distinguishing PsA from RA (which does *not* typically cause inflammatory spine disease). The presence of HLA-B27 positivity further supports axial involvement as a feature of PsA. This finding prompts assessment for ankylosing spond","# RHEUMATOLOGY TEACHING CASE: DIFFERENTIAL DIAGNOSIS

## PRIMARY DIAGNOSIS: **Psoriatic Arthritis (PsA)**

---

## TEACHING POINTS:

### Finding: **Dactylitis (Sausage Digit)**

**What:** Diffuse, uniform swelling of an entire finger or toe, extending across the joint margins, giving a ""sausage-like"" appearance. It represents simultaneous inflammation of the joint capsule, flexor tendon sheath, and surrounding soft tissues.

**Why it matters:** Dactylitis is **highly specific for PsA** (and other seronegative spondyloarthropathies like reactive arthritis). It is uncommon in rheumatoid arthritis, which typically causes more localized periarticular swelling. The presence of dactylitis in this patient—combined with psoriasis—is a near-pathognomonic finding for PsA. It indicates more severe, aggressive disease.

**How to assess:** 
- Palpate the entire finger longitudinally, comparing to the contralateral side
- Document which digit(s) are involved
- Assess for pain with palpation and active/passive range of motion
- Consider ultrasound or MRI if diagnosis is uncertain (demonstrates flexor tenosynovitis + synovitis together)

---

### Finding: **PIP and MCP Joint Involvement with Asymmetric Onset**

**What:** Pain, swelling, and tenderness in the proximal interphalangeal (PIP) and metacarpophalangeal (MCP) joints. The pattern began asymmetrically (3rd and 4th digits bilaterally), though it has become more symmetric over time.

**Why it matters:** 
- **RA typically presents with symmetric MCP/PIP involvement from onset**, whereas PsA often begins **asymmetrically** and can progress to symmetry
- The negative RF and anti-CCP powerfully exclude RA as the primary diagnosis (present in ~80-90% of RA cases)
- PsA does involve MCP/PIP joints but can have a more heterogeneous pattern, including DIP involvement (which RA typically spares)

**How to assess:**
- Systematic palpation of each joint, noting presence/absence of swelling and tenderness
- Assessment of grip strength (preserved here—important prognostic sign)
- Comparison of right vs. left sides and evaluation over time for symmetry evolution
- Radiographs to look for characteristic erosion patterns (RA shows marginal erosions; PsA shows more periosteal reactions, DIP involvement)

---

### Finding: **Negative RF and Anti-CCP Antibodies**

**What:** Rheumatoid factor (RF) and anti-CCP (anti-cyclic citrullinated peptide) are autoantibodies typically found in RA. Negative results mean these antibodies are not present in the serum.

**Why it matters:** 
- This finding **excludes seronegative RA** (though seronegative RA exists in 10-20% of cases, it would be unusual with negative *both* markers)
- PsA is **characteristically seronegative** (RF and anti-CCP negative in >95% of cases)
- Negative RF/anti-CCP in the presence of polyarthritis should raise suspicion for spondyloarthropathy, PsA, or other systemic inflammatory conditions

**How to assess:**
- Standard serology (ELISA or turbidimetry for RF, ELISA for anti-CCP)
- Interpret in clinical context: seronegativity does not exclude RA, but combined with other findings (psoriasis, dactylitis, HLA-B27 positivity), it supports PsA

---

### Finding: **Active Psoriasis with Long-Standing History**

**What:** Chronic inflammatory skin condition characterized by erythematous, scaly plaques on extensor surfaces (elbows, knees, scalp). Onset was 8 years prior; currently active despite no recent ""flare.""

**Why it matters:**
- PsA develops in **10-30% of patients with psoriasis** and can occur *before*, *simultaneously with*, or *after* skin manifestations
- The temporal relationship here (psoriasis for 8 years, arthritis for 4 months) is typical
- Active skin disease correlates with active arthritis in many"
gen-011,bge,BAAI/bge-small-en-v1.5,http://purl.bioontology.org/ontology/AIR/DXPSO,atypical,PsA without visible psoriasis,rich,"# PATIENT VIGNETTE

**Chief Complaint:** Progressive joint pain and stiffness

**History of Present Illness:**
54-year-old female presents with an 8-month history of polyarticular joint pain and morning stiffness. Symptoms began insidiously in her hands and have progressively involved her knees, ankles, and shoulders. Morning stiffness lasts approximately 45 minutes. She reports significant functional impairment with difficulty opening jars and climbing stairs. She denies fever, weight loss, or constitutional symptoms.

Notably, the patient has a 20-year history of well-controlled plaque psoriasis affecting her elbows and knees, for which she uses topical corticosteroids. However, she has experienced no recent exacerbation of skin disease, and her dermatologist notes the psoriatic plaques remain stable. She denies nail changes, oral ulcers, and eye symptoms.

**Physical Examination:**
Vital signs stable. Bilateral hand examination reveals swelling and tenderness of the PIP joints (index and middle fingers bilaterally) and wrist joints. No swelling of MCPs. Knees show effusions bilaterally with mild warmth. Ankles are swollen and tender. Notably, there is subtle dactylitis of the fourth toe on the right foot. No other skin lesions are appreciated on current exam. No nail pitting, onycholysis, or psoriasiform changes noted.

**Laboratory Results:**
- ESR: 32 mm/hr
- CRP: 8.2 mg/L
- RF: negative
- Anti-CCP: negative
- ANA: negative
- HLA-B27: negative
- CBC, renal function, liver function: within normal limits

**Imaging:**
Hand X-rays: mild periarticular osteopenia, no erosions. Knee X-rays: small bilateral effusions, no erosive changes.

**Assessment:**
Patient with polyarticular inflammatory arthritis affecting PIPs, wrists, knees, and ankles with morning stiffness and mild acute phase response. Seronegative. History of psoriasis present but currently quiescent without obvious cutaneous flare.",2500,"# DIFFERENTIAL DIAGNOSIS ANALYSIS

PRIMARY DIAGNOSIS: Seronegative Rheumatoid Arthritis (RA)
Confidence: Medium
Supporting findings: Symmetric polyarticular arthritis with PIP and wrist involvement, morning stiffness lasting 45 minutes (>30 min suggests inflammatory arthritis), elevated inflammatory markers (ESR 32, CRP 8.2) with gradual 8-month progressive course
Findings against: PIP predominance is atypical (RA typically favors MCPs); seronegative status (~20-30% of RA) is possible but makes diagnosis less certain; absence of erosions at 8 months doesn't exclude early RA but is favorable prognostically

---

## DIFFERENTIAL DIAGNOSIS:

1. **Psoriatic Arthritis (PsA)** (45%) — for: History of plaque psoriasis, PIP joint involvement pattern (characteristic of PsA), dactylitis of fourth toe (highly specific for PsA), asymmetric presentations possible, seronegative | against: Psoriasis currently quiescent without active skin/nail manifestations; no MCPs or DIP involvement noted; HLA-B27 negative (though only ~70% of PsA are B27+)

2. **Seronegative Rheumatoid Arthritis** (35%) — for: Symmetric polyarticular inflammation, wrist involvement, 45-minute morning stiffness, elevated ESR/CRP, insidious onset with functional impairment | against: PIP-predominant pattern less typical than MCP-predominant RA; RF/anti-CCP both negative argues against typical RA pathogenesis; history of psoriasis could represent coincidental disease

3. **Early Erosive Osteoarthritis** (10%) — for: Age 54 (post-menopausal), PIP involvement, gradual onset | against: Inflammatory markers elevated (contradicts OA); morning stiffness duration too long; multiple large joints involved (knees, ankles, shoulders); no erosions on imaging; acute phase response inappropriate for OA

4. **Systemic Lupus Erythematosus (SLE)** (7%) — for: Female, polyarticular arthritis, elevated inflammatory markers | against: ANA negative (very high sensitivity in SLE, makes diagnosis unlikely); no constitutional symptoms, photosensitivity, oral ulcers, or renal involvement; serology pattern inconsistent

5. **Enteropathic Arthritis** (3%) — for: Seronegative polyarthritis pattern, HLA-B27 negative makes this less likely but not excluded | against: No GI symptoms reported; no inflammatory bowel disease history; would expect different joint pattern typically; diagnosis of exclusion

---

## REASONING:

The clinical presentation sits at a diagnostic crossroads between seronegative RA and PsA, with the **dactylitis and PIP-predominant pattern strongly favoring PsA despite quiescent skin disease**. While the patient's psoriasis is currently stable, PsA can precede, coincide with, or follow cutaneous manifestations by years, and ~10% of PsA patients present without active skin lesions at arthritis onset. The presence of dactylitis—a hallmark of PsA with high specificity—is the most discriminating finding here; this rarely occurs in seronegative RA except in overlap syndromes. However, the symmetric wrist involvement and true morning stiffness (45 minutes) are more characteristic of RA. The seronegative status (negative RF and anti-CCP) reduces but does not exclude RA, which accounts for 20-30% of cases, particularly in this demographic. The absence of MCP involvement and presence of clear PIP/ankle/dactylitis pattern shifts probability toward PsA, especially given the established psoriatic history as a risk factor.

---

## NEXT STEP:

**Perform detailed dermatologic examination with dermoscopy of psoriatic plaques, check for subclinical nail changes (nail ultrasound or dermatoscopy for nail bed thickening, onycholysis, pitting), and obtain hand/foot MRI with focus on dactylitis confirmation and early erosive changes in PIP joints.**

**Expected findings:** If PsA — MRI will show synovitis with characteristic ""pencil-in-cup"" erosive changes or early bone marrow edema in PIPs/DIPs; subclinical nail","# DIFFERENTIAL DIAGNOSIS CONSULTATION

**PRIMARY DIAGNOSIS: Seronegative Rheumatoid Arthritis**

**Confidence: High**

**Supporting findings:**
- Symmetric polyarticular inflammation with predominant PIP and wrist involvement in a middle-aged woman with 8-month progressive course
- Morning stiffness lasting 45 minutes, a hallmark of inflammatory arthritis with systemic component
- Elevated acute phase reactants (ESR 32, CRP 8.2) consistent with active synovitis

**Findings against:**
- Negative RF and anti-CCP antibodies (though seronegative RA accounts for 20-30% of RA cases and carries similar clinical significance)
- None identified as strongly contradictory

---

## DIFFERENTIAL DIAGNOSIS:

1. **Psoriatic Arthritis (PsA)** (25%) — for: PIP predominance, history of psoriasis, subtle dactylitis of 4th toe, seronegative status | against: Currently quiescent skin disease with no nail changes or DIP involvement; PIP involvement without concurrent cutaneous exacerbation is atypical

2. **Polymyalgia Rheumatica** (10%) — for: Elevated ESR, systemic symptoms, shoulder involvement possible | against: Age 54 is at lower end of typical PMR presentation (usually >60); PIP/wrist dominance rather than proximal girdle pattern; no temporal headache or visual symptoms; acute phase elevation mild relative to PMR expectations

3. **Ankylosing Spondylitis/Axial Spondyloarthropathy** (8%) — for: Morning stiffness, polyarticular involvement, seronegative status | against: HLA-B27 negative (present in >90% of AS); peripheral joint pattern (hands/knees) atypical as initial presentation; no axial/sacroiliac symptoms or back pain documented

---

## REASONING:

This patient presents the classic phenotype of seronegative RA: insidious symmetric polyarticular arthritis with PIP and wrist predilection, significant morning stiffness (>30 minutes), functional impairment, and inflammatory markers elevation in a middle-aged woman. Although her psoriasis history raises PsA consideration, the critical discriminating features are the PIP-predominant pattern without MCP involvement (RA prefers MCPs and PIPs equally; PsA typically shows DIP disease and asymmetry), absence of nail pathology, and stable skin disease that has not flared concordantly with arthritis onset. Seronegative RA occurs in approximately 25-30% of RA cases with identical clinical and radiographic progression to seropositive disease. The negative HLA-B27 and lack of axial symptoms effectively exclude spondyloarthropathy. PMR is lower in the differential given her age and peripheral rather than proximal predominance.

---

## NEXT STEP:

**Anti-MCV (anti-mutated citrullinated vimentin) antibody or anti-carbamylated protein antibody testing**

*Expected finding:* Positivity in 50-60% of seronegative RA cases would provide additional diagnostic confirmation and prognostic information regarding erosive risk. If negative, consider: (1) early RA with potential seroconversion on repeat RF/anti-CCP in 3-6 months, or (2) psoriatic arthritis with occult cutaneous disease—warranting dermatology co-evaluation and consideration of HLA-Cw6 typing. Baseline hand/foot radiographs should be repeated in 6-12 months to assess for erosion development, which would strongly favor RA over seronegative spondyloarthropathy.","# RHEUMATOLOGY CASE CONSULTATION & TEACHING

## PRIMARY DIAGNOSIS
**Psoriatic Arthritis (PsA)** — likely asymmetric oligoarticular to polyarticular pattern with predominantly DIP/PIP involvement

---

## TEACHING POINTS

### Finding: PIP Joint Predominance (with sparing of MCPs)

**What:** 
Inflammation primarily affecting the proximal interphalangeal joints of the hands, with relative sparing of the metacarpophalangeal joints. This is a distinguishing joint distribution pattern in hand arthritis.

**Why it matters:** 
This pattern is *classic* for psoriatic arthritis and is notably *uncommon* in rheumatoid arthritis (RA), which characteristically attacks MCPs > PIPs. The ""reverse"" distribution (PIPs > MCPs) is a teaching point that should immediately prompt consideration of PsA. This finding, combined with seronegative status (negative RF and anti-CCP), makes RA much less likely. Other spondyloarthropathies (reactive arthritis, enteropathic arthritis) can present similarly but lack the psoriatic predisposition.

**How to assess:** 
- Perform systematic joint-by-joint examination of both hands, assessing for swelling, warmth, and tenderness
- Use palpation to distinguish joint line swelling from periarticular soft tissue swelling
- Compare MCP involvement to PIP involvement quantitatively and qualitatively
- Request hand X-rays in two planes; radiographic changes in PsA may include ""ray"" involvement (entire digit), pencil-in-cup deformities (late), or asymmetric findings
- Ultrasound or MRI can detect synovitis and early erosions before plain radiographs show change

---

### Finding: Dactylitis (4th toe, right foot)

**What:** 
Inflammation of an entire digit (toe in this case) creating a uniform, ""sausage-like"" swelling of the whole toe from the base of the metatarsal to the tip. This is inflammation of the synovium, tendons (tenosynovitis), and periosteal tissues as a unit, not simply joint swelling.

**Why it matters:** 
Dactylitis is a *pathognomonic* finding for spondyloarthropathies, particularly psoriatic arthritis and reactive arthritis. It is extremely uncommon in RA. The presence of dactylitis in a seronegative patient with a history of psoriasis should make you think PsA first. Dactylitis reflects the characteristic feature of spondyloarthropathies: enthesitis and adjacent soft tissue inflammation, not just synovitis. It often correlates with worse long-term joint damage.

**How to assess:** 
- Visually compare the affected digit to the contralateral side
- Palpate the entire digit from base to tip, assessing for uniform swelling
- Measure digit circumference or perform photographic documentation to track progression
- Use ultrasound to confirm tenosynovitis and synovitis within the flexor and extensor tendon sheaths
- Assess for concomitant plantar fasciitis and Achilles tendinopathy, which often co-occur with lower-limb dactylitis

---

### Finding: History of Psoriasis (Now Quiescent)

**What:** 
A documented 20-year history of plaque psoriasis affecting skin (currently controlled with topical agents, no active flare), but the patient presents with new-onset arthritis without concurrent cutaneous exacerbation.

**Why it matters:** 
This is crucial: **Arthritis precedes, follows, or occurs independently of skin disease in PsA.** Many learners mistakenly believe that psoriatic arthritis only occurs during active skin flares—this is *incorrect*. In approximately 10–15% of PsA patients, arthritis appears *before* any skin manifestations (seronegative arthritis-first PsA), and in many others, arthritis develops despite stable or quiescent skin disease. The presence of any personal or family history of psoriasis in a seronegative polyarthritis patient is a major red flag for PsA. The stable skin findings here do *not* exclude PsA; rather, they fit the natural history of the disease.

**How to assess:** 
- Take a detailed personal and family history of psoriasis, paying attention to timing relative to","# PRIMARY DIAGNOSIS: Seronegative Psoriatic Arthritis (PsA)

---

## TEACHING POINTS

### Finding: PIP-Predominant Polyarthritis (with sparing of MCPs)

**What:** Inflammatory arthritis affecting the proximal interphalangeal joints of the hands bilaterally, with notably *absent* involvement of the metacarpophalangeal (MCP) joints. This creates a characteristic pattern of joint involvement.

**Why it matters:** This is a KEY distinguishing feature. Rheumatoid arthritis classically presents with MCP and PIP involvement together, with MCPs typically most severely affected. PsA, by contrast, frequently involves PIPs *preferentially* or even in isolation—this is sometimes called ""PIP-predominant"" or ""DIP-predominant"" disease (particularly when DIP joints are involved). The relative sparing of MCPs in this patient strongly suggests PsA over RA. Additionally, PIP involvement is associated with more aggressive, erosive disease in PsA, warranting closer monitoring.

**How to assess it:** On examination, palpate each joint systematically: compress the MCP heads from dorsal/palmar surfaces to assess for synovial swelling, then isolate and flex/extend the PIP joints while palpating for swelling and warmth. Compare bilateral sides. On imaging, note which joints show synovitis (ultrasound is most sensitive) or eventually erosions. Document the exact distribution. In this case, the discordance between PIP swelling and MCP sparing is clinically evident and radiographically confirmed.

---

### Finding: Dactylitis (Sausage Digit)

**What:** Diffuse swelling of an entire digit (toe or finger) extending beyond individual joint capsules, often affecting soft tissues, tendons, and joints simultaneously. The swelling is uniform along the digit, creating a ""sausage-like"" appearance.

**Why it matters:** Dactylitis is a *pathognomonic* finding for spondyloarthropathies, particularly PsA and reactive arthritis. It reflects synovitis combined with periarticular inflammation, tenosynovitis, and/or enthesitis. While not present in every PsA patient, when present, it is highly specific and virtually excludes RA (which causes joint-confined swelling, not whole-digit edema). The presence of dactylitis—even subtle, as here—is a major diagnostic clue pointing toward PsA. It also suggests inflammatory activity in entheses (tendon insertions), a hallmark of spondyloarthritis pathology.

**How to assess it:** Examine each digit carefully for uniform circumferential swelling that extends from one joint to the next without a clear anatomic demarcation. Measure digit circumference if possible (comparing to the contralateral side). Palpate to determine if swelling is warm and tender. Ultrasound or MRI can demonstrate tenosynovitis and enthesitis within the swollen digit. Clinical photography aids longitudinal comparison.

---

### Finding: Seronegative Status (Negative RF and Anti-CCP)

**What:** Absence of rheumatoid factor (RF) and anti-cyclic citrullinated peptide (anti-CCP) antibodies in the serum despite clear clinical evidence of inflammatory arthritis.

**Why it matters:** While 70–80% of RA patients are seropositive (RF and/or anti-CCP positive), seronegative RA does exist (~20–25% of RA cases). *However*, the combination of seronegative status *plus* the other clinical features here—PIP predominance, dactylitis, and stable psoriasis history—makes RA far less likely. Importantly, PsA is seronegative in the vast majority of cases; RF and anti-CCP positivity are *rare* in PsA. Seronegative status is therefore more consistent with spondyloarthritis spectrum diseases (PsA, AS, reactive arthritis, etc.) than with RA.

**How to assess it:** Order RF (latex fixation or nephelometry, with titer quantification) and anti-CCP (ELISA, reported as positive/negative or with index value). Interpret in clinical context: seronegative status alone is *not* diagnostic but, combined with other findings, shifts probability away from RA. Note that seroconversion can occur over time in early RA, so re-testing in 3–6 months"
gen-012,bge,BAAI/bge-small-en-v1.5,http://purl.bioontology.org/ontology/AIR/DXPSO,early,"Inflammatory arthritis, psoriasis family history only",rich,"# Chief Complaint
""Pain in my fingers and knees for the past 3 weeks""

# History of Present Illness
34-year-old woman presents with a 3-week history of symmetric pain and swelling affecting the second and third proximal interphalangeal joints of both hands, with morning stiffness lasting approximately 45 minutes. She reports associated swelling of both knees and pain on ambulation. Symptom onset was gradual, beginning in the right hand and progressing to bilateral involvement over 10 days. She denies fever, weight loss, or systemic symptoms. She notes occasional joint pain had been present intermittently for 2-3 months prior to this acute exacerbation. No recent viral illness that she recalls.

# Past Medical History
Generally healthy. No significant past medical history. Does not recall any prior joint complaints.

# Family History
Mother with osteoarthritis (age of onset unknown). No family history of autoimmune disease.

# Social History
Works as a receptionist. Denies smoking. Occasional alcohol use.

# Review of Systems
Denies rash, eye symptoms, mouth ulcers, or mucosal involvement. No GI symptoms. Denies constitutional symptoms.

# Physical Examination
- General: Well-appearing, no acute distress
- Hands: Soft tissue swelling at PIPs bilaterally (right > left); no erythema or warmth appreciated on palpation
- Knees: Mild effusion noted bilaterally; no erythema; mild pain with range of motion
- Skin: No visible psoriasis, but patient notes she has had occasional dry patches on her elbows ""for years""—denies active skin disease
- Nails: No pitting, onycholysis, or other abnormality noted on examination
- Remainder of examination unremarkable

# Investigations
- ESR: 22 mm/hr (normal <20)
- CRP: 8.2 mg/L (normal <3)
- RF: Negative
- Anti-CCP: Negative
- ANA: Negative
- CBC: Normal
- Renal function: Normal
- LFTs: Normal
- Urinalysis: Normal

# Assessment
34-year-old",2173,"# DIFFERENTIAL DIAGNOSIS ANALYSIS

## PRIMARY DIAGNOSIS: Early Seronegative Rheumatoid Arthritis (RA)
**Confidence: Medium-High**

**Supporting findings:**
- Symmetric polyarticular involvement of PIPs bilaterally with morning stiffness >30 minutes—classic presentation for RA
- Gradual onset with progressive bilateral spread over 10 days, consistent with RA's typical evolution
- Mild inflammatory markers elevated (ESR 22, CRP 8.2) despite seronegative status, which occurs in ~30% of RA cases at presentation

**Findings against:**
- Negative RF and anti-CCP antibodies reduce pre-test probability for seropositive RA, though seronegative RA remains plausible
- Absence of erythema or warmth on palpation is somewhat atypical for active inflammatory arthritis, though not excluding

---

## DIFFERENTIAL DIAGNOSIS:

1. **Psoriatic Arthritis (PsA)** (25-30%) — *for:* Symmetric PIP involvement, history of chronic dry patches on elbows (possible psoriasiform skin disease), negative RF/anti-CCP compatible with seronegative spondyloarthropathy | *against:* No visible psoriasis on current exam, no nail changes (pitting/onycholysis) typical of PsA, relatively mild inflammatory markers

2. **Undifferentiated Connective Tissue Disease (UCTD)** (15-20%) — *for:* Young woman, polyarticular arthritis, negative specific antibodies (RF, anti-CCP, ANA) allows room for evolving autoimmune process | *against:* No systemic features (rash, photosensitivity, oral ulcers, dry eyes/mouth), normal CBC without lymphopenia, normal renal/hepatic function

3. **Viral-Induced Polyarthritis (e.g., parvovirus B19, EBV)** (10-15%) — *for:* Symmetric PIP/hand involvement is classic, 3-week duration fits typical timeline, negative serology for standard autoimmune markers | *against:* No recalled prodromal viral illness, persistent 3+ weeks suggests less likely viral etiology, symptoms already present intermittently 2-3 months prior

4. **Systemic Lupus Erythematosus (SLE)** (5-10%) — *for:* Young woman, polyarticular arthritis, could present seronegatively early | *against:* Negative ANA is highly sensitive screening test (sensitivity ~95-98% for SLE), absence of constitutional or cutaneous features

---

## REASONING:

This 34-year-old woman presents with a 3-week history of **symmetric polyarticular arthritis affecting the PIPs and knees** with morning stiffness exceeding 45 minutes—the hallmark temporal and anatomic pattern of inflammatory arthritis. The **insidious bilateral progression over 10 days** and **mildly elevated inflammatory markers (ESR 22, CRP 8.2)** indicate active synovitis. Critically, she is **seronegative (RF negative, anti-CCP negative)**, which eliminates seropositive RA from the top tier but does NOT exclude RA, as seronegative RA represents 20-30% of RA cases and frequently presents with identical clinical features. The **negative ANA effectively excludes SLE** as a leading diagnosis. **Psoriatic arthritis remains in the differential** given her remote history of ""dry patches"" on elbows (suggesting possible subclinical psoriasis), though the **absence of nail changes and visible skin disease** and **relatively mild systemic inflammation** make this less likely than early seronegative RA. **Viral arthritis is possible** given the acute presentation, but the **2-3 month prodrome of intermittent pain** and lack of recalled viral prodrome favor a chronic inflammatory process over self-limited viral etiology.

---

## NEXT STEP:

**Anti-CCP antibodies (if not already done with adequate sensitivity) AND Anti-MCV (anti-modified citrullinated vimentin) testing.**

*Expected findings:* Anti-CCP or anti-MCV positivity would strengthen diagnosis of seronegative RA (these may emerge early and predict erosive disease). If negative, pursue **high-resolution ultrasound or MRI of hands/wrists**","# DIFFERENTIAL DIAGNOSIS ANALYSIS

**PRIMARY DIAGNOSIS: Seronegative Rheumatoid Arthritis (Early)**
Confidence: **Medium-High**
Supporting findings: 
- Symmetric polyarthritis affecting PIP joints bilaterally with 3-week duration
- Morning stiffness lasting 45 minutes (classic RA feature)
- Gradual onset with progressive bilateral involvement over 10 days, fitting early RA expansion pattern
- Elevated inflammatory markers (ESR 22, CRP 8.2) supporting active inflammatory disease

Findings against: 
- RF and anti-CCP both negative (present in ~70-80% of RA, but seronegative RA accounts for ~20-30%)
- Relatively mild presentation without erythema or warmth on examination

---

## DIFFERENTIAL DIAGNOSIS:

1. **Early Seronegative Rheumatoid Arthritis (35-40%)** — for: symmetric PIP involvement, 45-min morning stiffness, bilateral knee effusions, elevated inflammatory markers | against: negative RF/anti-CCP (though seronegative RA possible)

2. **Psoriatic Arthritis (25-30%)** — for: asymmetric onset (right > left), history of dry skin patches on elbows suggesting possible psoriatic diathesis, oligoarticular pattern involving PIPs and knees | against: no documented psoriasis, no nail pitting, no dactylitis, symmetric PIP involvement (less typical for PsA)

3. **Viral-Induced Arthritis/Post-viral Arthropathy (15-20%)** — for: acute self-limited presentation, symmetric distribution, gradual progression over weeks, no systemic prodrome recalled | against: no recalled recent viral illness, inflammatory markers persistently elevated, longer timeline than typical viral arthritis

4. **Early Systemic Lupus Erythematosus (10-15%)** — for: young woman, symmetric arthritis, elevated inflammatory markers | against: negative ANA (highly sensitive for SLE), no constitutional symptoms, no mucosal/skin manifestations, normal renal/hepatic function

---

## REASONING:

This 34-year-old woman presents with a classic early inflammatory arthritis pattern: symmetric polyarthritis with prominent morning stiffness, gradually expanding over 10 days to bilateral involvement, accompanied by objective inflammatory markers. The **negative RF and anti-CCP** are the key diagnostic challenge—these are negative in ~25-30% of RA cases (seronegative RA), but this finding necessitates consideration of mimics, particularly **psoriatic arthritis** given her long-standing history of dry skin patches (potentially parapsoriatic).

The **symmetric PIP + knee involvement** with morning stiffness favors RA over PsA (which typically presents with asymmetry, DIP joints, and dactylitis). The **negative ANA effectively excludes SLE** in this context. Viral-induced arthritis remains possible but would typically be self-resolving by 3 weeks; this patient's persistent symptoms and objective swelling suggest a more chronic inflammatory process.

The critical discriminator is whether anti-CCP antibodies or other seronegative RA markers (anti-MCV, anti-RA33) develop, and whether synovial inflammation on ultrasound/MRI confirms active synovitis in a pattern consistent with RA.

---

## NEXT STEP:

**Musculoskeletal ultrasound of hands and knees** (or MRI of hands if ultrasound unavailable)

**Expected findings to confirm seronegative RA:** 
- Synovial hypertrophy and power Doppler signal at PIP joints bilaterally and knee joints, consistent with active synovitis in a RA distribution
- Absence of erosions (early disease) but presence of inflammatory changes
- This would support seronegative RA and guide initiation of DMARD therapy

**Alternative findings:**
- If DIP joint involvement or marked asymmetry visualized → favors PsA
- If self-limited inflammation without erosion risk → may reconsider viral etiology and adopt wait-and-see approach with repeat serology in 6-8 weeks","# PRIMARY DIAGNOSIS: Seronegative Polyarticular Arthritis, Most Likely Early/Undifferentiated Inflammatory Arthritis (possibly Evolving toward Rheumatoid Arthritis or Psoriatic Arthritis)

---

## TEACHING POINTS:

### Finding: Symmetric Polyarticular PIP Joint Involvement

**What:** Simultaneous inflammation affecting the same joints bilaterally (both hands in this case, specifically 2nd and 3rd PIPs), a hallmark pattern in systemic inflammatory arthritis.

**Why it matters:** 
- Symmetric polyarthritis is classic for rheumatoid arthritis (RA) and other systemic inflammatory conditions
- Asymmetric arthritis (e.g., one knee vs. the other) favors monoarticular/oligoarticular disease or mechanical causes
- PIP involvement (rather than DIP) in a young woman strongly suggests inflammatory disease; osteoarthritis typically spares PIPs at this age
- This pattern *narrows* your differential significantly away from mechanical or traumatic causes

**How to assess:**
- Document which joints are swollen/painful; count them systematically (hands, feet, knees, wrists, ankles)
- Compare left vs. right symmetry visually and by palpation
- Assess for swelling (soft tissue thickening), warmth, and tenderness
- In this patient: 4+ PIPs involved bilaterally + bilateral knees = polyarticular (typically ≥4 joints)

---

### Finding: Morning Stiffness (45 minutes)

**What:** Joint stiffness and reduced mobility that is worst upon waking or prolonged inactivity and gradually improves with movement throughout the day.

**Why it matters:**
- Morning stiffness >30 minutes is a *hallmark* of inflammatory arthritis
- Duration correlates with degree of inflammation: mild-moderate inflammation often lasts 30 min–1 hour; severe RA can last hours
- This finding is part of ACR/EULAR 2010 RA classification criteria (scores points)
- Mechanical arthritis (osteoarthritis) may cause brief morning stiffness (<15 min) but not prolonged stiffness
- **In this case:** 45 minutes is clearly in the inflammatory range

**How to assess:**
- Ask directly: ""How long does it take your joints to loosen up after you wake up?""
- Time it objectively if possible (patient can keep a brief log)
- Distinguish from pain vs. true stiffness (reduced range of motion)
- Assess whether stiffness improves with activity (inflammatory arthritis typically does)

---

### Finding: Gradual Onset with Progression from Unilateral to Bilateral Over 10 Days

**What:** Initial appearance of symptoms in one limb/location, followed by spread to the contralateral side over a short time frame—reflecting evolving systemic inflammation.

**Why it matters:**
- Polyarticular inflammatory diseases often begin asymmetrically and evolve toward bilateral/symmetric involvement
- This progression pattern is *consistent with* early RA, psoriatic arthritis (PsA), or undifferentiated connective tissue disease
- Acute monoarticular onset (e.g., sudden swelling of one knee) would suggest septic arthritis, gout, or trauma—not this picture
- The 10-day spread is relatively rapid, suggesting active inflammatory disease rather than indolent process

**How to assess:**
- Timeline: Establish when each joint first became symptomatic
- Order: Which joint(s) were affected first, and in what sequence?
- Rate of spread: Days to weeks?
- Document in the clinical note: ""Onset right PIP II-III, then progression to left PIP II-III and bilateral knees over 10 days""

---

### Finding: Prior Intermittent Joint Pain (2–3 months before acute exacerbation)

**What:** A preceding period of milder, non-continuous arthralgias (joint pain without necessarily objective swelling) that preceded the acute inflammatory phase.

**Why it matters:**
- Many inflammatory arthritis conditions have a **prodromal phase** with intermittent symptoms before full-blown arthritis
- This can represent subclinical inflammation or an early, flaring-remitting course
- **Important clinical pearl:** Patients often recall ""aches"" they didn't think were significant until more severe inflammation develops
- This supports an inflammatory arthritis diagnosis over acute-","# PRIMARY DIAGNOSIS: Seronegative Rheumatoid Arthritis (Likely; with Psoriatic Arthritis as Close Differential)

---

## TEACHING POINTS:

### Finding: Symmetric PIP Joint Involvement Bilaterally
**What:** Symmetrical swelling and pain affecting the proximal interphalangeal joints (the middle knuckles) of corresponding fingers on both hands. This patient has bilateral PIP involvement affecting digits 2 and 3.

**Why it matters:** Symmetric polyarticular involvement is a hallmark of rheumatoid arthritis and distinguishes it from asymmetric patterns seen in psoriatic arthritis or reactive arthritis. The PIP joints are classically affected in RA (along with MCPs and wrists), though DIP involvement is rare in RA and more suggestive of osteoarthritis or psoriatic arthritis. This symmetric, additive pattern strongly favors RA over seronegative spondyloarthropathies.

**How to assess:** Palpate each PIP joint systematically for soft tissue swelling (synovial thickening), warmth, and tenderness. Compare right to left. Note the distribution pattern. Document whether swelling is soft tissue (synovitis) versus bony (Heberden's nodes in OA/PsA). In this case, soft tissue swelling without erythema/warmth is consistent with early synovitis.

---

### Finding: Morning Stiffness (45 minutes)
**What:** Difficulty with joint movement and a subjective sensation of ""stiffness"" lasting 45 minutes after waking. This reflects synovial inflammation and reduced joint lubrication overnight.

**Why it matters:** Morning stiffness >30 minutes is a hallmark inflammatory arthritis feature and is one of the 2010 ACR/EULAR classification criteria for RA. Duration correlates with inflammatory burden. This finding is common in RA, less typical in osteoarthritis (which improves with movement), and can occur in other inflammatory arthropathies. The 45-minute duration is quite specific for active inflammation.

**How to assess:** Ask patients directly: ""How long does it take from the time you wake up until your joints feel like they're working normally?"" Emphasize ""from waking"" to distinguish from general fatigue or activity-related stiffness. Times >1 hour suggest high inflammatory activity.

---

### Finding: Gradual Onset with Progression Over 10 Days, Followed by Acute Exacerbation
**What:** Insidious onset of joint symptoms (hints of problems 2–3 months prior), then escalation to bilateral, symptomatic disease over 10 days.

**Why it matters:** RA typically develops insidiously over weeks to months, with a gradual, progressive pattern. The absence of sudden, explosive onset (which might suggest viral arthritis or acute crystal disease) and the relapsing-remitting nature with exacerbations fit RA well. Early RA often begins monoarticular or oligoarticular and then becomes polyarticular and symmetric over time—exactly as described here.

**How to assess:** Obtain a detailed timeline: ""When did you first notice anything unusual in your joints? Did it start in one place and spread?"" Document the progression pattern. Ask about prior intermittent symptoms or periods of remission. This chronology is key to narrowing the differential.

---

### Finding: Knee Involvement (Bilateral, with Effusion)
**What:** Swelling of both knee joints on examination, indicating synovial fluid accumulation (effusion). Knees are large weight-bearing joints frequently involved in polyarticular arthritis.

**Why it matters:** Bilateral knee involvement in the setting of bilateral hand PIP swelling strongly suggests a systemic, symmetric inflammatory arthropathy. RA commonly affects knees. Psoriatic arthritis and ankylosing spondylitis can also involve knees but often in an asymmetric pattern (PsA) or as part of oligoarticular/axial disease (AS). The symmetry here favors RA.

**How to assess:** Perform the bulge sign (or ballottement test) to detect small effusions: stroke fluid from the medial joint line to the lateral side, then tap the patella to see if fluid bulges back. Assess range of motion (flexion/extension) and note pain. In RA, effusions are typically modest without warmth/erythema (cold swelling), as in this case.

---

### Finding:"
gen-013,bge,BAAI/bge-small-en-v1.5,http://purl.bioontology.org/ontology/AIR/DXANK,classic,Classic AS with sacroiliitis,rich,"# Chief Complaint
""My back has been stiff and sore for the past 3 years, especially in the mornings.""

## History of Present Illness
28-year-old male presents with a 3-year history of progressive lower back pain and stiffness. Symptoms began insidiously in his mid-20s with morning stiffness lasting 45–60 minutes that improves with activity and a warm shower. Pain is predominantly in the lumbosacral region and buttocks, occasionally radiating to the lateral thigh but not below the knee. He reports significant morning stiffness that has gradually worsened over the past year. He notes improvement with NSAIDs (ibuprofen 800 mg three times daily) and with exercise, but stiffness recurs with prolonged inactivity or sitting. He denies night pain that wakes him from sleep, though he reports discomfort if he lies still for extended periods.

Over the past 6 months, he has developed mild pain and swelling in both knees, worse after playing football. He also reports recent onset of mild anterior eye discomfort with photophobia occurring intermittently over the past 2 months, for which he has not yet sought ophthalmology evaluation.

He denies fever, weight loss, or constitutional symptoms. No history of inflammatory bowel disease, psoriasis, or oral ulcers.

## Past Medical History
Unremarkable. No prior significant injuries or surgeries.

## Family History
Father diagnosed with ""chronic back problems"" at age 35, requiring ongoing management; specifics unknown to patient.

## Social History
Works as an accountant (sedentary job). Active in recreational sports (football 2–3 times weekly until recent months). Denies tobacco, alcohol use is moderate.

## Review of Systems
Denies rash, diarrhea, urethritis, or genital lesions. No oral ulcers. Denies chest pain or dyspnea.

## Physical Examination
- **Vital signs:** BP 118/76, HR 78, afebrile
- **General:** Well-appearing young man, appropriate affect
- **Musculoskeletal examination:**
  - Cervical spine: full range of motion
  - Lumbar spine: mark",2500,"# DIFFERENTIAL DIAGNOSIS ANALYSIS

## PRIMARY DIAGNOSIS: Ankylosing Spondylitis (AS)
**Confidence: High**

**Supporting findings:**
- **Classic demographics and symptom pattern:** Young male (age 28) with insidious-onset inflammatory back pain beginning in mid-20s, predominantly lumbosacral and buttock distribution with radiation to lateral thigh (not radicular below knee)
- **Inflammatory characteristics:** Morning stiffness lasting 45-60 minutes that improves with activity and heat—a hallmark inflammatory pattern that distinguishes from mechanical back pain
- **NSAID responsiveness:** Significant improvement with NSAIDs, typical of spondyloarthropathies and suggestive of inflammatory rather than mechanical etiology
- **Extra-articular manifestations:** Recent anterior uveitis with photophobia (occurs in ~25-30% of AS patients); mild oligoarticular knee involvement (peripheral arthritis common in AS)
- **Family history:** Father with chronic back problems starting at age 35, suggesting possible inherited predisposition to spondyloarthropathy

**Findings against:** 
- None identified. Clinical presentation is entirely consistent with early AS.

---

## DIFFERENTIAL DIAGNOSIS:

1. **Reactive Arthritis/Enteropathic Spondyloarthritis (10-15%)** 
   - *For:* Younger age, oligoarticular knee involvement, possible uveitis
   - *Against:* No documented preceding infection, diarrhea, or urethritis; no inflammatory bowel disease history; typically more acute presentation; less likely given 3-year progressive course

2. **Psoriatic Arthritis (8-12%)** 
   - *For:* Young age, peripheral arthritis, possible ocular involvement
   - *Against:* No documented rash, nail changes, or psoriasis history; no oral ulcers; family history points to back disease rather than skin disease; peripheral arthritis usually precedes or coincides with axial disease in PsA

3. **Mechanical Low Back Pain with Referred Pain (5-8%)** 
   - *For:* Sedentary job, sports-related knee exacerbations
   - *Against:* 45-60 minutes of morning stiffness is atypical for mechanical pain; improvement with activity/heat strongly favors inflammatory etiology; progressive course over 3 years with systemic features (uveitis) argues against purely mechanical cause

4. **Behçet's Disease (2-3%)** 
   - *For:* Uveitis and potential arthritis
   - *Against:* No recurrent oral ulcers, genital ulcers, or skin lesions; uveitis in Behçet's is typically more posterior (posterior uveitis) and bilateral; very rare in this demographic without mucocutaneous features

---

## REASONING:

The clinical presentation is highly suggestive of early ankylosing spondylitis. The convergence of several discriminating features makes this diagnosis far more likely than alternatives: the stereotypical inflammatory back pain pattern (young male, insidious lumbosacral onset, morning stiffness >45 minutes improving with activity/heat, NSAID responsiveness), extra-articular manifestations (anterior uveitis—a classic AS-associated complication), and oligoarticular peripheral joint involvement. The 3-year progressive course is consistent with the natural history of AS in younger men, and the positive family history suggests genetic predisposition (HLA-B27 association). While reactive arthritis and psoriatic arthritis present in similar age groups, they lack supporting systemic or dermatologic findings; mechanical back pain is excluded by the strong inflammatory character and extra-articular features.

---

## NEXT STEP:

**HLA-B27 testing and inflammatory markers (ESR/CRP) combined with pelvic radiographs or MRI of the sacroiliac joints.**

- **Expected findings supporting AS:** HLA-B27 positive (90-95% of AS patients); elevated inflammatory markers (ESR and/or CRP); radiographic evidence of sacroiliitis on pelvic X-ray (bilateral, symmetric changes) or MRI (early inflammatory changes if radiographs negative but clinical suspicion high)
- **Rationale:** HLA-B27 positivity is highly specific for spondyloarthropathies in this clinical context; sacroiliitis on imaging is required for ASAS classification criteria and distinguishes AS from","PRIMARY DIAGNOSIS: Ankylosing Spondylitis (Axial Spondyloarthropathy)
Confidence: High
Supporting findings: 
- 28-year-old male with 3-year history of progressive inflammatory back pain in lumbosacral region with morning stiffness (45-60 minutes) that improves with activity and NSAIDs
- Buttock pain with lateral thigh radiation consistent with sacroiliac involvement
- Recent development of peripheral arthritis (bilateral knee swelling) and ocular manifestation (anterior eye discomfort with photophobia suggesting uveitis)
- Strong family history of chronic back disease in father diagnosed at age 35

DIFFERENTIAL DIAGNOSIS:
1. Ankylosing Spondylitis (75%) — for: insidious inflammatory back pain at young age, morning stiffness improving with motion, NSAID responsiveness, extraarticular manifestations (uveitis, peripheral arthritis), positive family history | against: denies night pain waking him from sleep (though reports discomfort with immobility)

2. Reactive Arthritis/Undifferentiated Spondyloarthropathy (15%) — for: young male with axial pain, peripheral arthritis, and possible ocular involvement | against: no clear preceding GI/GU infection, no urethritis or genital lesions reported, no diarrhea or constitutional symptoms

3. Polymyalgia Rheumatica (5%) — for: morning stiffness improving with activity | against: age 28 is far too young (PMR typically >50 years), no proximal shoulder/hip girdle pain pattern, no constitutional symptoms or elevated acute phase reactants mentioned

4. Rheumatoid Arthritis (5%) — for: symmetric peripheral arthritis (knees) and morning stiffness | against: axial spine involvement as primary complaint is atypical for RA, no mention of small joint polyarthritis (MCPs/PIPs), male young age, and extraarticular manifestations (uveitis) more consistent with spondyloarthropathy

REASONING:
The clinical presentation is classic for early ankylosing spondylitis: a young man with insidious-onset inflammatory back pain characterized by morning stiffness improving with activity and NSAIDs—the hallmark of axial spondyloarthropathy. The lumbosacral and buttock pain with lateral thigh radiation suggests sacroiliac involvement. The recent development of peripheral arthritis (bilateral knees) and anterior uveitis represent extraarticular manifestations strongly associated with AS, appearing in ~30% and ~25% of AS patients respectively. The positive family history (father with chronic back disease at age 35) adds significant diagnostic weight, as AS has strong HLA-B27-linked genetic predisposition. The absence of night pain waking him from sleep is notable but does not exclude AS—he reports discomfort with immobility, which fits the inflammatory pattern. Key discriminating features: this is not PMR (wrong age group), not typical RA (axial involvement + uveitis combination more typical of SpA), and constitutional symptoms are absent (making reactive arthritis less likely).

NEXT STEP: 
**HLA-B27 testing** — would expect POSITIVE result, which combined with clinical presentation and sacroiliitis imaging would essentially confirm ankylosing spondylitis. **If HLA-B27 is positive, proceed immediately to pelvic radiographs and/or MRI of the sacroiliac joints** to assess for sacroiliitis (the cardinal imaging finding). Additionally, **baseline erythrocyte sedimentation rate (ESR) and C-reactive protein (CRP)** to quantify inflammatory burden and guide treatment monitoring, though normal acute phase reactants do not exclude AS (approximately 30% of AS patients have normal ESR/CRP at rest).","# PRIMARY DIAGNOSIS: Ankylosing Spondylitis (AS)

---

## TEACHING POINTS:

### Finding: Morning Stiffness (45–60 minutes duration, improving with activity)

**What:** Inflammatory stiffness of the spine and joints that is maximal upon waking or after prolonged immobility, and characteristically *improves* with activity and heat.

**Why it matters:** 
- Morning stiffness >30 minutes is a hallmark of inflammatory arthropathies, particularly axial spondyloarthropathies
- The *improvement with activity and warmth* distinguishes inflammatory stiffness from mechanical (degenerative) stiffness, which typically worsens with activity
- This pattern is pathognomonic for seronegative spondyloarthropathies like AS, and helps rule out mechanical back pain, which would improve with rest alone

**How to assess:** 
- Ask specifically: ""How long does morning stiffness last?"" (>30 min suggests inflammation)
- ""Does it improve with a hot shower or exercise?"" (yes = inflammatory pattern)
- ""Does it worsen with rest during the day?"" (yes = further supports inflammation)
- Document the trend over time—progressive worsening suggests advancing inflammatory disease

---

### Finding: Young Male (age 28) with Insidious Lumbosacral Onset

**What:** A male in his 20s–30s presenting with back pain that began in a lower lumbar/lumbosacral distribution and progressed over years.

**Why it matters:**
- AS has a strong male predominance (3:1 ratio) and typically presents before age 40, most commonly in the 20s–30s
- *Insidious* onset is typical of AS; acute trauma or disk herniation would usually have an identifiable precipitant
- **Lumbosacral/buttock distribution with radiation to lateral thigh (but NOT below the knee)** fits the pattern of facet joint disease and SI joint involvement in early AS; this pattern specifically argues *against* radiculopathy (nerve root compression), which would typically radiate in a dermatomal pattern below the knee
- Young males with back pain are often incorrectly labeled as having mechanical pain; high clinical suspicion for AS is essential in this demographic

**How to assess:**
- Obtain age and demographics upfront
- Ask about onset (sudden vs. insidious) and evolution (stable vs. progressive)
- Map the pain distribution carefully—buttock and lateral thigh without dermatomal radiation suggests axial involvement rather than nerve root compression
- Document the trend: progressive over 3 years = inflammatory disease

---

### Finding: Improvement with NSAIDs and Exercise; Worsening with Prolonged Inactivity

**What:** Paradoxical response to treatment: NSAIDs provide relief (suggesting inflammation) AND symptoms improve with activity (again, suggesting inflammation rather than mechanical wear-and-tear).

**Why it matters:**
- NSAIDs are notoriously effective in axial spondyloarthropathies and may be used diagnostically; significant response supports the inflammatory hypothesis
- **The improvement with exercise is critical:** In mechanical back pain, activity typically exacerbates pain. In AS, movement mobilizes inflammatory stiffness and improves symptoms
- This dual finding (NSAID responsiveness + exercise benefit) is highly specific for inflammatory axial disease and argues against mechanical etiology

**How to assess:**
- Ask about NSAID use and response: ""Do anti-inflammatory drugs like ibuprofen help your pain?"" (yes = favors inflammation)
- Ask about activity tolerance: ""Does your pain improve when you exercise or stay active?"" (yes = strongly favors spondyloarthropathy)
- Distinguish from mechanical pain, which worsens with activity
- Consider that excellent NSAID response in young patients with back pain is a red flag for AS

---

### Finding: Bilateral Knee Pain and Swelling (Oligoarthritis, activity-related)

**What:** Inflammation of two or more large peripheral joints (in this case, knees) that develops during or after physical activity.

**Why it matters:**
- Peripheral arthritis occurs in ~30% of AS patients, typically as oligoarthritis of the knees and hips
- The temporal association with sports activity and the bilateral pattern suggest true inflammatory synovitis rather than mechanical injury
- **Oligoarthritis + axial symptoms = strong pointer toward spondyloarthropathy** rather than isolated mechanical problems","# PRIMARY DIAGNOSIS: Ankylosing Spondylitis (AS)

---

## TEACHING POINTS:

### Finding: Inflammatory Back Pain Pattern (Age, Insidious Onset, Progressive Course)

**What:** Back pain beginning before age 40 (typically 20s-30s) with insidious onset that progressively worsens over months to years, particularly affecting the lumbosacral and sacroiliac regions.

**Why it matters:** This is a hallmark distinguishing feature of axial spondyloarthropathy/AS versus mechanical or degenerative back pain. Mechanical back pain typically presents acutely after trauma or with clear aggravating factors. The progressive 3-year history in a 28-year-old male fits the classic epidemiology perfectly—AS predominantly affects young men with peak onset in the 20s-30s.

**How to assess:** Take a detailed temporal history. Ask: ""When did the pain start? Was it sudden or gradual? Has it gotten better, worse, or stayed the same?"" In AS, the answer is typically ""gradual onset, progressively worse."" Contrast this with mechanical back pain patients, who usually recall a specific triggering event or injury.

---

### Finding: Morning Stiffness with Duration (45–60 minutes, Improves with Activity)

**What:** Stiffness of the spine and buttocks that is worst upon waking and requires 45–60 minutes of activity, heat, or exercise to resolve. This is distinct from transient stiffness that resolves in <15 minutes or stiffness that worsens with movement.

**Why it matters:** This is a cardinal feature of inflammatory arthropathy (especially AS) and distinguishes it from mechanical pain. Inflammatory stiffness improves with motion because inflammation is reduced by movement and NSAIDs block inflammatory mediators. Mechanical stiffness typically worsens with activity. The 45–60 minute duration is particularly significant—formal inflammatory back pain criteria require ≥30–45 minutes of morning stiffness. This finding is also seen in PMR and RA, but the combination with lumbosacral pain in a young male strongly favors AS.

**How to assess:** Ask specifically: ""How long does your stiffness last each morning before you feel better?"" Quantify the duration in minutes, and ask whether activity/heat improves or worsens it. Also ask: ""What helps? Exercise? A shower? NSAIDs?"" Document the response pattern.

---

### Finding: Pain Improving with Activity and NSAIDs

**What:** Symptomatic improvement with exercise and regular NSAID use, indicating inflammatory-driven pain rather than mechanical pain.

**Why it matters:** This response pattern is pathognomonic for inflammatory arthropathy. Inflammatory cytokines (TNF-α, IL-17) drive morning stiffness and pain; NSAIDs suppress these mediators. Mechanical pain typically worsens with activity and is not predictably relieved by NSAIDs. In AS specifically, TNF-inhibitors and NSAIDs are cornerstone therapies because they suppress the underlying inflammation.

**How to assess:** Ask about medication use and efficacy: ""Do NSAIDs help your pain? How soon do you feel relief?"" Ask about exercise: ""Does activity make it better or worse? Do you feel more comfortable after warming up?"" A patient who improves with exercise and NSAIDs is displaying the textbook inflammatory pain response.

---

### Finding: Buttock Pain with Radiation to Lateral Thigh (But Not Below Knee)

**What:** Pain and stiffness localized to the buttock region and sacroiliac area that may radiate to the lateral thigh but crucially does NOT radiate below the knee.

**Why it matters:** This pain distribution reflects sacroiliac joint inflammation—a hallmark of spondyloarthropathy. Sacroiliac pain characteristically does NOT radiate past the knee (distinguishing it from lumbar radiculopathy, which radiates in a dermatomal distribution below the knee due to nerve root compression). The buttock and lateral hip radiation pattern is typical of sacroiliitis. This is one of the earliest and most consistent findings in AS.

**How to assess:** Perform **sacroiliac joint stress tests:**
  - **FABER test** (Flexion-ABduction-External Rotation): Flex the hip, abduct and externally rotate; a positive test (pain in the ipsilateral sacroiliac region) suggests sacroiliac pathology."
gen-014,bge,BAAI/bge-small-en-v1.5,http://purl.bioontology.org/ontology/AIR/DXANK,atypical,AS presenting with peripheral arthritis,rich,"**CHIEF COMPLAINT**
Lower back stiffness and right knee swelling for 8 months

**HISTORY OF PRESENT ILLNESS**
42-year-old male presents with progressive lower back stiffness that is worse in the mornings, typically lasting 45-60 minutes and improving with activity. He reports that ibuprofen provides modest relief. Over the past 3 months, he has developed right knee swelling with pain on weight-bearing, though he denies any history of trauma. He notes occasional mild heel discomfort bilaterally but no other joint involvement. 

Patient reports no preceding gastrointestinal or genitourinary symptoms. He has not had any documented uveitis or inflammatory eye symptoms. Denies psoriatic rashes or family history of psoriasis. Reports his father had ""arthritis of the spine"" but details are limited.

**PAST MEDICAL HISTORY**
Mild hypertension (controlled on lisinopril). No prior inflammatory arthropathy diagnoses.

**SOCIAL HISTORY**
Sedentary occupation as accountant. Non-smoker. Occasional alcohol use.

**PHYSICAL EXAMINATION**
- Vital signs: BP 138/84, HR 78, afebrile
- Spine: Limited lumbar flexion (Schober test 4 cm, normal >5 cm). Cervical range of motion preserved. No costovertebral angle tenderness.
- Joints: Right knee effusion present, mild warmth, range of motion 0-110 degrees (limited by pain). No other joints visibly swollen or tender.
- Skin: No psoriatic lesions noted
- Eyes: No conjunctival injection or anterior uveitis on gross inspection
- Gastrointestinal: No oral ulcers appreciated

**INVESTIGATIONS**
- ESR: 22 mm/hr (normal <20)
- CRP: 8.2 mg/L (normal <5)
- HLA-B27: Positive
- Rheumatoid factor: Negative
- Anti-CCP: Negative
- ANA: Negative
- CBC: Normal
- Comprehensive metabolic panel: Normal
- Lumbar spine radiographs: Early bilateral sacroiliitis (grade",2500,"# RHEUMATOLOGY DIFFERENTIAL DIAGNOSIS CONSULTATION

## PRIMARY DIAGNOSIS: Ankylosing Spondylitis (AS)
**Confidence: High**

**Supporting findings:**
- Positive HLA-B27 with insidious-onset inflammatory back pain (morning stiffness 45-60 minutes improving with activity) in a 42-year-old male
- Early bilateral sacroiliitis on lumbar spine radiographs—the pathognomonic skeletal finding for AS
- Elevated acute phase reactants (ESR 22, CRP 8.2) with asymmetric peripheral arthritis (right knee) and bilateral heel discomfort (Achilles insertion sites suggesting enthesitis)

**Findings against:**
- None identified. Clinical presentation, serology, and imaging are highly concordant with AS.

---

## DIFFERENTIAL DIAGNOSIS:

1. **Reactive Arthritis (ReA)** (10%) 
   — *for:* HLA-B27 positivity, acute phase elevation, asymmetric oligoarthritis with knee involvement, young male | *against:* No preceding GI/GU symptoms or documented infection; 8-month duration typical of chronic AS, not acute ReA; lack of conjunctivitis, urethritis, or oral ulcers

2. **Psoriatic Arthritis (PsA)** (5%) 
   — *for:* HLA-B27 positivity, axial inflammation with peripheral joint involvement, enthesitis pattern | *against:* Negative family history of psoriasis; no skin lesions on examination; RF and anti-CCP negative (though typical for PsA); less common presentation with isolated early sacroiliitis

3. **Inflammatory Bowel Disease-Associated Arthropathy** (3%) 
   — *for:* HLA-B27 positivity, sacroiliitis, axial and peripheral arthritis | *against:* No reported GI symptoms, abdominal pain, diarrhea, or weight loss; no documented IBD diagnosis; less likely without GI manifestations

4. **Behçet's Disease** (2%)
   — *for:* Peripheral arthritis, potential axial involvement | *against:* No oral or genital ulcers; no ocular disease; HLA-B27 positivity less typical; very low prior probability without systemic features

---

## REASONING:

The clinical presentation is highly suggestive of **Ankylosing Spondylitis**. The pivotal findings are: (1) **HLA-B27 positivity** in a middle-aged male with inflammatory back pain characterized by morning stiffness >30 minutes improving with activity—the classic phenotype for AS; (2) **early bilateral sacroiliitis on imaging**—the radiographic hallmark and often the first structural manifestation of AS; and (3) **progressive axial inflammation** (limited lumbar flexion on Schober test, 4 cm vs. normal >5 cm) coupled with **oligoarticular peripheral involvement** (right knee effusion) and **clinical enthesitis** (bilateral heel discomfort). The negative RF, anti-CCP, and ANA effectively exclude rheumatoid arthritis and other non-spondyloarthritic conditions. The absence of preceding infection, GI/GU symptoms, and skin findings makes reactive arthritis, IBD-arthropathy, and psoriatic arthritis less likely, though these remain on the differential given HLA-B27 positivity. The 8-month indolent course and family history of paternal spinal arthritis further support the AS diagnosis.

---

## NEXT STEP:

**Obtain HLA-B27–validated genetic testing confirmation (already done—positive) plus high-resolution MRI of the sacroiliac joints and lumbar spine (short tau inversion recovery [STIR] sequences).**

**Expected finding:** Active inflammation on STIR imaging (bone marrow edema in the sacroiliac joints and early syndesmophytes in the lumbar spine) would confirm active spondyloarthritis and guide initiation of TNF-inhibitor therapy or other DMARD strategies before progression to structural ankylosis occurs. This imaging modality is more sensitive than radiography for detecting early inflammatory change and would solidify the AS diagnosis if structural changes are still subtle on plain films.","# DIFFERENTIAL DIAGNOSIS CONSULTATION

## PRIMARY DIAGNOSIS: Ankylosing Spondylitis (Axial Spondyloarthropathy)
**Confidence: High**

**Supporting findings:**
- HLA-B27 positivity (cardinal genetic marker; ~90% of AS patients are positive)
- Inflammatory back pain pattern: morning stiffness 45-60 minutes improving with activity (classic for axial spondyloarthropathy, not mechanical back pain)
- Positive Schober test (4 cm, abnormal <5 cm) indicating limited lumbar spine mobility consistent with early axial involvement
- Early bilateral sacroiliitis on imaging (pathognomonic finding in AS)
- Asymmetric peripheral joint involvement (right knee monoarthritis with enthesitis pattern—bilateral heel discomfort suggesting plantar fasciitis/Achilles enthesitis)

---

## DIFFERENTIAL DIAGNOSIS:

1. **Psoriatic Arthritis (20%)** 
   - *For:* HLA-B27 positive; asymmetric oligoarthritis (knee + heel); family history of spinal arthropathy (father's ""arthritis of the spine"" could be PsA)
   - *Against:* No psoriatic skin lesions on examination; no nail pitting; no DIP joint involvement; no dactylitis noted; negative RF/anti-CCP consistent with seronegative SpA but less discriminating

2. **Reactive Arthritis/Undifferentiated Spondyloarthropathy (15%)**
   - *For:* HLA-B27 positivity; asymmetric peripheral arthritis; axial features; morning stiffness pattern
   - *Against:* No documented preceding GI or GU infection (patient specifically denies these symptoms); 8-month duration suggests established disease rather than acute reactive process

3. **Rheumatoid Arthritis (10%)**
   - *For:* Morning stiffness lasting >45 minutes; elevated inflammatory markers (ESR 22, CRP 8.2); progressive course
   - *Against:* RF and anti-CCP both negative (seronegative RA possible but less likely); axial/sacroiliac involvement is not typical of RA; asymmetric knee-predominant pattern with enthesitis is incompatible with RA's symmetric small-joint predilection

4. **Polymyalgia Rheumatica (5%)**
   - *For:* Elevated ESR; morning stiffness; age considerations
   - *Against:* Patient age 42 (PMR typically ≥50 years); specific axial and peripheral joint findings with positive HLA-B27 and sacroiliitis; no shoulder/hip girdle myalgias typical of PMR

---

## REASONING:

The clinical presentation is highly specific for axial spondyloarthropathy, with **ankylosing spondylitis as the most likely diagnosis**. The constellation of HLA-B27 positivity, inflammatory back pain with characteristic temporal pattern (morning stiffness improving with activity), documented early bilateral sacroiliitis on imaging, and positive Schober test (objective spinal limitation) provides a near-pathognomonic triad. The peripheral manifestation—right knee monoarthritis with bilateral heel discomfort—is entirely consistent with AS-associated oligoarthritis and enthesitis. Crucially, the **negative RF and anti-CCP exclude seronegative RA**, while the **absence of psoriatic lesions and negative ANA** make PsA and systemic diseases less likely. The inflammatory markers (ESR 22, CRP 8.2) are modest but appropriate for established spondyloarthropathy. The 8-month duration and progressive course favor established inflammatory disease over reactive arthritis. Family history of paternal spinal arthropathy supports a genetic predisposition consistent with HLA-B27–associated disease.

---

## NEXT STEP:

**HLA-B27 subtyping and MRI of sacroiliac joints and lumbar spine**

**Expected findings:**
- MRI should demonstrate **early inflammatory changes in sacroiliac joints** (bone marrow edema, synovitis) on STIR sequences, confirming active sacroiliitis beyond radiographic changes
- May reveal early **shiny corner sign** and inflammatory changes in lumbar vertebral bodies consistent with evolving spondylitis
- If HLA-B27 sub","# PRIMARY DIAGNOSIS: Ankylosing Spondylitis (AS)

---

## TEACHING POINTS

### Finding: Morning Back Stiffness (45-60 minutes duration)
**What:** Inflammatory back pain characterized by stiffness that is worst upon waking and improves with movement within the first 1-2 hours of the day. This reflects the overnight accumulation of inflammatory exudate and loss of the ""pumping"" effect of joint motion during sleep.

**Why it matters:** Morning stiffness >30 minutes is a cardinal feature of inflammatory back pain and is a key component of the Assessment of Spondyloarthritis International Society (ASAS) criteria for axial spondyloarthritis. It strongly suggests spondyloarthropathy rather than mechanical back pain (which is typically worse with activity and improves with rest). The fact that ibuprofen provides relief further supports an inflammatory etiology—mechanical pain usually requires stronger analgesics or physical modalities.

**How to assess it:** Ask directly: ""How long does your back stiffness last when you wake up in the morning?"" Also assess the response to activity (""Does activity improve or worsen it?"") and NSAIDs. Document the exact duration. Ask about nocturnal pain and whether pain wakes him from sleep (both common in AS but not mechanical back pain).

---

### Finding: Limited Lumbar Flexion (Schober Test 4 cm; normal >5 cm)
**What:** The Schober test measures spinal flexibility by marking two points on the spine (one at the dimples of Venus, 5 cm below the lumbosacral junction, and one 10 cm above) and measuring the distance between them during lumbar flexion. A normal distance increase is >5 cm; this patient's 4 cm indicates restricted spinal mobility.

**Why it matters:** Progressive loss of spinal flexibility is pathognomonic for AS, reflecting the gradual ossification and fusion of the spine (syndesmophytes replacing the disc-ligament complex). Early in disease, this is reversible with inflammation control; later, it becomes fixed. Limited lumbar flexion with otherwise normal cervical range of motion is highly suggestive of isolated axial involvement (AS), whereas other conditions like diffuse idiopathic skeletal hyperostosis (DISH) typically spare cervical motion less selectively.

**How to assess it:** Perform the Schober test (easier and more standardized than fingertip-to-floor distance). Also assess lateral flexion, extension, and rotation. Use the Bath Ankylosing Spondylitis Metrology Index (BASMI) for more detailed spinal measurement. Cervical, thoracic, and lumbar flexion should all be evaluated to map the pattern of involvement.

---

### Finding: HLA-B27 Positivity
**What:** HLA-B27 is a major histocompatibility complex (MHC) Class I allele present in ~90-95% of patients with AS, compared to only 6-8% of the general population. It is a genetic predisposition marker, not a diagnostic test on its own.

**Why it matters:** HLA-B27 positivity in the context of inflammatory back pain and sacroiliitis is highly specific for spondyloarthritis. In this case, it dramatically increases the pretest probability of AS. HLA-B27 is also associated with acute anterior uveitis as an extra-articular manifestation of spondyloarthropathy. However, HLA-B27 can be positive in asymptomatic individuals or those with other conditions (e.g., reactive arthritis, inflammatory bowel disease-associated arthropathy, psoriatic arthritis), so it must be interpreted in clinical context.

**How to assess it:** HLA-B27 testing is done by flow cytometry or molecular methods. It should be ordered when spondyloarthritis is suspected based on clinical and imaging findings, not as a screening test in asymptomatic populations. In this patient, a positive result confirms the genetic predisposition and supports the diagnosis of AS given the clinical and radiographic findings.

---

### Finding: Monoarticular Right Knee Swelling (with effusion)
**What:** A unilateral, objectively swollen knee joint with synovial effusion and pain on weight-bearing, without preceding trauma.

**Why it matters:** While AS is classically thought of as a spondyloarthropathy (primarily axial involvement), peripheral joint involvement occurs in 20-30% of","# RHEUMATOLOGY CONSULTATION: TEACHING CASE

## PRIMARY DIAGNOSIS: Ankylosing Spondylitis (Axial Spondyloarthritis)

---

## TEACHING POINTS:

### Finding: Morning Stiffness with Improvement on Activity
**What:** Inflammatory back pain characterized by stiffness upon waking that gradually improves with movement and activity, lasting 45-60 minutes in this case.

**Why it matters:** This is a hallmark feature of axial spondyloarthritis (SpA) and distinguishes it from mechanical back pain (which worsens with activity) and from degenerative disc disease (which causes pain rather than true stiffness). The **improvement with activity** is particularly key—inflammatory conditions worsen with rest and improve with motion, the opposite of mechanical pathology. Morning stiffness >30 minutes is part of the ASAS (Assessment of Spondyloarthritis International Society) criteria for axial SpA.

**How to assess:** Ask directly: ""Does your back feel stiffest when you first wake up? How long until it loosens up? Does moving around or exercising help?"" Document duration and temporal relationship to activity. Contrast with mechanical pain that worsens with bending/lifting. The *Quality* of morning stiffness (true stiffness vs. pain) matters clinically.

---

### Finding: Positive HLA-B27
**What:** HLA-B27 is a human leukocyte antigen (MHC class I molecule) present in ~7% of the general population but found in 90-95% of ankylosing spondylitis patients.

**Why it matters:** HLA-B27 is strongly associated with spondyloarthropathies (ankylosing spondylitis, reactive arthritis, enteropathic arthritis, psoriatic spondylitis). This finding essentially **rules out rheumatoid arthritis** (which is HLA-DRB1-associated and RF/anti-CCP positive). HLA-B27 positivity narrows the differential dramatically and should immediately trigger investigation for spondyloarthropathy features.

**How to assess:** Single HLA-B27 blood test; no special preparation. In a patient with back pain + inflammatory markers + HLA-B27, probability of axial SpA is very high. Note: A few HLA-B27 negative patients can have spondyloarthritis (especially women), so absence doesn't rule it out, but presence is highly specific.

---

### Finding: Limited Lumbar Flexion (Schober Test = 4 cm)
**What:** The Schober test measures lumbar spine mobility. The patient marks the skin at the L5 spinous process, marks 10 cm above, and measures the distance when maximally flexing forward. Normal is >5 cm (distance increases due to spinal stretching); this patient showed only 4 cm, indicating restricted lumbar motion.

**Why it matters:** Loss of lumbar flexion in a young patient with inflammatory back pain is a **red flag for progressive spinal inflammation and fusion**. In ankylosing spondylitis, inflammatory enthesitis and synovitis of the spine lead to syndesmophyte formation (new bone bridges) that gradually stiffen the spine. This finding indicates established structural change, not just inflammation. It's part of ASAS criteria for axial SpA.

**How to assess:** Bedside clinical test; patient stands with feet together, marks at L5 and 10 cm above, then flexes maximally forward without bending knees. Measure increase in distance. Can also assess cervical rotation, chest expansion, and lateral spinal flexion. Modern assessment often includes BASFI (Bath Ankylosing Spondylitis Functional Index).

---

### Finding: Early Bilateral Sacroiliitis on Imaging
**What:** Inflammation of the sacroiliac joints (where sacrum articulates with ilium), visible on plain radiographs as erosion, sclerosis, and joint space narrowing. ""Bilateral"" means both right and left; ""early"" suggests grade 1-2 changes (some sources grade 0-4).

**Why it matters:** Sacroiliitis is the **hallmark of spondyloarthritis and essentially pathognomonic when present**. It is the earliest radiographic finding in ankylosing spondylitis and is required for the modified New York criteria for AS diagnosis. Its presence in a patient with inflammatory back pain"
gen-015,bge,BAAI/bge-small-en-v1.5,http://purl.bioontology.org/ontology/AIR/DXANK,early,"Early axial SpA, MRI not yet diagnostic",rich,"**PATIENT VIGNETTE**

**Chief Complaint:** Lower back pain for 3 months

**History of Present Illness:**
A 24-year-old male presents with a 3-month history of progressive lower back pain and morning stiffness. The pain is localized to the lumbar spine and sacroiliac region, worse in the early morning (stiffness lasting approximately 45 minutes), and improves somewhat with activity and NSAIDs. He denies current joint swelling but reports mild discomfort in both knees intermittently over the past 6 weeks. He has no history of psoriasis, inflammatory bowel disease, or recent gastrointestinal symptoms. There is no documented history of uveitis, though he reports occasional eye discomfort attributed to allergies.

**Family History:**
Father with chronic back pain (onset age 32); no other family history of autoimmune or rheumatologic conditions documented.

**Examination Findings:**
- Vital signs stable, no fever
- Spine: reduced lumbar flexion (fingertips 12 cm from floor on forward bend); bilateral sacroiliac tenderness elicited
- Knees: no effusions, full range of motion, mild discomfort with palpation of joint lines
- Peripheral joints: no swelling or warmth
- Skin and nails: normal, no psoriatic plaques
- Eyes: clear, no conjunctival injection

**Investigations:**
- ESR: 18 mm/hr (normal <10)
- CRP: 7.2 mg/L (normal <3.0)
- RF and anti-CCP: negative
- ANA: negative
- Complete blood count: normal
- Comprehensive metabolic panel: normal
- HLA-B27: positive
- Sacroiliac radiographs: equivocal—possible early bilateral changes, but radiologist notes findings are not definitively diagnostic of inflammatory change

**Assessment:**
24-year-old man with 3 months of inflammatory back pain, sacroiliac tenderness, and mild elevated inflammatory markers. HLA-B27 positive. Imaging findings currently inconclusive. Differential diagnosis remains broad at this stage.",2500,"# RHEUMATOLOGIC DIFFERENTIAL DIAGNOSIS CONSULTATION

---

## PRIMARY DIAGNOSIS: Axial Spondyloarthritis (AS) / Undifferentiated SpA

**Confidence:** High

**Supporting findings:**
- Classic inflammatory back pain pattern: age 24, morning stiffness >30 minutes, improvement with activity and NSAIDs, worse in early morning
- HLA-B27 positivity in a young male with sacroiliac/lumbar pain (highly discriminating)
- Objective inflammatory markers (ESR 18, CRP 7.2) with sacroiliac and lumbar tenderness on examination

**Findings against:**
- Sacroiliac radiographs show equivocal rather than definitive inflammatory changes (though early disease may not yet show radiographic erosions); imaging may lag clinical presentation by months to years
- Peripheral joint involvement is minimal (mild knee discomfort only, no synovitis on exam), though axial-predominant disease is common in early AS

---

## DIFFERENTIAL DIAGNOSIS:

1. **Psoriatic Arthritis/Spondyloarthritis** (15%) — for: young male, inflammatory markers elevated, sacroiliac involvement | against: no psoriasis/nail involvement documented; peripheral polyarthritis pattern not prominent

2. **Inflammatory Bowel Disease-associated Spondyloarthritis (IBD-SpA)** (10%) — for: HLA-B27 positive, axial inflammation pattern | against: explicitly denies inflammatory bowel symptoms; no history of GI disease; would typically expect GI manifestations

3. **Reactive Arthritis/post-infectious SpA** (5%) — for: young male, acute inflammatory presentation | against: no clear preceding infection; 3-month duration suggests established rather than acute reactive process; no urethritis/conjunctivitis/diarrhea reported

4. **Mechanical/degenerative low back pain with incidental HLA-B27** (3%) — for: young age could suggest trauma/structural etiology | against: inflammatory pattern (morning stiffness >30 min, improvement with activity/NSAIDs), elevated acute phase reactants, and positive HLA-B27 make mechanical etiology unlikely

---

## REASONING:

This patient presents with a textbook inflammatory back pain syndrome in a young male with HLA-B27 positivity—a combination that creates high pre-test probability for spondyloarthritis. The morning stiffness duration (45 minutes) exceeds mechanical thresholds, the pain's improvement with NSAIDs and activity rather than rest is characteristic of inflammatory disease, and the sacroiliac tenderness with lumbar limitation objectively supports axial inflammation. Although elevated acute phase reactants (ESR, CRP) support inflammation, they are modest—consistent with early axial SpA where inflammatory burden can be subclinical. The equivocal radiographic findings do not argue against AS, as early disease often exhibits clinical inflammation before radiographic changes become apparent; MRI typically detects inflammatory changes 6-12 months before plain radiographs. The mild knee involvement is a minor point favoring broader SpA spectrum diagnosis but does not change the primary diagnostic direction. Negative RF, anti-CCP, and ANA effectively exclude rheumatoid arthritis and systemic lupus erythematosus.

---

## NEXT STEP:

**MRI of the sacroiliac joints and lumbar spine (STIR and T1-weighted sequences with contrast).**

**Expected finding:** If axial spondyloarthritis is present, MRI should demonstrate bilateral sacroiliitis with bone marrow edema (STIR hyperintensity) and/or early inflammatory changes in the lumbar spine (chronic inflammatory changes: fatty infiltration of the corners of vertebral bodies, syndesmophytes). This imaging modality has superior sensitivity for early inflammatory change compared to plain radiographs and meets ASAS classification criteria for axial SpA when combined with HLA-B27 positivity and clinical inflammatory back pain pattern. A negative MRI would significantly lower confidence in AS diagnosis and prompt reconsideration of alternative etiologies (mechanical back pain, other systemic disease).","# STRUCTURED DIFFERENTIAL DIAGNOSIS

**PRIMARY DIAGNOSIS: Ankylosing Spondylitis (Early/Seronegative)**

**Confidence: High**

**Supporting findings:**
1. **HLA-B27 positivity** — foundational genetic marker present in 90% of AS patients; dramatically increases pre-test probability in this demographic
2. **Inflammatory back pain phenotype** — classic triad of lumbar pain, morning stiffness (45 minutes duration), and improvement with activity/NSAIDs fits AS criteria precisely
3. **Sacroiliac involvement** — bilateral sacroiliac tenderness on examination with equivocal radiographic changes consistent with early sacroiliitis (sacroiliitis is the pathognomonic entry point for AS)

**Findings against:**
1. None identified — clinical presentation aligns with early spondyloarthropathy; early radiographic equivocality is expected (up to 10% of AS patients have persistently normal imaging in first 2 years)

---

## DIFFERENTIAL DIAGNOSIS:

1. **Undifferentiated Spondyloarthropathy (SpA) / Possible AS** (65%) — *for:* HLA-B27+, inflammatory back pain, sacroiliac tenderness, elevated ESR/CRP | *against:* Equivocal imaging (though doesn't exclude early disease)

2. **Reactive Arthritis / Enteropathic SpA** (15%) — *for:* Young male, acute-onset back pain, oligoarticular knee involvement, elevated inflammatory markers | *against:* No documented GI symptoms, no recent dysentery/enteric infection history, no urogenital symptoms reported

3. **Psoriatic Arthritis (axial-predominant)** (10%) — *for:* Young age, inflammatory back pain, sacroiliac involvement | *against:* No psoriatic plaques on skin examination, no nail involvement, no peripheral polyarthropathy pattern typical of PsA

4. **Lumbar Mechanical Back Pain with Incidental HLA-B27** (7%) — *for:* Equivocal imaging, self-limited course possible | *against:* Morning stiffness duration (45 min), bilateral sacroiliac tenderness, elevated inflammatory markers inconsistent with purely mechanical etiology

5. **Rheumatoid Arthritis** (3%) — *for:* Morning stiffness, inflammatory markers elevated | *against:* Seronegative (RF/anti-CCP negative), symmetric MCP involvement absent, sacroiliac predominance atypical for RA

---

## REASONING:

This 24-year-old male presents with the archetypal inflammatory back pain syndrome in the HLA-B27+ population. The combination of **progressive lumbar/sacroiliac pain, prolonged morning stiffness improving with activity, and HLA-B27 positivity** establishes an exceptionally high pre-test probability for axial spondyloarthropathy, with ankylosing spondylitis being the prototype. The **bilateral sacroiliac tenderness on examination** is a critical clinical localizing sign; HLA-B27 positivity increases the odds ratio for inflammatory sacroiliitis ~100-fold in this setting. While inflammatory markers are only mildly elevated (ESR 18, CRP 7.2), approximately 15% of biopsy-proven AS patients have normal ESR/CRP, making seronegative status non-exclusionary. The **equivocal radiographic findings are expected in early disease**; longitudinal imaging often clarifies diagnosis within 12–24 months. The negative RF/anti-CCP and ANA effectively exclude rheumatoid arthritis and systemic lupus erythematosus. The absence of psoriatic features and GI/urogenital symptoms makes reactive arthritis and PsA less likely, though early undifferentiated SpA remains diagnostically viable pending imaging evolution.

---

## NEXT STEP:

**MRI of the sacroiliac joints and lumbar spine (T1/T2 and STIR sequences)** — This is the single highest-yield investigation to confirm or refute early inflammatory sacroiliitis. 

**Expected finding:** STIR hyperintensity (bone marrow edema) at the sacroiliac joint margins bilaterally would be consistent with active inflammatory sacroiliitis and strongly support AS diagnosis. Normal MRI would argue toward mechanical etiology or require r","# PRIMARY DIAGNOSIS: Ankylosing Spondylitis (Axial Spondyloarthritis)

---

## TEACHING POINTS

### Finding: Inflammatory Back Pain (Age, Pattern, and Duration)

**What:** Back pain with onset before age 40 (typically <35), morning stiffness lasting >30 minutes, pain worse in early morning, improvement with activity/NSAIDs, and insidious progression over weeks to months.

**Why it matters:** This pattern is *highly suggestive* of axial spondyloarthritis (including ankylosing spondylitis) and distinguishes it from mechanical back pain (which worsens with activity, improves with rest, has no morning stiffness). The age at onset and inflammatory character are core criteria. Mechanical pain typically improves within 6 weeks; this patient's 3-month progressive course is concerning for inflammatory disease. The response to NSAIDs suggests true inflammation, not degenerative disease.

**How to assess it:** 
- **Detailed history:** Ask when pain first occurred, whether onset was sudden or gradual, what time of day it is worst, what makes it better/worse.
- **Quantify morning stiffness:** Ask the patient to note how long it takes for pain/stiffness to resolve after waking (>30 min is a red flag).
- **Schober's test:** Mark the spine at the L5 level and 10 cm above; have patient forward-flex maximally and remeasure. Normal: >5 cm increase in distance. <5 cm increase suggests reduced lumbar mobility (as seen here: fingertips 12 cm from floor is diminished).
- **ASAS criteria:** The Assessment of Spondyloarthritis International Society uses inflammatory back pain criteria as a major feature.

---

### Finding: Sacroiliac Joint Involvement (Tenderness + Imaging)

**What:** The sacroiliac joints (SI joints) are the primary site of inflammation in axial spondyloarthritis. Bilateral sacroiliac tenderness on compression/distraction maneuvers (FABER, FABERE tests, or direct palpation) suggests SI joint pathology. Radiographic changes include symmetric bilateral sclerosis, erosions, and eventual fusion.

**Why it matters:** SI joint involvement is *pathognomonic* for spondyloarthritis. It distinguishes this from rheumatoid arthritis (which typically spares SI joints), lupus, and Sjögren's syndrome. The bilateral, symmetric pattern is characteristic of SpA; unilateral disease suggests trauma or infection. Early radiographic changes (sclerosis) may be subtle, but SI joint inflammation on imaging (even if radiographs are equivocal) is a major criterion for axial SpA diagnosis.

**How to assess it:**
- **Physical examination:**
  - **FABER test:** Flex, ABduct, externally Rotate the hip; positive if pain at SI joint.
  - **FABERE test:** Extend the opposite hip (Patrick's test variant).
  - **SI joint compression:** Cross arms over chest, apply lateral pressure over iliac crests.
  - **SI joint distraction:** Apply downward pressure on anterior superior iliac spines.
- **Imaging:**
  - **Plain radiographs:** Look for bilateral symmetric sclerosis (whitening of subchondral bone), erosions, and bridging syndesmophytes (fusion).
  - **MRI:** More sensitive early on; shows bone marrow edema in SI joints (T2 STIR or short tau inversion recovery sequences) even before X-ray changes appear. This is crucial for early diagnosis.
  - **CT:** Reserved if MRI unavailable; high sensitivity for sclerotic/erosive changes.

---

### Finding: HLA-B27 Positivity

**What:** HLA-B27 is a human leukocyte antigen (MHC class I molecule) present in ~7% of the general population but in 90% of patients with ankylosing spondylitis. It is thought to confer genetic predisposition via a molecular mimicry or ""arthritogenic peptide"" mechanism.

**Why it matters:** 
- **Highly associated with SpA:** If a patient has HLA-B27 + inflammatory back pain + SI joint involvement, the pre-test probability of SpA is very high.
- **Not diagnostic alone:** HLA-B27 is *necessary but not sufficient*;","# PRIMARY DIAGNOSIS: Ankylosing Spondylitis (AS)

---

## TEACHING POINTS

### Finding: Inflammatory Back Pain Pattern (Morning Stiffness >30 min, Improvement with Activity)

**What:** 
Back pain that awakens the patient in the second half of the night or early morning, accompanied by stiffness lasting ≥30 minutes that improves with activity and exercise, but typically worsens with rest. This is distinct from mechanical back pain, which improves with rest and worsens with activity.

**Why it matters:** 
This is a cardinal feature of axial spondyloarthropathy and strongly suggests inflammatory spinal disease rather than mechanical pain. The fact that NSAIDs help is also telling—mechanical back pain may improve with NSAIDs only through pain relief, whereas inflammatory back pain classically *responds well* to NSAIDs at therapeutic doses. RA typically presents with symmetric peripheral joint stiffness and pain, not primarily spinal pain. Mechanical degenerative disc disease would worsen, not improve, with activity. The 45-minute morning stiffness duration in a 24-year-old is particularly red-flag for AS.

**How to assess:** 
Ask directly: *""When do you wake up with back stiffness—early morning or middle of night?""* *""Does it get better when you get out of bed and move around, or worse?""* *""How long does it take to loosen up?""* Also ask about improvement with warm showers (inflammatory pain often improves with heat and activity; mechanical pain does not). Note the time course of stiffness duration.

---

### Finding: Sacroiliac Joint Tenderness and Bilateral Sacroiliitis (Imaging)

**What:** 
The sacroiliac joints are the junction between the sacrum and iliac bones. Sacroiliitis is inflammatory changes in these joints; it is the hallmark radiologic finding in spondyloarthropathy. Clinical sacroiliac tenderness is elicited by stress tests (FABER test, thigh thrust, or direct palpation over the joint).

**Why it matters:** 
Sacroiliitis is *pathognomonic* for spondyloarthropathy, particularly AS. RA does not cause sacroiliitis; it affects small peripheral joints symmetrically (MCPs, wrists, shoulders). Polymyalgia rheumatica (PMR) causes proximal girdle pain (shoulders, hips) without sacroiliitis. In AS, sacroiliitis is often bilateral and symmetric and is typically the *first* radiologic change (before syndesmophytes appear in the spine). The fact that this patient has clinical tenderness plus radiographic evidence of early bilateral changes is highly specific for AS.

**How to assess:** 
**Clinically:** Perform FABER test (hip flexed, abducted, externally rotated; press down on ipsilateral knee to stress the joint), thigh thrust test (patient supine, examiner applies posterior force through flexed knee), and direct posterior palpation over the sacroiliac joint line. **Radiographically:** Obtain AP pelvis X-rays or MRI of the sacroiliac joints. Early inflammatory changes appear as joint space widening, periarticular erosions, and sclerosis. MRI is more sensitive for early inflammation (bone marrow edema) before X-ray changes appear.

---

### Finding: HLA-B27 Positivity

**What:** 
HLA-B27 is a human leukocyte antigen (tissue-type marker) present in ~7–8% of the general US population but in >90% of AS patients of European descent. It is found in 60–80% of other spondyloarthropathies.

**Why it matters:** 
HLA-B27 is highly associated with AS and spondyloarthropathy. A positive HLA-B27 in the setting of inflammatory back pain + sacroiliitis is very strong evidence for AS. However, HLA-B27 alone is *not* diagnostic—many asymptomatic individuals carry the allele. Conversely, its absence does not exclude AS (10% of AS patients are HLA-B27 negative). RA is *not* associated with HLA-B27; RA is associated with RF and anti-CCP. PMR is not HLA-B27 associated.

**How to assess:** 
**Laboratory test:** HLA-B27 typing via flow cyt"
gen-016,bge,BAAI/bge-small-en-v1.5,http://purl.bioontology.org/ontology/AIR/DXPMR,classic,Classic PMR with steroid response,rich,"**CLINICAL VIGNETTE**

**Chief Complaint:** ""I can barely get out of bed in the morning""

**History of Present Illness:**
A 68-year-old woman presents with a 6-week history of severe bilateral shoulder and hip pain with prominent morning stiffness. She reports that stiffness lasts approximately 90 minutes each morning, during which time she struggles to raise her arms to wash her hair or climb stairs. The pain is described as a deep ache rather than sharp, and is accompanied by significant functional limitation. She denies joint swelling but notes diffuse muscle tenderness over the shoulders and hip girdles. She reports concurrent low-grade fever (37.8°C) and unintentional weight loss of 3 kg over this period. She denies headache, scalp tenderness, or vision changes. Symptoms began acutely approximately 2 weeks after a viral upper respiratory infection.

**Past Medical History:** 
Hypertension (controlled on lisinopril), hyperlipidemia, osteoporosis

**Medications:** 
Lisinopril, atorvastatin, alendronate

**Review of Systems:** 
Denies jaw claudication, diplopia, or constitutional symptoms beyond fever and weight loss. Denies rash. No recent malignancy screening.

**Physical Examination:**
- General: Mild distress, moves slowly
- Vitals: BP 142/88, HR 88, T 37.6°C
- MSK: No synovitis on examination. Severe limitation of shoulder abduction and external rotation bilaterally. Hip flexion and abduction limited by pain. Marked tenderness to palpation over deltoids, supraspinatus, and gluteal musculature bilaterally. Cervical spine range of motion preserved.
- Neurologic: Strength 5/5 throughout upper and lower extremities; reflexes intact and symmetric
- Temporal arteries: Non-tender, normal pulsations bilaterally

**Laboratory Studies:**
- ESR: 54 mm/hr
- CRP: 8.2 mg/dL (normal <0.3)
- Hemoglobin: 10.8 g/dL (mild normocytic an",2500,"# RHEUMATOLOGY DIFFERENTIAL DIAGNOSIS CONSULTATION

## PRIMARY DIAGNOSIS: Polymyalgia Rheumatica (PMR)
**Confidence:** High

**Supporting findings:**
- Classic presentation: bilateral shoulder and hip girdle pain with severe morning stiffness (90 minutes) in a patient >60 years old
- Marked elevation of inflammatory markers (ESR 54 mm/hr, CRP 8.2 mg/dL) disproportionate to mild clinical findings
- Acute onset (6 weeks) with constitutional symptoms (low-grade fever, unintentional weight loss, mild anemia) and dramatic functional impairment out of proportion to objective joint findings

**Findings against:**
- None identified. Absence of headache/scalp tenderness does not exclude PMR; these features suggest giant cell arteritis (GCA) overlap, but GCA is not required for PMR diagnosis.

---

## DIFFERENTIAL DIAGNOSIS:

1. **Giant Cell Arteritis (GCA) with PMR overlap** (15-20%) — 
   - *for:* Age >60, elevated ESR/CRP, constitutional symptoms, temporal artery examination normal but does not exclude GCA
   - *against:* Absence of headache, scalp tenderness, or vision changes; normal temporal artery palpation; no jaw claudication reported

2. **Rheumatoid Arthritis (RA)** (8-12%) — 
   - *for:* Bilateral symmetric shoulder/hip involvement, elevated inflammatory markers, morning stiffness, weight loss
   - *against:* Absence of synovitis on joint examination; pain described as deep muscular ache rather than articular; acute post-viral onset atypical for RA; would expect polyarticular involvement (hands, wrists, knees)

3. **Viral myositis/myalgia** (5-8%) — 
   - *for:* Clear temporal relationship to recent upper respiratory infection; acute onset; myalgias with preserved strength
   - *against:* Marked elevation of systemic inflammatory markers (ESR/CRP) and anemia unusual for uncomplicated viral myalgia; 6-week duration suggests persistent inflammatory process beyond typical viral timeline

4. **Polymyositis/Dermatomyositis** (3-5%) — 
   - *for:* Proximal muscle weakness and pain, elevated inflammatory markers, weight loss
   - *against:* Strength documented as 5/5 throughout; absence of typical skin findings (heliotrope rash, Gottron's papules); CK level not provided but clinical weakness absent

---

## REASONING:

This presentation is **pathognomonic for polymyalgia rheumatica**: a 68-year-old woman with the clinical pentad of (1) age >60, (2) acute-onset proximal muscle pain and stiffness, (3) severe morning stiffness >1 hour, (4) markedly elevated inflammatory markers, and (5) dramatic functional impairment without objective articular or muscular findings on examination. The normocytic anemia and post-viral timeline further support this diagnosis.

The critical discriminating feature is the **discordance between subjective severity and objective findings**—the patient's profound functional limitation (cannot raise arms, climb stairs) contrasts sharply with preserved strength testing and absence of synovitis. This pattern is characteristic of PMR, where inflammation is felt to be primarily in bursal and periarticular structures rather than synovium or muscle proper. 

The 6-week timeline distinguishes this from simple viral myalgia, which typically resolves within 2-3 weeks. While GCA must be considered in any PMR patient >60 (occurring in 15-20% of PMR cases), the complete absence of cranial ischemic symptoms and normal temporal artery findings make clinically evident GCA less likely, though biopsy may still be warranted depending on clinical suspicion.

RA is excluded by the absence of detectable synovitis and the dramatic acute post-viral onset typical of PMR rather than RA's usual insidious presentation.

---

## NEXT STEP:

**Temporal artery biopsy (unilateral preferred) with contemporaneous ultrasound of temporal and axillary arteries to assess for GCA.**

**Expected finding:** 
- If negative: Confirms PMR without GCA; proceed with corticosteroid therapy monitoring for treatment response
- If positive (granulomatous inflammation, giant cells):","# DIFFERENTIAL DIAGNOSIS ANALYSIS

## PRIMARY DIAGNOSIS: Polymyalgia Rheumatica (PMR)
**Confidence: High**

**Supporting findings:**
- Bilateral proximal shoulder and hip girdle pain with severe morning stiffness lasting 90 minutes in a 68-year-old woman—the classic presentation of PMR
- Markedly elevated inflammatory markers (ESR 54 mm/hr, CRP 8.2 mg/dL) with acute onset after viral illness, fitting the typical temporal pattern
- Absence of joint swelling with preserved strength (5/5) and normal neurologic exam, excluding myositis or polyarthritis; diffuse muscle tenderness consistent with PMR rather than true myopathy

**Findings against:**
- Absence of headache, scalp tenderness, or vision changes argues against concurrent Giant Cell Arteritis (GCA), though GCA must still be considered given age and markedly elevated ESR
- No synovitis on examination makes rheumatoid arthritis or other polyarthropathies less likely

---

## DIFFERENTIAL DIAGNOSIS:

1. **Giant Cell Arteritis (GCA) / Temporal Arteritis (15%)** — for: age >65, markedly elevated ESR/CRP, constitutional symptoms (fever, weight loss) | against: normal temporal artery examination, no headache/scalp tenderness/vision symptoms, absence of cranial ischemic symptoms

2. **Rheumatoid Arthritis (10%)** — for: bilateral morning stiffness, elevated inflammatory markers, age appropriate | against: no joint swelling on examination, no synovitis detected, symmetric proximal distribution atypical for RA onset

3. **Ankylosing Spondylitis or Axial Spondyloarthropathy (8%)** — for: morning stiffness improving with activity, age presentation | against: marked hip/shoulder girdle involvement rather than axial spine pattern, preserved cervical spine ROM, no mention of sacroiliac pain or inflammatory back pain characteristics

4. **Systemic Lupus Erythematosus or other connective tissue disease (7%)** — for: constitutional symptoms, elevated inflammatory markers | against: no rash, no photosensitivity mention, older age at onset, clinical pattern not typical for SLE

5. **Malignancy-associated myositis/paraneoplastic syndrome (5%)** — for: acute onset, constitutional symptoms, age | against: preserved strength (5/5), normal neurologic exam, no muscle enzyme elevation mentioned (CK typically elevated in myositis)

---

## REASONING:

This 68-year-old woman presents with the archetypal triad of PMR: **bilateral proximal shoulder and hip girdle pain, prolonged morning stiffness (90 minutes), and markedly elevated acute-phase reactants (ESR 54, CRP 8.2) in a patient >60 years old**. The acute temporal relationship to a viral illness is consistent with an inflammatory trigger. Critically, the **absence of true joint swelling with preserved muscle strength and normal neurologic examination** effectively excludes myositis, polyarthritis, and myopathy. The clinical examination findings—shoulder and hip limitation with preserved cervical range of motion and non-tender temporal arteries—are most consistent with PMR alone rather than GCA overlap, though the high ESR warrants vigilance for occult GCA. The **lack of constitutional symptoms beyond low-grade fever and modest weight loss, combined with normal temporal arteries and absence of cranial symptoms**, makes isolated GCA less likely, though it remains in the differential given the marked inflammatory response and age. Ankylosing spondylitis is effectively excluded by the proximal girdle distribution, preserved spinal mobility, and absence of characteristic inflammatory back pain with sacroiliac involvement.

---

## NEXT STEP:

**Temporal artery biopsy or high-resolution temporal artery ultrasound (preferably within 1 week of presentation)** to exclude Giant Cell Arteritis before initiating corticosteroid therapy. 

**Expected finding in PMR alone:** Normal temporal artery histology or ultrasound (no vasculitis, intimal proliferation, or giant cells).

**If GCA is confirmed:** Arterial biopsy showing necrotizing vasculitis with granulomatous inflammation and giant cells, necessitating higher-dose corticosteroid initiation (prednisone 40-60 mg daily vs. PMR monotherapy at 15-20 mg daily).

**","# PRIMARY DIAGNOSIS: Polymyalgia Rheumatica (PMR)

---

## TEACHING POINTS

**Finding: Bilateral Shoulder and Hip Girdle Pain with Morning Stiffness >1 Hour**

**What:** 
Symmetric pain and stiffness affecting the proximal muscles of the shoulders (deltoids, rotator cuff), hip girdles (glute, hip flexors), and often the neck and torso. Morning stiffness lasting 45 minutes to several hours is characteristic. The pain is described as a deep ache rather than sharp articular pain.

**Why it matters:** 
This is the *sine qua non* of PMR. The distinctive feature is proximal distribution—PMR affects the hip and shoulder girdles almost exclusively, sparing distal joints. This pattern immediately narrows the differential. The prolonged morning stiffness (>1 hour here) reflects inflammatory muscle and periarticular disease rather than osteoarthritis, which typically improves within 15-30 minutes. The acute onset and bilaterality argue against mechanical or structural causes.

**How to assess:** 
- Ask specifically: *""When you wake up in the morning, how long does it take before you can move your shoulders and hips normally?""*
- Assess functional impact: Can she abduct shoulders? Climb stairs? Rise from a chair?
- Observe passive and active range of motion; note whether limitation is from pain or true weakness (in PMR, strength is preserved unless secondary polymyositis develops)
- Document the distribution explicitly—if distal joints (wrists, knees, ankles) are painful, reconsider the diagnosis

---

**Finding: Elevated Inflammatory Markers (ESR 54, CRP 8.2)**

**What:** 
The erythrocyte sedimentation rate (ESR) reflects the settling velocity of RBCs in plasma and is elevated in systemic inflammation. C-reactive protein is an acute-phase reactant produced by the liver during IL-6-mediated inflammation. Both are nonspecific but extremely sensitive in PMR.

**Why it matters:** 
PMR is almost invariably associated with markedly elevated inflammatory markers—typically ESR >40 mm/hr and CRP >2.4 mg/dL. An *entirely normal* ESR in a clinically suspected case should trigger skepticism about the diagnosis. These markers serve two purposes: (1) supporting the diagnosis and (2) providing a baseline for monitoring treatment response and flares. The magnitude of elevation doesn't correlate with symptom severity but does help gauge disease activity.

**How to assess:** 
- Obtain ESR (Westergren method preferred) and CRP simultaneously in suspected PMR
- Understand that ESR can be falsely elevated by anemia, age, and renal disease; CRP is more specific for acute inflammation
- Use these as part of the diagnostic triad, but *never* diagnose PMR on labs alone—clinical context is essential
- Baseline measurements are critical for serial monitoring during corticosteroid tapering

---

**Finding: Low-Grade Fever and Unintentional Weight Loss**

**What:** 
Fever defined here as 37.8°C (low-grade, <38.5°C). Weight loss of 3 kg over 6 weeks (approximately 0.5 kg/week) in the absence of dietary changes or intentional dieting.

**Why it matters:** 
Constitutional symptoms occur in ~50% of PMR patients and reflect the systemic inflammatory state. The combination of fever + weight loss + elevated ESR/CRP should alert you to *systemic disease*, not simple musculoskeletal pathology. This finding also broadens the differential to include malignancy, infection, or other autoimmune conditions—making a thorough workup mandatory. The temporal relationship to a URI is noted but shouldn't anchor you; viral triggers are common, but the underlying disease is inflammatory, not infectious.

**How to assess:** 
- Quantify weight loss: Ask about baseline weight, recent measurements, and whether loss was intentional
- Take temperature; understand that PMR fever is typically low-grade and may not be present at each visit
- When constitutional symptoms are present, ensure malignancy screening is current (age-appropriate colorectal, breast, lung screening), as PMR-associated malignancy risk is slightly elevated
- Evaluate for B symptoms systematically (fever, night sweats, weight loss); isolated weight loss without fever/night sweats slightly increases concern for malignancy

---

**Finding: Preserved Strength (5","# PRIMARY DIAGNOSIS: Polymyalgia Rheumatica (PMR)

---

## TEACHING POINTS:

### Finding: Bilateral proximal shoulder and hip girdle pain with morning stiffness >1 hour

**What:** 
Symmetric, aching pain predominantly affecting the muscle groups around the shoulders (deltoids, rotator cuff) and hip girdles (gluteals, hip flexors), worse upon awakening and improving gradually with activity throughout the day. The 90-minute duration is clinically significant—PMR characteristically causes stiffness lasting >45 minutes, often 1-2 hours.

**Why it matters:**
This is the *pathognomonic triad* of PMR: bilateral, proximal, and inflammatory morning stiffness. It's the most specific clinical presentation in rheumatology. The location matters enormously—PMR affects the shoulder and hip girdles (the ""girdle distribution""), not the small joints of hands and feet (which would suggest rheumatoid arthritis). The morning predominance reflects the nocturnal accumulation of inflammatory cytokines and synovial fluid with dependent positioning. This finding alone, in the appropriate age group, dramatically raises PMR probability.

**How to assess:**
- **Detailed temporal history**: When does stiffness peak? How long does it last? Does activity improve it?
- **Functional assessment**: ""Can you raise your arms to wash your hair?"" ""Can you rise from a seated position?"" These simple tasks discriminate PMR from other causes of shoulder pain.
- **Palpation**: Distinguish muscular tenderness (PMR) from joint line tenderness (arthritis). In PMR, the pain is *over* muscle bellies, not at joint articulations.
- **Range of motion testing**: In PMR, limitation is due to pain and stiffness, not structural joint disease. Once warmed up, motion often improves.

---

### Finding: Elevated acute phase reactants (ESR 54 mm/hr, CRP 8.2 mg/dL)

**What:**
ESR (erythrocyte sedimentation rate) and CRP (C-reactive protein) are non-specific markers of systemic inflammation. ESR reflects fibrinogen and immunoglobulin levels; CRP is a direct hepatic response to IL-6. In this case, both are substantially elevated—ESR >50 is particularly notable.

**Why it matters:**
PMR is fundamentally an **inflammatory disease**, and elevated inflammatory markers are *required* for diagnosis (along with clinical features). An ESR <40 mm/hr should prompt reconsideration of the diagnosis. The degree of elevation sometimes correlates with disease severity. However—and this is critical teaching—PMR without elevated ESR/CRP (~5-10% of cases) can occur, especially in older patients. Conversely, high ESR/CRP don't distinguish PMR from other inflammatory conditions (RA, vasculitis, malignancy, infection). The clinical context is paramount.

**How to assess:**
- Obtain both ESR and CRP at baseline. ESR may lag behind clinical improvement by weeks, whereas CRP tracks more closely with therapeutic response.
- Use ESR/CRP to *support* clinical diagnosis, not establish it. A patient with classic PMR symptoms but ""normal"" inflammatory markers warrants careful re-evaluation.
- Monitor ESR/CRP during corticosteroid taper to detect relapses (rising markers before clinical symptoms may herald disease flare).
- In this patient, the ESR/CRP concordance (both elevated) strengthens the PMR diagnosis and argues against some mimics.

---

### Finding: Age 68 years; acute onset after viral illness

**What:**
PMR is predominantly a disease of older adults, with median onset age 70 years and rare presentation before age 50. Acute onset over days to weeks is typical; the 6-week duration here is classic. The temporal relationship to viral URTI is clinically observed but not definitively proven mechanistically.

**Why it matters:**
Age is *the* strongest risk factor for PMR—this is not a young person's disease. The demographic alone makes PMR far more likely than, say, systemic lupus erythematosus (SLE) or early-onset RA in a 68-year-old with this presentation. Viral triggers may unmask predisposed individuals through molecular mimicry or bystander immune activation, though causation remains speculative.

**How to assess:**
- Document patient age clearly—it's a crucial part of"
gen-017,bge,BAAI/bge-small-en-v1.5,http://purl.bioontology.org/ontology/AIR/DXPMR,atypical,PMR with normal ESR,rich,"# Chief Complaint
""Stiffness and aching in my shoulders and hips""

# History of Present Illness
A 71-year-old woman presented to rheumatology clinic with a 6-week history of bilateral shoulder and hip pain with significant morning stiffness lasting 90 minutes. She reports progressive difficulty with overhead activities and rising from a chair. She denies any recent infections, malignancy screening was up to date, and she has no constitutional symptoms aside from mild fatigue. Notably, she has preserved grip strength bilaterally and denies any hand or wrist involvement.

Her primary care physician initiated prednisone 15 mg daily two weeks ago with incomplete symptomatic improvement—she notes about 40% reduction in stiffness but ongoing hip discomfort, which is somewhat atypical for the expected dramatic response.

# Past Medical History
Hypertension (well-controlled on amlodipine), hyperlipidemia, osteoporosis diagnosed 3 years ago

# Medications
Amlodipine, atorvastatin, prednisone 15 mg daily, calcium/vitamin D supplementation

# Physical Examination
- General: Well-appearing, no acute distress
- Vital signs: BP 138/82, HR 78, afebrile
- Musculoskeletal: Pain with passive abduction of shoulders bilaterally; pain with hip flexion and internal rotation; no synovitis noted; full elbow and wrist range of motion without pain
- Neurologic: 5/5 strength throughout, normal reflexes, no focal deficits

# Laboratory Results
- ESR: 48 mm/hr (reference <20)
- CRP: 2.1 mg/dL (reference <0.3)
- Complete metabolic panel: Normal
- CBC: Mild normocytic anemia (Hgb 11.8 g/dL)
- Rheumatoid factor: Negative
- Anti-CCP antibodies: Negative
- ANA: Negative
- TSH: 2.1 mIU/L

# Imaging
Shoulder radiographs: Mild glenohumeral osteoarthritis bilaterally

# Assessment
71-year",2500,"# DIFFERENTIAL DIAGNOSIS ANALYSIS

## PRIMARY DIAGNOSIS: Giant Cell Arteritis (Temporal Arteritis)
**Confidence: High**

**Supporting findings:**
- Age 71 (peak incidence 70-80 years) with new-onset proximal shoulder and hip pain
- Elevated inflammatory markers (ESR 48 mm/hr, CRP 2.1 mg/dL) indicating systemic inflammation
- Suboptimal response to prednisone 15 mg daily after 2 weeks (only 40% improvement in stiffness with persistent hip discomfort is atypical for pure PMR)

**Findings against:**
- No temporal headache, visual symptoms, or jaw claudication documented (though absence doesn't exclude GCA)
- No polymyalgia rheumatica features (preserved grip strength, no small joint involvement)—though GCA can present with shoulder/hip pain without classic PMR

---

## DIFFERENTIAL DIAGNOSIS:

1. **Polymyalgia Rheumatica (PMR)** (65%) — for: classic age, bilateral shoulder/hip girdle pain, morning stiffness >1 hour, elevated ESR/CRP | against: incomplete prednisone response at standard dose (typically expect dramatic improvement within days), persistent hip symptoms

2. **Seronegative Rheumatoid Arthritis** (10%) — for: bilateral symmetric pain, elevated inflammatory markers, age >60 | against: negative RF and anti-CCP (highly sensitive in this age group), preserved grip strength, no hand/wrist involvement, no synovitis on exam

3. **Polymyositis/Dermatomyositis** (8%) — for: proximal muscle pain, age, mild anemia | against: preserved 5/5 strength throughout, no skin findings, no dysphagia/respiratory symptoms, CK not mentioned but clinical picture argues against myositis

4. **Osteoarthritis with reactive inflammation** (7%) — for: mild bilateral shoulder OA on imaging, age | against: 90-minute morning stiffness is excessive for primary OA, bilateral hip involvement with significant pain, elevated inflammatory markers out of proportion

5. **Hypothyroidism (occult)** (5%) — for: fatigue, arthralgia, osteoporosis history | against: TSH normal at 2.1 mIU/L, inflammatory markers markedly elevated (not typical for hypothyroidism alone)

6. **Malignancy-associated rheumatic syndrome** (5%) — for: age, constitutional symptoms (fatigue), anemia | against: recent cancer screening up to date, no B symptoms, normal metabolic panel, no weight loss reported

---

## REASONING:

This case presents a classic diagnostic fork between PMR and GCA, which exist on a spectrum of large-vessel inflammation in older adults. The patient's presentation strongly suggests **PMR as the primary syndrome** (age, bilateral shoulder/hip girdle pain, morning stiffness >1.5 hours, markedly elevated ESR/CRP), but the **incomplete response to prednisone 15 mg daily is the critical discriminating feature**. Standard PMR typically shows dramatic improvement (>80%) within 3-7 days of corticosteroid initiation; only 40% improvement after 2 weeks is atypical and raises concern for: (1) inadequate dose, (2) underlying GCA, or (3) alternative diagnosis entirely. The patient's age, persistent constitutional symptoms (fatigue), and mild anemia further increase pre-test probability for GCA. Negative RF/anti-CCP and preserved hand function effectively exclude rheumatoid arthritis. The normal TSH excludes hypothyroidism. The serologic negativity (ANA, RF, anti-CCP) combined with marked inflammatory markers without synovitis is classic for large-vessel vasculitis rather than systemic autoimmune disease.

---

## NEXT STEP:

**Temporal artery ultrasound (or alternatively, temporal artery biopsy if ultrasound positive)**

**Expected findings to support GCA:** Halo sign (hypoechoic intima-media layer thickening >0.5 mm) on temporal and axillary artery assessment, or positive biopsy showing granulomatous inflammation with giant cells. A negative temporal ultrasound with clinical suspicion would prompt axillary artery assessment (more sensitive) or proceeding directly to biopsy. Confirmation of GCA would explain the suboptimal steroid response (15","# DIFFERENTIAL DIAGNOSIS ANALYSIS

**PRIMARY DIAGNOSIS: Polymyalgia Rheumatica (PMR)**

**Confidence: High**

**Supporting findings:**
- Bilateral proximal shoulder and hip pain with significant morning stiffness (90 minutes) in a patient >70 years old—the classic demographic and presentation
- Elevated inflammatory markers (ESR 48 mm/hr, CRP 2.1 mg/dL) appropriate to disease severity
- Preserved grip strength and absence of synovitis/hand involvement, which excludes polyarticular inflammatory arthropathy

**Findings against:**
- Incomplete response to prednisone 15 mg daily after 2 weeks (only 40% improvement) is atypical, as PMR typically shows dramatic response within days to 1 week
- Hip discomfort persisting despite corticosteroid therapy warrants consideration of alternative or concurrent pathology

---

## DIFFERENTIAL DIAGNOSIS:

1. **Polymyalgia Rheumatica with atypical steroid response (65%)** — *for:* age, bilateral proximal girdle pain, morning stiffness duration, elevated acute phase reactants | *against:* incomplete steroid response at adequate dose

2. **Seronegative Rheumatoid Arthritis or late-onset RA (20%)** — *for:* bilateral symmetric pain, morning stiffness, elevated inflammatory markers | *against:* preserved grip strength, NO synovitis on exam, negative RF and anti-CCP antibodies, lack of small joint involvement

3. **Glenohumeral and Hip Osteoarthritis with secondary inflammation (10%)** — *for:* imaging shows bilateral shoulder OA, age-appropriate | *against:* does not explain elevated ESR/CRP, hip flexor/internal rotator pain pattern atypical for OA alone, 90-minute morning stiffness exceeds typical OA presentation

4. **Giant Cell Arteritis (GCA)/Temporal Arteritis with PMR overlap (5%)** — *for:* age and ESR elevation warrant screening | *against:* no headache, scalp tenderness, visual symptoms, or jaw claudication reported; temporal artery examination not documented as abnormal

---

## REASONING:

This 71-year-old woman presents with the archetypal PMR triad: age >70, bilateral proximal shoulder and hip pain, and prolonged morning stiffness. Negative RF/anti-CCP and preserved grip strength with absent synovitis effectively exclude seropositive and seronegative RA. The elevated ESR and CRP confirm active inflammation rather than mechanical OA, though radiographic changes suggest concurrent degenerative disease. 

The critical diagnostic puzzle is her **incomplete steroid response**—PMR classically exhibits dramatic improvement (>80%) within 3–7 days at 15 mg prednisone. Her 40% response after 2 weeks suggests either: (1) inadequate dosing or absorption, (2) concurrent non-PMR pathology (e.g., significant OA flare, myopathy), or (3) a diagnosis mimicker. The pain localization to hip flexion/internal rotation and persistent hip discomfort despite steroids is noteworthy and may indicate underlying hip osteoarthritis contributing proportionally to disability.

The negative ANA and normal TSH make systemic autoimmune disease and hypothyroidism unlikely contributors. GCA screening is warranted given age and ESR level, though absence of cranial symptoms is reassuring.

---

## NEXT STEP:

**Temporal artery ultrasound (or temporal artery biopsy if ultrasound abnormal)** to exclude Giant Cell Arteritis, which would mandate higher-dose corticosteroid therapy and long-term treatment.

*Expected finding:* Absence of halo sign or features of vasculitis would support isolated PMR and prompt investigation into steroid resistance (compliance check, malabsorption, concurrent hip OA contribution). If GCA features are present, dramatically escalate prednisone dosing and initiate tocilizumab or steroid-sparing agent.","# PRIMARY DIAGNOSIS: Polymyalgia Rheumatica (PMR)

---

## TEACHING POINTS

### Finding: Age of Onset
**What:** This patient is 71 years old, which places her squarely in the typical demographic for PMR. This is a disease of older adults, with peak incidence in those over 70.

**Why it matters:** PMR is rare before age 50 and should be considered a hallmark feature in the diagnosis. In contrast, many other rheumatic diseases (rheumatoid arthritis, systemic lupus erythematosus) can present across the lifespan. The age alone makes PMR much more likely here than, say, seronegative RA.

**How to assess it:** Simply documenting age is essential. When a patient >70 presents with this constellation, PMR moves to the top of your differential immediately. If a younger patient has this presentation, you should think much harder about alternatives.

---

### Finding: Bilateral Shoulder and Hip Pain with Morning Stiffness >1 Hour
**What:** The patient has symmetric pain in the proximal shoulder and hip girdles with prominent morning stiffness lasting 90 minutes. This is the *hallmark* of PMR—aching and stiffness in the shoulders, neck, hips, and thighs.

**Why it matters:** This *specific* distribution is pathognomonic for PMR. The involvement is proximal and girdle-like, not distal (hands, wrists, feet). Inflammatory arthropathies like RA typically cause distal joint pain (hands, wrists, knees) and have morning stiffness, but they don't characteristically spare the hands and present with isolated shoulder/hip pain. Osteoarthritis can cause shoulder and hip pain but usually wouldn't present this acutely and wouldn't cause such prolonged morning stiffness.

**How to assess it:** Ask specifically about the *distribution* and *duration* of stiffness. Where does the patient feel the stiffness first when she wakes? Can she raise her arms overhead? Can she rise from a seated position without help? Which joints hurt with movement? Document whether the pain is true joint pain or muscular aching.

---

### Finding: Elevated ESR and CRP with Negative Serologies
**What:** The patient has markedly elevated inflammatory markers (ESR 48, CRP 2.1) but negative rheumatoid factor, negative anti-CCP, negative ANA, and normal TSH. This is a *seronegative inflammatory state*.

**Why it matters:** PMR is characteristically associated with elevated inflammatory markers in ~90% of cases, but **negative autoimmune serology is the rule**. RF and anti-CCP negativity exclude RA. ANA negativity makes SLE unlikely. Normal TSH excludes hypothyroidism (which can cause aching and fatigue but doesn't typically cause this pattern of joint pain). The combination of inflammation + seronegative status strongly favors PMR over other diagnoses.

**How to assess it:** Always check both inflammatory markers AND autoimmune serology in any older adult with this presentation. If ESR/CRP are elevated but RF, anti-CCP, and ANA are negative, you've excluded many important alternatives and pointed toward PMR.

---

### Finding: Preserved Grip Strength and Absence of Hand/Wrist Involvement
**What:** On physical exam, the patient has normal grip strength bilaterally and no pain, swelling, or stiffness in her hands or wrists. She has full elbow and wrist range of motion without pain.

**Why it matters:** This is a crucial *negative* finding that argues against RA and other seronegative spondyloarthropathies. RA typically causes symmetrical hand and wrist pain and swelling (and grip strength is often reduced). If this patient had RA, you'd expect her to have wrist synovitis, hand synovitis, or both. The fact that her upper extremity pathology is isolated to the *shoulders* (not the small joints) is very consistent with PMR and inconsistent with RA.

**How to assess it:** Examine the hands carefully for swelling, warmth, and tenderness over the MCP and PIP joints. Assess grip strength using a handgrip dynamometer or by having the patient squeeze your fingers. Passively and actively move the wrists and elbows through their full range of motion. Document whether small joint involvement is present or absent.

---

### Finding: Partial Response to Pr","# PRIMARY DIAGNOSIS: Polymyalgia Rheumatica (PMR)

---

## TEACHING POINTS:

### Finding: Bilateral Proximal Shoulder and Hip Girdle Pain with Morning Stiffness

**What:** This is the hallmark presentation of PMR—aching (not typically sharp pain) in the shoulder and hip girdle muscles bilaterally, accompanied by morning stiffness lasting >45 minutes (this patient has 90 minutes). The stiffness reflects inflammatory edema in bursal and synovial tissues around large joints, not true synovitis.

**Why it matters:** PMR classically affects patients >50 years old and presents with this specific proximal pattern. The bilateral symmetry and large-joint predominance distinguish it from other inflammatory arthropathies. Notably, PMR typically *spares* small joints (hands, wrists, feet)—this patient's preserved grip strength and absence of hand/wrist involvement strongly support PMR. The morning stiffness duration correlates with inflammatory burden.

**How to assess:** Take a focused history asking: (1) When do patients wake up—with pain/stiffness? (2) How long does it take to ""loosen up""? (3) Do overhead activities (reaching, combing hair) reproduce shoulder discomfort? On exam, assess passive range of motion (ROM) of shoulders and hips bilaterally; true PMR typically causes pain at extremes of motion but preserves grip strength and hand ROM. Document the duration of morning stiffness precisely—it's a key diagnostic criterion.

---

### Finding: Elevated Inflammatory Markers (ESR 48, CRP 2.1)

**What:** ESR (erythrocyte sedimentation rate) and CRP (C-reactive protein) are non-specific markers of systemic inflammation. ESR is often disproportionately elevated in PMR relative to CRP—this patient's ESR of 48 with a more modest CRP of 2.1 fits this classic pattern.

**Why it matters:** PMR virtually *always* presents with elevated ESR (>40 mm/hr in most cases), making a normal ESR incompatible with the diagnosis. The disproportionately high ESR:CRP ratio is characteristic of PMR and less common in seronegative rheumatoid arthritis (RA) or other inflammatory conditions. These markers should normalize with appropriate glucocorticoid therapy—the fact that this patient has only 40% improvement on prednisone 15 mg raises concern about either inadequate dosing or an alternative diagnosis.

**How to assess:** Order both ESR and CRP; calculate the ratio mentally. If ESR is markedly elevated but CRP is only mildly elevated, think PMR. Serial measurements guide treatment response—most PMR patients show dramatic improvement (>70% symptom relief) within 2–4 weeks of appropriate steroid dosing (typically 15–20 mg prednisone daily). If a patient is on prednisone and not responding, re-examine the diagnosis.

---

### Finding: Negative Serologies (RF, Anti-CCP, ANA)

**What:** Rheumatoid factor (RF), anti-CCP antibodies, and antinuclear antibody (ANA) are all negative. These are tests for seropositive autoimmune diseases.

**Why it matters:** PMR is *seronegative*—it does not produce RF, anti-CCP, or other typical autoimmune antibodies. Negative serology in the context of proximal pain with markedly elevated ESR strongly favors PMR over seropositive RA. It also argues against systemic lupus erythematosus (ANA-positive in ~95% of cases) or other connective tissue diseases.

**How to assess:** Always order RF, anti-CCP, and ANA in elderly patients with inflammatory polyarthralgia. If these are negative, you avoid anchoring on ""seronegative RA"" and remain open to PMR or other diagnoses.

---

### Finding: Age (71 years)

**What:** The patient is in the 8th decade of life—the typical age for PMR onset.

**Why it matters:** PMR is a disease of older adults; the vast majority of cases occur after age 60, with peak incidence in the 7th–8th decade. Conversely, RA and ankylosing spondylitis (AS) typically present in younger patients (40s–60s for RA; 20s–"
gen-018,bge,BAAI/bge-small-en-v1.5,http://purl.bioontology.org/ontology/AIR/DXPMR,early,"Proximal stiffness, workup incomplete",rich,"**CHIEF COMPLAINT**
""Stiffness and aching in my shoulders and hips for the past 3 weeks""

**HISTORY OF PRESENT ILLNESS**
A 67-year-old woman presents with a 3-week history of bilateral shoulder and hip pain with prominent morning stiffness. She reports the stiffness lasts approximately 45 minutes to an hour upon waking, gradually improving as she moves around. Pain is described as a deep ache rather than sharp. She has noticed difficulty combing her hair and rising from a seated position. No specific triggering injury recalled. She reports mild fatigue but denies fever, night sweats, or weight loss. Has been taking over-the-counter ibuprofen 400mg twice daily with modest benefit.

**REVIEW OF SYSTEMS**
Denies headache, visual disturbances, jaw claudication, or scalp tenderness. Denies polyarticular joint swelling. No respiratory or GI symptoms. Normal appetite. Sleep disrupted only by pain.

**PAST MEDICAL HISTORY**
Hypertension (well-controlled on lisinopril), hypothyroidism (on levothyroxine with TSH 2.1 mIU/L one month ago), osteoporosis diagnosed 2 years ago.

**PHYSICAL EXAMINATION**
Vital signs stable. General: well-appearing woman in no acute distress. 

Musculoskeletal: Bilateral shoulder abduction limited to 110 degrees due to pain; internal rotation preserved. Hip flexion and external rotation mildly restricted bilaterally, painful at endpoints. No joint swelling, erythema, or warmth detected. Strength 5/5 throughout. Pain with resisted shoulder abduction bilaterally. Grip strength 28 kg left, 26 kg right (age-appropriate).

Neurological: Normal.

No temporal artery tenderness or scalp tenderness elicited.

**INVESTIGATIONS**
- ESR (Westergren): 42 mm/hr [normal <20]
- CRP: 18 mg/L [normal <10]
- CBC: Hemoglobin 12.8 g/dL, WBC 7.2 × 10⁹/L",2500,"# RHEUMATOLOGIC DIFFERENTIAL DIAGNOSIS

**PRIMARY DIAGNOSIS: Polymyalgia Rheumatica (PMR)**

**Confidence:** High

**Supporting findings:**
- Age >65 years (67-year-old woman) with acute onset of bilateral shoulder and hip girdle pain and stiffness
- Prominent morning stiffness lasting 45-60 minutes, classic for PMR
- Elevated inflammatory markers (ESR 42 mm/hr, CRP 18 mg/L) supporting systemic inflammation
- Limited shoulder abduction with pain on resisted movement, consistent with myofascial involvement rather than arthritis; normal grip strength and preserved internal rotation argue against primary articular disease
- Rapid, dramatic response to modest NSAID dosing would be expected, though inadequate as monotherapy

**Findings against:**
- None identified. Absence of giant cell arteritis symptoms (no headache, jaw claudication, visual disturbance, or scalp tenderness) does not exclude PMR, though temporal artery examination negative is reassuring.

---

## DIFFERENTIAL DIAGNOSIS:

1. **Rheumatoid Arthritis (RA)** (15%) — for: bilateral symmetric shoulder/hip involvement, elevated inflammatory markers, morning stiffness | against: no synovial joint swelling, preserved grip strength (age-appropriate at 26-28 kg), preserved shoulder internal rotation, subacute presentation without polyarticular pattern

2. **Hypothyroidism with myalgia** (5%) — for: history of hypothyroidism, fatigue, myalgia | against: TSH well-controlled at 2.1 mIU/L one month ago, prominent morning stiffness and markedly elevated ESR/CRP inconsistent with thyroid dysfunction alone

3. **Systemic Lupus Erythematosus (SLE) or other connective tissue disease** (5%) — for: age, female gender, polyarticular involvement | against: absence of constitutional symptoms (no fever, weight loss, night sweats), no rash, no serositis, normal hemoglobin without cytopenias, clinical picture lacks multisystem features typical of SLE

4. **Rotator cuff tendinopathy/shoulder impingement syndrome** (10%) — for: shoulder pain with resisted abduction, morning stiffness | against: bilateral symmetric presentation is atypical for mechanical shoulder pathology, hip involvement unexplained, marked ESR/CRP elevation disproportionate to simple tendinitis

---

## REASONING:

This 67-year-old woman presents with the archetypal triad of polymyalgia rheumatica: age >65, acute bilateral symmetric pain and stiffness in shoulder and hip girdles, and markedly elevated inflammatory markers (ESR 42, CRP 18). The **45-60 minute morning stiffness is particularly discriminating**—this is a hallmark of PMR and helps distinguish it from mechanical/degenerative causes. The physical examination pattern is key: pain with resisted shoulder abduction in the presence of preserved strength (5/5) and normal grip strength suggests myofascial inflammation rather than primary joint disease or rotator cuff tear. The **absence of joint swelling** effectively excludes RA as the primary diagnosis despite overlapping features. The negative giant cell arteritis symptoms reduce immediate concern for concurrent vasculitis, though PMR and giant cell arteritis can coexist in ~15% of cases. RA would be expected to present with synovitis (swelling, warmth) and grip strength reduction, neither of which are present.

---

## NEXT STEP:

**Obtain serum IL-6 level and anti-CCP antibodies / rheumatoid factor to exclude RA, followed by temporal artery ultrasound or MRI of shoulders (with fat-saturated T2 sequences) if diagnosis remains uncertain.**

**Most definitively:** *Initiate low-dose corticosteroid trial (prednisone 15-20 mg daily).* PMR shows a **dramatic, near-complete clinical response within 2-4 weeks** of corticosteroid initiation (often by 3-5 days)—this is both diagnostic and therapeutic. Failure to respond should prompt reconsideration of the diagnosis and further investigation. Giant cell arteritis screening with temporal artery evaluation (ultrasound preferred; consider biopsy if high suspicion) should proceed before corticosteroid initiation given age and ESR elevation.","# RHEUMATOLOGY DIFFERENTIAL DIAGNOSIS CONSULTATION

**PRIMARY DIAGNOSIS: Polymyalgia Rheumatica (PMR)**
**Confidence: High**

**Supporting findings:**
- Age 67 (peak incidence 50-70 years) with acute-onset bilateral proximal shoulder and hip girdle pain and stiffness
- Morning stiffness lasting 45-60 minutes that improves with activity—classic for PMR
- Elevated inflammatory markers (ESR 42 mm/hr, CRP 18 mg/L) with preserved strength (5/5) and normal grip strength

**Findings against:** None identified
- The absence of headache, visual disturbances, and jaw claudication does not exclude PMR; giant cell arteritis (GCA) co-occurs in ~15-20% and these symptoms are absent in the majority of PMR cases

---

## DIFFERENTIAL DIAGNOSIS:

1. **Giant Cell Arteritis/Temporal Arteritis (20%)** — for: elevated ESR/CRP, age >65, can present with proximal symptoms | against: no headache, visual symptoms, jaw claudication, or temporal artery tenderness on examination

2. **Rheumatoid Arthritis (12%)** — for: morning stiffness, elevated ESR/CRP, bilateral symmetric pain | against: no polyarticular joint swelling or synovitis on exam, normal grip strength bilaterally, acute 3-week onset unusual for RA

3. **Ankylosing Spondylitis/Axial Spondyloarthropathy (8%)** — for: morning stiffness improving with motion, elevated inflammatory markers | against: female gender (though not exclusive), no mention of inflammatory back pain pattern, hip/shoulder girdle pain more typical of PMR than axial disease, HLA-B27 status unknown

4. **Seronegative Connective Tissue Disease (e.g., systemic lupus erythematosus, Sjögren's syndrome) (8%)** — for: morning stiffness, elevated inflammatory markers, proximal pain | against: no constitutional symptoms (fever, weight loss), no systemic manifestations on ROS, no oral symptoms or ocular complaints

5. **Drug-induced or Secondary Myositis (4%)** — for: proximal muscle symptoms, elevated inflammatory markers | against: no statin or other myotoxic drug exposure mentioned, normal strength testing, normal CK not mentioned but clinical picture inconsistent with primary myositis

---

## REASONING:

The clinical presentation is highly characteristic of PMR: a woman >65 years with acute bilateral proximal shoulder and hip girdle pain, morning stiffness lasting nearly an hour that improves with activity, and moderately elevated acute-phase reactants (ESR 42, CRP 18) in the context of preserved strength and no polyarticular involvement. The 3-week onset and symptom severity are typical. The prominent **morning stiffness improving with activity** is discriminating, as this pattern strongly favors PMR over mechanical or degenerative causes.

While GCA must remain in the differential given shared epidemiology and elevated inflammatory markers, the **complete absence of cranial symptoms** (headache, visual disturbance, jaw claudication), scalp tenderness, and temporal artery abnormalities makes concurrent GCA unlikely in this presentation, though GCA screening remains warranted. RA is excluded by the **lack of polyarticular joint swelling or synovitis**, preserved grip strength, and the predominance of girdle-distribution pain rather than small joints. Axial spondyloarthropathy is less likely given the hip/shoulder girdle predominance and female sex without inflammatory axial symptoms.

---

## NEXT STEP:

**Temporal artery ultrasound (compression ultrasound) or temporal artery biopsy** to exclude giant cell arteritis/temporal arteritis before initiating corticosteroid therapy.

**Expected finding:** No features of vasculitis (no hypoechoic halo sign, normal intima-media thickness, no arterial wall thickening on ultrasound), which would support uncomplicated PMR and allow confident initiation of low-dose prednisone (15 mg daily) with expectation of rapid symptom response within 24-48 hours—a near-pathognomonic feature of PMR that serves as both diagnostic and therapeutic confirmation.

**Alternative consideration:** If clinical suspicion for GCA remains high despite negative examination findings, temporal artery biopsy should precede steroid initiation to","# RHEUMATOLOGY CONSULTATION & TEACHING CASE

## PRIMARY DIAGNOSIS: 
**Polymyalgia Rheumatica (PMR)**

---

## TEACHING POINTS:

### Finding: Bilateral Shoulder and Hip Girdle Pain with Morning Stiffness >45 Minutes

**What:** 
Symmetrical pain and stiffness affecting the proximal muscles of the shoulders (deltoids, rotator cuff region) and hips (gluteal and hip flexor regions), worse upon awakening and improving with activity over 45-60 minutes. This is the pathognomonic presentation of PMR.

**Why it matters:** 
This combination is *highly specific* for PMR. The girdle distribution (shoulders and hips as opposed to distal joints) and the prolonged morning stiffness are hallmark features. PMR affects approximately 1 in 1,200 people over age 50, making it the most common inflammatory rheumatic disease in the elderly. The morning stiffness duration helps distinguish PMR from osteoarthritis (typically resolves in <30 minutes) and from rheumatoid arthritis (which typically involves small joints first).

**How to assess:** 
- **History:** Ask specifically about symptom onset (typically acute, over days to weeks), distribution (bilateral shoulders/hips), and duration of morning stiffness measured in hours
- **Physical exam:** Perform passive range of motion testing of shoulders and hips to distinguish pain from true mechanical limitation. Assess resisted abduction (pain suggests muscle-related rather than joint pathology). Test hip and shoulder girdle strength
- **Functional assessment:** Ask about ADL impairment—difficulty with hair grooming (shoulder abduction) and rising from chairs (hip flexors) are classic

---

### Finding: Elevated ESR (42 mm/hr) and CRP (18 mg/L) with Mild Elevation

**What:** 
ESR and CRP are nonspecific acute-phase reactants reflecting systemic inflammation. In this case, both are elevated but modest—typically in PMR, ESR often ranges 40-100 mm/hr, and CRP 10-50 mg/L.

**Why it matters:** 
PMR *requires* elevated inflammatory markers for diagnosis—patients with clinical PMR but normal ESR/CRP are rare (~5%) and should prompt investigation for alternative diagnoses. The combination of positive acute-phase reactants + compatible clinical syndrome + age >50 is crucial. This finding essentially *excludes* purely mechanical conditions (OA, rotator cuff tears, mechanical bursitis), which occur without inflammation.

**How to assess:** 
- **Laboratory:** ESR (Westergren method is standard; age-adjusted upper normal limit = age/2 for women). CRP measured by high-sensitivity assay
- **Timing:** Both should be rechecked at diagnosis and used to monitor treatment response; ESR lags behind clinical improvement by 4-8 weeks
- **Interpretation:** While elevated markers support diagnosis, they are not pathognomonic—must correlate with clinical presentation

---

### Finding: Preserved Grip Strength and Global Strength 5/5

**What:** 
Formal testing of hand grip and lower extremity strength shows intact motor power despite reported pain and functional limitation.

**Why it matters:** 
This is a *key distinguishing feature* of PMR. The pain and limitation in PMR are due to inflammatory myalgia and stiffness, NOT myositis or myopathy. True muscle weakness would suggest:
- **Polymyositis/dermatomyositis** (would have elevated CK, rash, respiratory involvement)
- **Inclusion body myositis** (asymmetric, distal weakness initially)
- **Drug-induced myopathy** (medication history)

Preserved strength confirms this is an inflammatory arthromyalgia rather than primary muscle disease.

**How to assess:** 
- **Grip strength:** Jamar dynamometer, compare bilaterally (age-adjusted norms available)
- **Manual muscle testing:** Hip abductors and flexors (testing against gravity), shoulder abductors, elbow extensors—5/5 strength with pain on effort distinguishes inflammatory pain from true weakness
- **Further testing if weakness present:** CK, aldolase, electromyography would be indicated

---

### Finding: Age >50 (67 years old)

**What:** 
The patient is in the peak incidence age range for PMR; disease is rare before age 50 ","# PRIMARY DIAGNOSIS: Polymyalgia Rheumatica (PMR)

---

## TEACHING POINTS

### Finding: Bilateral Proximal Shoulder and Hip Pain with Morning Stiffness

**What:** Symmetric aching (not sharp pain) localized to the shoulder girdle and hip girdle musculature, accompanied by pronounced stiffness upon waking that gradually improves with activity over 45-60 minutes.

**Why it matters:** This is the **pathognomonic presentation of PMR**. The bilateral, symmetric distribution in proximal large joints (shoulders and hips) is the disease's defining feature. The morning stiffness that improves with movement is classic inflammatory pain—the patient's tissues are ""stiff"" from inflammatory exudate that mobilizes as she moves. This pattern essentially rules out mechanical/degenerative causes, which don't improve reliably with activity. The combination of shoulder and hip involvement is far more typical of PMR than of other inflammatory arthropathies, which tend to affect multiple small joints symmetrically.

**How to assess:** 
- **History:** Ask specifically about morning stiffness duration and whether it improves with activity (vs. worsening, which suggests mechanical disease)
- **Examination:** Assess active and passive range of motion in shoulders (abduction, flexion, internal/external rotation) and hips (flexion, external rotation, internal rotation). Measure the time to maximal function after waking if possible
- **Functional impact:** Ask about activities of daily living—combing hair (shoulder girdle) and rising from a chair (hip girdle) are excellent screening questions

---

### Finding: Elevated Acute Phase Reactants (ESR 42, CRP 18)

**What:** Serum markers of systemic inflammation. ESR (erythrocyte sedimentation rate) measures how quickly RBCs settle in plasma—elevated in inflammatory states. CRP (C-reactive protein) is an acute phase reactant synthesized by the liver in response to IL-6 and TNF-α.

**Why it matters:** PMR characteristically presents with **markedly elevated inflammatory markers**—ESR typically 40-60+ mm/hr, often higher than CRP alone would predict. This is a diagnostic pillar. Importantly, the absence of anemia (Hgb 12.8) makes this inflammatory pattern less consistent with chronic disease or malignancy. The elevated markers distinguish PMR from non-inflammatory causes (mechanical pain, fibromyalgia) and support the need for immunosuppressive therapy. These markers also serve as a **monitoring tool**—they should fall dramatically with appropriate steroid therapy, and persistent elevation suggests either inadequate dosing or an alternative diagnosis.

**How to assess:**
- **Laboratory:** Obtain both ESR (Westergren method preferred) and CRP; PMR typically elevates both, though ESR often disproportionately high
- **Serial monitoring:** Recheck 1-2 weeks after starting treatment; dramatic improvement supports the diagnosis
- **Clinical correlation:** Never treat numbers alone—inflammatory markers should correlate with clinical symptoms

---

### Finding: Age 67 with Acute Onset

**What:** Patient is a woman in her late 60s presenting with relatively acute symptom onset over 3 weeks.

**Why it matters:** **PMR is a disease of older adults, with peak incidence 70-80 years but commonly presenting in the 60s.** Onset under age 50 is rare and should prompt reconsideration of diagnosis. The acute-to-subacute presentation (days to weeks) is typical for PMR. This age context is important because it makes PMR statistically far more likely than, say, seronegative rheumatoid arthritis (which typically presents earlier) or ankylosing spondylitis (which presents in younger men with HLA-B27). Age is a crucial diagnostic clue in rheumatology.

**How to assess:**
- **History:** Document exact age and timeline of symptom onset meticulously
- **Context:** Consider age-related differential diagnosis—malignancy screening, giant cell arteritis risk

---

### Finding: Absence of Polyarticular Small Joint Swelling

**What:** Physical examination documents no swelling, erythema, or warmth in hands, wrists, or other small joints; grip strength age-appropriate.

**Why it matters:** This finding **argues strongly against rheumatoid arthritis (RA)**, which classically presents with symmetric polyarthritis of small joints (MCPs, PIPs, wrists) with"
gen-019,bge,BAAI/bge-small-en-v1.5,NONE,mimicker,Pseudogout — not gout despite acute monoarthritis,none,"# Patient Vignette

**Chief Complaint:** Acute right knee swelling and severe pain

**History of Present Illness:**
67-year-old male presented to the emergency department with a 36-hour history of acute onset right knee pain and swelling. He reports the pain began suddenly while he was watching television in the evening, with no preceding trauma. Pain is severe (8/10), worst with any knee movement, and partially responsive to ibuprofen. He denies recent travel, new medications, or dietary changes. He had a similar episode in his left knee 8 months ago that resolved over 5-7 days with NSAIDs, though he did not seek medical evaluation at that time.

**Past Medical History:**
Type 2 diabetes mellitus (on metformin), hypertension (on lisinopril), mild osteoarthritis of both knees noted on imaging 3 years ago.

**Physical Examination:**
- Vital signs stable, afebrile
- Right knee: marked effusion, warmth, erythema, and severe tenderness to palpation; range of motion severely limited
- Left knee: mild swelling, full passive range of motion, non-tender
- Hands: bony enlargement at PIP and DIP joints bilaterally, consistent with osteoarthritis; no acute inflammation
- No tophi, no gouty nodules noted

**Laboratory Results:**
- Serum uric acid: 5.2 mg/dL (normal: 3.5–7.2)
- Serum creatinine: 1.1 mg/dL
- WBC: 9,200/µL
- CRP: 8.2 mg/dL (normal <3.0)
- ESR: 14 mm/hr (normal <20)

**Synovial Fluid Analysis (right knee arthrocentesis):**
- WBC: 18,500/µL (polymorphonuclear predominance)
- Glucose: 52 mg/dL (serum 118 mg/dL)
- Protein: 4.8 g/dL
- Crystals: rhomboid, positively birefringent intracellular crystals identified
-",1654,"# Rheumatologic Differential Diagnosis

## PRIMARY DIAGNOSIS: Acute Calcium Pyrophosphate Dihydrate (CPPD) Arthritis (Pseudogout)

**Confidence:** High

**Supporting findings:**
- Rhomboid, positively birefringent intracellular crystals on synovial fluid analysis (pathognomonic for CPPD)
- Acute monoarticular knee effusion with inflammatory synovial fluid (WBC 18,500/µL with PMN predominance) in a patient with known osteoarthritis
- Recurrent acute inflammatory arthritis in the same joint 8 months prior (classic pattern for CPPD flares)

**Findings against:** 
None identified; the crystal identification is definitive.

---

## DIFFERENTIAL DIAGNOSIS:

1. **Acute Gout (Monosodium Urate Arthritis)** (5%) — for: acute monoarticular presentation, severe pain, inflammatory synovial fluid with PMN predominance | against: needle-shaped, negatively birefringent crystals expected (NOT rhomboid positive); normal serum uric acid (5.2 mg/dL) argues against acute gout flare

2. **Bacterial (Septic) Arthritis** (3%) — for: acute severe monoarthritis, elevated synovial WBC (18,500/µL), patient with diabetes (risk factor) | against: afebrile with stable vitals; synovial glucose only mildly depressed (52 vs serum 118); no positive cultures mentioned; no reported preceding infection or arthrocentesis findings of organisms

3. **Acute Rheumatoid Arthritis or other Inflammatory Polyarthritis** (2%) — for: acute inflammatory arthritis | against: monoarticular presentation only; history of localized osteoarthritis without prior polyarticular disease; hand examination shows only chronic OA changes without acute synovitis

---

## REASONING:

The synovial fluid crystal analysis is diagnostic: rhomboid, positively birefringent crystals are pathognomonic for CPPD. This finding alone clinches the diagnosis and effectively excludes gout (which requires needle-shaped, negatively birefringent monosodium urate crystals). The clinical context strongly supports pseudogout: acute onset in an elderly patient with pre-existing osteoarthritis (a risk factor for CPPD deposition), a prior similar self-limited episode in another large joint 8 months earlier, and a markedly inflammatory synovial fluid (WBC 18,500/µL, PMN-predominant) typical of acute CPPD flare. While the synovial glucose is reduced, the mild depression (52 mg/dL with serum 118) and afebrile status make septic arthritis unlikely; moreover, absence of positive cultures and organism identification makes infection less probable. The normal serum uric acid and rhomboid rather than needle-shaped crystals definitively exclude gout.

---

## NEXT STEP:

**Perform synovial fluid Gram stain, culture, and sensitivity** to definitively exclude bacterial infection. Given the diagnostic crystal identification, a negative culture would confirm CPPD arthritis as the sole diagnosis and allow confident exclusion of septic arthritis. Alternatively, if synovial fluid studies are already complete with negative cultures, **confirm the diagnosis clinically and initiate anti-inflammatory therapy** (intra-articular corticosteroid injection and/or NSAIDs/colchicine) with expectation of symptom resolution over 5–7 days, mirroring the patient's prior episode.","# DIFFERENTIAL DIAGNOSIS ANALYSIS

PRIMARY DIAGNOSIS: Acute Pseudogout (Calcium Pyrophosphate Dihydrate Deposition Disease)
Confidence: **High**
Supporting findings: 
- Rhomboid, positively birefringent intracellular crystals in synovial fluid (pathognomonic for CPPD)
- Acute monoarticular arthritis of large joint (knee) with severe inflammatory response (WBC 18,500/µL, polymorphonuclear predominance)
- Prior similar self-limited episode in contralateral knee 8 months prior, consistent with recurrent pseudogout attacks

Findings against: Normal serum uric acid level (5.2 mg/dL, well within normal range); however, this does not exclude CPPD

---

## DIFFERENTIAL DIAGNOSIS:

1. **Gout (Acute Gouty Arthritis)** (15%) — for: Acute monoarticular inflammation, similar prior episode, male patient, elevated inflammatory markers | against: **Synovial fluid shows positively birefringent crystals (gout would show negatively birefringent monosodium urate crystals); normal serum uric acid makes gout less likely though not impossible**

2. **Septic Arthritis (Bacterial)** (8%) — for: Acute severe monoarticular swelling, warmth, erythema, elevated synovial WBC, polymorphonuclear predominance | against: **Afebrile with stable vitals; synovial glucose only mildly depressed (52 mg/dL with serum 118); crystal identification argues strongly against infection; no prior joint damage predisposing to bacteremia**

3. **Acute Rheumatoid Arthritis** (4%) — for: Acute joint inflammation with elevated inflammatory markers | against: **Monoarticular presentation (RA typically polyarticular); no hand/MCP involvement despite 36-hour duration; normal inflammatory markers are only mildly elevated; prior episode in different joint argues against new-onset RA**

---

## REASONING:

The synovial fluid analysis is the diagnostic lynchpin here: rhomboid, positively birefringent intracellular crystals are **pathognomonic for calcium pyrophosphate dihydrate (CPPD) deposition disease**, definitively establishing pseudogout as the primary diagnosis. The clinical presentation of acute monoarticular arthritis in a large joint (knee) with severe inflammation, polymorphonuclear predominance, and partial effusion depression of synovial glucose is entirely consistent with pseudogout. The prior identical presentation 8 months ago in the contralateral knee, which self-resolved over 5-7 days, is highly characteristic of recurrent pseudogout attacks in an older patient. The normal serum uric acid (5.2 mg/dL) effectively excludes gout, though gout remained in the differential until crystal morphology was confirmed. While septic arthritis warrants consideration in any acute monoarticular arthritis, the crystal identification, afebrile status, stable hemodynamics, and absence of predisposing factors make this unlikely.

---

## NEXT STEP:

**Confirm the crystal identification through polarized light microscopy and request crystal morphology specification (positive birefringence, rhomboid/rod shape) from the clinical pathology laboratory.**

*Expected finding:* Confirmation of calcium pyrophosphate dihydrate crystals with positive birefringence. Additionally, **imaging of the right knee (radiographs or ultrasound) would help identify chondrocalcinosis in hyaline cartilage or fibrocartilage**, further supporting CPPD deposition disease and ruling out other etiologies. This would establish the structural predisposition for recurrent pseudogout attacks and guide preventive strategies (NSAIDs, colchicine prophylaxis, or IL-6 inhibitors for recurrent episodes).","# PRIMARY DIAGNOSIS: Acute Pseudogout (Calcium Pyrophosphate Dihydrate [CPPD] Arthritis)

---

## TEACHING POINTS

### Finding: Acute Monoarticular Arthritis with Severe Inflammatory Signs

**What:** 
Sudden onset of joint pain, swelling, warmth, and erythema affecting a single large joint (the knee), with marked functional impairment developing over hours to 36 hours. This represents acute inflammatory arthritis localized to one articulation.

**Why it matters:**
Monoarticular acute arthritis is a medical emergency requiring immediate differentiation between crystal-induced arthritis (gout, pseudogout, apatite disease), septic arthritis, and other inflammatory etiologies. The pattern matters because:
- **Crystal-induced arthritis** typically presents acutely in monoarticular distribution
- **Septic arthritis** is a surgical emergency requiring prompt drainage and antibiotics
- **Polyarticular onset** would favor rheumatoid arthritis, seronegative spondyloarthropathy, or viral etiologies

The presence of warmth and erythema might suggest infection, but the patient is afebrile with normal WBC and normal inflammatory markers (ESR only mildly elevated), making infection far less likely—crystal arthritis can cause impressive local inflammation without systemic toxicity.

**How to assess:**
1. **Clinical examination:** Palpate for warmth (compare bilateral knees), assess for erythema (note its extent), measure effusion by ballottement or bulge sign
2. **Labs:** Aspirate joint fluid immediately (before antibiotics if infection suspected); do NOT rely on clinical appearance alone to exclude septic arthritis
3. **Imaging:** Plain radiographs may show chondrocalcinosis (calcification in cartilage); ultrasound can quantify effusion and may show echogenic deposits
4. **Synovial fluid analysis** is the gold standard (see below)

---

### Finding: Rhomboid, Positively Birefringent Intracellular Crystals on Synovial Fluid Analysis

**What:**
Microscopic analysis of joint fluid reveals calcium pyrophosphate dihydrate (CPPD) crystals with specific optical properties:
- **Morphology:** Rod-shaped or rhomboid (diamond-like appearance)
- **Birefringence:** Positive birefringence under polarized light microscopy—the crystal appears the *same color* as the compensator axis
- **Location:** Predominantly *intracellular* (phagocytosed by macrophages and PMNs), distinguishing CPPD from monosodium urate (MSU) in gout, which is often *extracellular*

**Why it matters:**
This finding is **pathognomonic for pseudogout** and definitively establishes the diagnosis. It represents deposition of CPPD in joint cartilage (chondrocalcinosis), which can occur silently for years before triggering an acute inflammatory attack. This is THE diagnostic test.

The positive birefringence is crucial for differentiation:
- **Gout (MSU crystals):** Needle-shaped, *negatively* birefringent (opposite color to compensator)
- **Other conditions:** Apatite, oxalate, and cholesterol crystals have different morphologies and optical properties

**How to assess:**
1. **Arthrocentesis:** Sterile needle aspiration of joint fluid; must be performed before initiating antibiotics if septic arthritis is in the differential
2. **Microscopy preparation:** Place synovial fluid on a glass slide with a cover slip
3. **Polarized light microscopy:** Use a polarizer and compensator; rotate the stage to determine birefringence direction relative to the compensator axis
4. **Examination technique:** Look within WBCs (especially PMNs) for intracellular crystals—they are often ingested
5. **Documentation:** Count crystal burden (>50 is moderate; >100 is heavy); note intra- vs. extracellular location
6. **Important caveat:** Absence of crystals does NOT exclude crystal arthritis if clinical suspicion is high; repeat aspiration or imaging may be needed

---

### Finding: Synovial Fluid with Elevated WBC (18,500/µL), PMN Predominance, Low Glucose (52 mg/dL), and Elevated","# PRIMARY DIAGNOSIS: **Acute Pseudogout (Calcium Pyrophosphate Deposition Disease - CPPD)**

---

## TEACHING POINTS:

### Finding: Rhomboid, Positively Birefringent Intracellular Crystals

**What:** These are calcium pyrophosphate dihydrate (CPPD) crystals seen on compensated polarized light microscopy. They appear as rod-shaped or rhomboid crystals with positive birefringence (they light up parallel to the compensator axis). Intracellular location (within neutrophils) confirms their presence during active inflammation.

**Why it matters:** This is *pathognomonic* for pseudogout and definitively establishes the diagnosis. In contrast, gout presents with needle-shaped, negatively birefringent monosodium urate crystals. Crystal identification from synovial fluid is the gold standard for diagnosing crystal-induced arthropathies—clinical presentation alone is insufficient. Finding these crystals essentially closes the diagnostic question.

**How to assess:** Perform arthrocentesis under sterile conditions with immediate synovial fluid examination using a polarized light microscope with a compensator (λ/4 wave plate). Document crystal morphology, birefringence character (positive vs. negative), and location (intracellular vs. extracellular). Always compare to a known standard. Never rely solely on clinical impression when synovial fluid is available.

---

### Finding: Acute Monoarticular Arthritis with Severe Inflammatory Response

**What:** Sudden-onset, severe pain and swelling in a single large joint (knee) with marked synovial inflammation documented by elevated synovial WBC (18,500/µL with PMN predominance), warmth, erythema, and effusion.

**Why it matters:** This pattern is characteristic of acute crystal arthritis. The sudden onset without trauma in a previously normal joint rules out mechanical causes. The severe inflammatory profile (elevated synovial WBC, PMN predominance, elevated CRP) distinguishes acute crystal-induced disease from chronic inflammatory arthropathies like rheumatoid arthritis. The monoarticular presentation also makes systemic inflammatory diseases less likely, though they can present acutely.

**How to assess:** Perform arthrocentesis and send synovial fluid for: cell count with differential, glucose, protein, Gram stain and culture, and most importantly, crystal analysis. The PMN predominance (typically >50,000 in pseudogout, >50,000–100,000 in bacterial infection) helps differentiate from other causes. Always rule out septic arthritis concurrently (low synovial glucose, positive culture, clinical context). Blood cultures if fever present; in this case, afebrile status and clinical context argue against infection.

---

### Finding: Recurrent Monoarticular Arthritis (Previous Left Knee Episode)

**What:** History of a similar acute inflammatory episode in a different large joint 8 months prior that self-resolved over 5–7 days.

**Why it matters:** This pattern of episodic, self-limited monoarticular inflammation is *classic for pseudogout*. CPPD arthropathy characteristically presents as recurrent acute or subacute flares in large joints (knees most common, followed by wrists, shoulders, elbows). Each episode typically resolves in days to weeks without residual damage. This recurrent pattern is far less typical for gout alone (though gout can recur) and argues against a single systemic inflammatory process like rheumatoid arthritis, which would cause persistent polyarticular involvement.

**How to assess:** Take a detailed joint symptom history, inquiring specifically about:
- Joints previously affected
- Onset timing and duration of each episode
- Presence or absence of triggers
- Interval periods between flares
Document this pattern clearly, as it strongly supports diagnosis and influences management (consider prophylaxis and imaging for CPPD burden).

---

### Finding: Severely Elevated Synovial Glucose (52 mg/dL with serum 118 mg/dL)

**What:** Synovial fluid glucose is markedly decreased relative to serum glucose (normal synovial glucose is typically 90–100% of serum in non-inflammatory conditions). A >20 mg/dL gradient suggests significant inflammation.

**Why it matters:** This finding indicates intense synovial inflammation and is a ""red flag"" laboratory finding. It is classically associated with:
1. **Sep"
gen-020,bge,BAAI/bge-small-en-v1.5,NONE,mimicker,Reactive arthritis — not in 6-label set,none,"**PATIENT VIGNETTE**

**Patient:** 28-year-old male

**Chief Complaint:** Progressive lower back pain and knee swelling over the past 6 weeks

**History of Present Illness:**
The patient presents with a 6-week history of insidious-onset lower back pain that he describes as worst in the morning, improving somewhat with activity. He reports morning stiffness lasting approximately 45 minutes. Three weeks into his back symptoms, he developed bilateral knee swelling and pain, worse on the right. He denies any preceding joint trauma. He reports that his symptoms have been progressively worsening and are significantly impacting his ability to work as a carpenter.

When specifically questioned about preceding illness, the patient mentions he had a self-limited episode of diarrhea approximately 8 weeks ago that lasted 5 days. He recalls it was watery in character but denies bloody stools, fever, or sick contacts. He did not seek medical care at the time. He denies any urethral symptoms, uveitis, or oral ulcers.

**Physical Examination:**
- General: Alert, appears frustrated with symptoms
- Musculoskeletal: Positive Schober test (3.5 cm excursion from baseline 25 cm); reduced lumbar flexion with fingertip-to-floor distance of 18 inches. Bilateral knee effusions, more prominent on the right (approximately 2 cm quadriceps circumference difference). No warmth or erythema. Knee flexion and extension are mildly limited by pain. No other peripheral joints involved.
- Spine: Lumbar lordosis preserved; no costovertebral angle tenderness
- Remainder of examination: Normal

**Laboratory Findings:**
- ESR: 34 mm/hr (reference <20)
- CRP: 18 mg/L (reference <10)
- HLA-B27: Positive
- Rheumatoid Factor: Negative
- Anti-CCP: Negative
- ANA: Negative
- Complete blood count: Mild leukocytosis at 11,200/μL; hemoglobin 14.2 g/dL
- Comprehensive metabolic panel: Normal

**Imaging:**
- Lumbar",2496,"# DIFFERENTIAL DIAGNOSIS CONSULTATION

## PRIMARY DIAGNOSIS: Reactive Arthritis (Reiter's Syndrome)
**Confidence: High**

**Supporting findings:**
1. Classic triad of arthritis (bilateral knee effusions) + inflammatory back pain (morning stiffness 45 minutes, improvement with activity, positive Schober test with reduced flexion) + preceding GI infection (self-limited diarrhea 8 weeks prior)
2. HLA-B27 positivity in a young male with oligoarticular lower extremity involvement and axial disease
3. Elevated acute phase reactants (ESR 34, CRP 18) with negative autoantibodies (RF, anti-CCP, ANA negative), establishing seronegative spondyloarthropathy pattern

**Findings against:** 
Incomplete Reiter's triad—patient denies urethritis and uveitis/conjunctivitis; however, these are not required for diagnosis and occur in <50% of cases

---

## DIFFERENTIAL DIAGNOSIS:

1. **Ankylosing Spondylitis (AS)** (15-20%) — *for:* HLA-B27 positivity, inflammatory back pain with morning stiffness and improvement with activity, positive Schober test, elevated inflammatory markers | *against:* Acute oligoarticular peripheral arthritis (knees) as presenting feature is atypical; AS typically has more insidious axial-predominant course; 8-week symptom timeline is very rapid for AS debut

2. **Enteropathic Arthritis** (8-12%) — *for:* Preceding diarrheal illness, HLA-B27 positivity, seronegative pattern | *against:* No history of inflammatory bowel disease (Crohn's or UC); diarrhea was self-limited and non-bloody; lacks extraintestinal manifestations of IBD

3. **Acute Rheumatoid Arthritis** (5-8%) — *for:* Bilateral symmetric joint swelling, systemic inflammation (elevated ESR/CRP), young adult | *against:* Negative RF and anti-CCP (rules out seropositive RA in ~95% of cases); HLA-B27 positivity; asymmetric knee involvement (right worse); prominent axial/spinal involvement is atypical for RA

4. **Psoriatic Arthritis** (5-8%) — *for:* HLA-B27 association possible, seronegative, can present with oligoarticular pattern and axial disease | *against:* No mention of skin psoriasis, nail changes, or dactylitis; no family history provided but timing/presentation less typical than reactive arthritis

---

## REASONING:

The clinical presentation strongly favors **reactive arthritis** based on the temporal relationship between gastrointestinal infection (8 weeks prior) and subsequent development of inflammatory arthritis. The combination of oligoarticular peripheral arthritis (bilateral knees, asymmetric), inflammatory back pain with morning stiffness and positive Schober test (indicating true axial involvement), and HLA-B27 positivity establishes a spondyloarthropathy pattern. The seronegative immunology profile (negative RF, anti-CCP, ANA) excludes classic RA and supports HLA-B27–associated disease.

While incomplete presentation (absence of urethritis and uveitis) might suggest consideration of AS or other spondyloarthropathies, the acute timeline (6 weeks), recent documented GI infection, and prominent peripheral arthritis make reactive arthritis most probable. AS typically presents insidiously with axial disease predominance over years, not weeks. The absence of IBD history argues against enteropathic arthritis despite HLA-B27 positivity.

---

## NEXT STEP:

**Lumbar spine MRI (or plain radiographs if MRI unavailable)** to assess for:
- **Expected findings supporting reactive arthritis:** Early inflammatory changes (bone marrow edema at discovertebral junctions, facet joint inflammation) without structural damage (syndesmophytes, complete bony ankylosis)
- If findings present, this confirms spondyloarthritis and strongly supports reactive arthritis diagnosis over early AS
- Alternatively: **HLA-B27 subtyping** (B27-05 vs. others) and **stool culture/serologies for preceding pathogen** (Shigella, Salmonella,","# DIFFERENTIAL DIAGNOSIS ANALYSIS

**PRIMARY DIAGNOSIS: Reactive Arthritis (Reiter Syndrome)**
**Confidence: High**

**Supporting findings:**
- Classic triad presentation: inflammatory back pain (morning-predominant, improves with activity) + asymmetric oligoarthritis (bilateral knees, right>left) + preceding gastrointestinal infection (watery diarrhea 8 weeks prior)
- HLA-B27 positivity in a young male with axial and peripheral joint involvement
- Elevated inflammatory markers (ESR 34, CRP 18) consistent with reactive/post-infectious inflammation
- Subacute progressive course over 6 weeks typical of reactive arthritis onset

**Findings against:**
- None identified; clinical presentation is highly characteristic

---

## DIFFERENTIAL DIAGNOSIS:

1. **Ankylosing Spondylitis (35%)** — for: HLA-B27+, inflammatory back pain with morning stiffness and improvement with activity, reduced Schober test (3.5 cm), elevated ESR/CRP | against: Young age with rapid bilateral knee involvement within 3 weeks suggests reactive process rather than primary axial spondyloarthropathy; absence of family history; no prior imaging of sacroiliitis mentioned

2. **Undifferentiated Spondyloarthropathy (30%)** — for: HLA-B27+, axial inflammation, oligoarticular peripheral involvement, inflammatory markers | against: Clear temporal relationship to preceding GI infection more typical of reactive arthritis; no psoriasis, IBD, or uveitis to define other SpA subtypes

3. **Rheumatoid Arthritis (15%)** — for: Bilateral knee effusions, inflammatory markers, progressive course | against: Negative RF and anti-CCP (seronegative RA possible but unlikely); asymmetric knee involvement; prominent axial spine symptoms atypical for RA; no MCP/PIP involvement; acute oligoarticular pattern inconsistent with typical RA progression

4. **Lyme Arthritis (12%)** — for: Oligoarticular knee involvement, HLA-B27+ | against: No history of erythema migrans or tick exposure; no mention of geographic exposure in endemic area; more commonly monoarticular or large joint involvement; negative ANA argues against Lyme-associated systemic findings

5. **Psoriatic Arthritis (8%)** — for: HLA-B27+, axial and peripheral joint involvement | against: No skin or nail psoriasis documented; no dactylitis; peripheral pattern less characteristic; precipitating GI infection not typical for PsA

---

## REASONING:

The clinical presentation strongly favors **reactive arthritis** over primary ankylosing spondylitis based on the temporal relationship between preceding bacterial gastroenteritis (8 weeks prior) and the onset of polyarticular inflammation. The 2-3 week lag between back pain onset and knee involvement, combined with HLA-B27 positivity and prominent systemic inflammation (ESR 34, CRP 18), fits the natural history of post-infectious reactive arthritis. While ankylosing spondylitis remains a legitimate concern given the axial predominance and positive HLA-B27, the acute presentation with rapid progression and the clear gastrointestinal trigger make reactive arthritis the more probable primary diagnosis. The negative RF/anti-CCP and ANA effectively exclude RA and Lyme arthritis. The absence of cutaneous or ocular manifestations argues against other spondyloarthropathies (PsA, IBD-related).

---

## NEXT STEP:

**Lumbar and sacroiliac spine imaging (MRI preferred; radiographs acceptable as initial screening)** with specific assessment for:
- **Expected finding favoring reactive arthritis:** Non-specific inflammatory changes in sacroiliac joints without erosive/syndesmophyte changes, or completely normal imaging (early reactive arthritis may show only soft tissue inflammation without structural damage)
- **Expected finding favoring AS:** Bilateral symmetric sacroiliitis with erosions or sclerosis, possibly early syndesmophytes; this would shift diagnosis toward primary axial spondyloarthropathy and warrant assessment of disease duration and progression

*Alternative next step if imaging non-diagnostic:* Colonoscopy with ileoscopy to screen for occult IBD (particularly if symptoms persist beyond 3 months), as this would reclassify to IBD-associated spondyloarthrop","# PRIMARY DIAGNOSIS: Reactive Arthritis (Reiter's Syndrome)

---

## TEACHING POINTS:

### Finding: Preceding Gastrointestinal Infection (Self-Limited Diarrhea)

**What:** An acute episode of infectious gastroenteritis 8 weeks prior to joint symptoms—in this case, watery diarrhea without bloody stools or fever, lasting 5 days. This is a classical triggering infection for reactive arthritis.

**Why it matters:** Reactive arthritis is defined as sterile joint inflammation triggered by an extra-articular infection, most commonly enteric (Shigella, Salmonella, Campylobacter, Yersinia) or urogenital (Chlamydia). The temporal relationship is crucial—symptoms typically emerge 1-4 weeks after the inciting infection, making an 8-week onset slightly delayed but still within the spectrum. This finding essentially distinguishes reactive arthritis from primary autoimmune diseases like rheumatoid arthritis or psoriatic arthritis, which lack infectious triggers. It also points away from ankylosing spondylitis (which is not trigger-dependent).

**How to assess:** Take a detailed **temporal history** spanning the 3 months before joint symptom onset. Ask specifically about:
- Diarrhea (bloody vs. watery, duration, associated symptoms)
- Urethritis or cervicitis (dysuria, discharge)
- Sexually transmitted infection exposures
- Food exposures or travel (risk factors for enteric pathogens)
- Medication use (antibiotics may have treated the infection before serology could confirm it)

Note: Stool cultures and serology are often negative by the time arthritis appears; the diagnosis is clinical-epidemiologic.

---

### Finding: HLA-B27 Positivity

**What:** A genetic marker—human leukocyte antigen B27—is present in the patient's immune system. Approximately 6–8% of the general population is HLA-B27 positive, but this frequency rises dramatically in seronegative spondyloarthropathies.

**Why it matters:** HLA-B27 is a critical susceptibility gene for the spondyloarthropathy family, which includes:
- Ankylosing spondylitis (AS) — found in 90% of cases
- Reactive arthritis — found in 60–80% of cases
- Psoriatic arthritis — found in 70% of cases
- Inflammatory bowel disease-associated arthritis — found in 70% of cases

HLA-B27 is **not diagnostic** on its own (many HLA-B27+ individuals never develop disease), but it is **highly specific** for spondyloarthropathy when combined with clinical features of inflammatory back pain, asymmetric oligoarthritis, and absence of rheumatoid factor/anti-CCP antibodies. Its presence makes rheumatoid arthritis and systemic lupus erythematosus (ANA-negative) much less likely.

**How to assess:** Order HLA-B27 testing when suspecting seronegative spondyloarthropathy. Interpret **only in context** of clinical presentation. A positive result in a patient with mechanical back pain and no other features does not change management. A positive result in a patient with inflammatory back pain (worse in morning, improves with activity), oligoarthritis, and elevated inflammatory markers strongly supports spondyloarthropathy diagnosis.

---

### Finding: Inflammatory Back Pain with Morning Stiffness >30 Minutes

**What:** Lower back pain characterized by:
- Insidious onset (gradual, not traumatic)
- Improvement with activity (paradoxically better with movement/exercise)
- Morning stiffness lasting 45 minutes (indicates inflammatory etiology)
- Worst severity in early morning

This differs from mechanical back pain, which worsens with activity and improves with rest.

**Why it matters:** This pattern is **pathognomonic for spondyloarthropathy** (AS, reactive arthritis, psoriatic arthritis). The morning predominance reflects inflammatory cytokine production overnight with reduced blood flow and joint mobility. Activity-induced improvement occurs because movement disperses inflammatory fluid and stimulates synovial perfusion. This presentation excludes mechanical causes (disc herniation, stenosis) and makes rheumatoid arthritis less likely (RA typically spares the lumbar spine in isolation).

**How to assess:** Use the **ASAS criteria for inflammatory back","# PRIMARY DIAGNOSIS: Reactive Arthritis (Reiter's Syndrome)

---

## TEACHING POINTS:

### Finding: Inflammatory Back Pain with Morning Stiffness (45 minutes duration)

**What:** Back pain that is worse upon waking, improves with activity/movement, and is associated with morning stiffness lasting ≥30 minutes. This represents axial inflammation rather than mechanical pain.

**Why it matters:** Morning stiffness improving with motion is a hallmark of inflammatory (not mechanical) spine disease. While this finding is classically associated with ankylosing spondylitis (AS), it also occurs in other spondyloarthropathies, including reactive arthritis. The key here is recognizing this as inflammatory in nature, which immediately shifts our differential toward seronegative spondyloarthropathies.

**How to assess:** 
- Direct patient questioning about timing and what relieves symptoms
- Schober's test (measuring lumbar flexion): <5 cm excursion indicates reduced mobility
- In this case, the 3.5 cm excursion is abnormal, confirming restricted lumbar motion
- Assess whether NSAIDs/activity improve or worsen symptoms (inflammatory pain improves with NSAIDs and movement; mechanical pain worsens with activity)

---

### Finding: Positive HLA-B27

**What:** A human leukocyte antigen (HLA) class I molecule that is strongly associated with spondyloarthropathies. Present in ~90% of AS patients but only ~8% of the general population.

**Why it matters:** HLA-B27 is a genetic marker that predisposes to spondyloarthropathies (AS, reactive arthritis, psoriatic spondylitis, enteropathic spondylitis). Its presence in a patient with inflammatory back pain and peripheral arthritis significantly raises the probability of spondyloarthropathy. However, it is not pathognomonic—approximately 10% of people with HLA-B27 will develop spondyloarthropathy, and reactive arthritis can occur in HLA-B27–negative individuals (~25% of cases).

**How to assess:** 
- Order HLA-B27 testing in patients with suspected spondyloarthropathy
- Interpret in clinical context: positive HLA-B27 + inflammatory back pain + arthritis = high likelihood of spondyloarthropathy
- Its absence does not exclude reactive arthritis or other spondyloarthropathies

---

### Finding: Recent Gastrointestinal Infection (Diarrhea 8 weeks prior)

**What:** Self-limited watery diarrhea occurring 8 weeks before symptom onset, temporally preceding the development of arthritis by approximately 2 weeks.

**Why it matters:** **This is the critical clinical clue pointing toward reactive arthritis rather than ankylosing spondylitis.** Reactive arthritis is triggered by preceding infections, classically:
- Enteric pathogens (Shigella, Salmonella, Yersinia, Campylobacter, Clostridium difficile)
- Genitourinary pathogens (Chlamydia trachomatis)

The temporal relationship (GI infection → 2-week lag → arthralgias) is pathognomonic for reactive arthritis. This finding would be completely coincidental and atypical in primary AS.

**How to assess:**
- Detailed history of preceding infections 2-4 weeks before arthritis onset
- Ask specifically about diarrhea, dysentery, urethritis, or other genitourinary symptoms
- Request stool cultures if acute infection is suspected (though in this case, it's historical and resolved)
- Note that reactive arthritis represents aberrant T-cell immune response to bacterial antigens, not active infection at the joint

---

### Finding: Bilateral Knee Effusions (Oligoarthritis pattern)

**What:** Fluid accumulation in the knee joint spaces bilaterally, representing joint inflammation. The pattern is oligoarthritis (2-4 joints affected).

**Why it matters:** 
- **Peripheral oligoarthritis is characteristic of reactive arthritis**, often affecting knees and ankles asymmetrically
- **Ankylosing spondylitis is primarily an axial disease** and when peripheral involvement occurs, it is less common and typically occurs in older disease
- The combination of inflammatory back pain + peripheral oligoarthritis +"
gen-021,bge,BAAI/bge-small-en-v1.5,NONE,mimicker,Drug-induced lupus — not true SLE,none,"# Patient Vignette

**HPI:**
A 52-year-old woman presents with a 6-week history of polyarthralgias and a new malar rash. She reports symmetric joint pain affecting bilateral wrists, MCPs, and knees, worse in the mornings with approximately 45 minutes of stiffness. Three weeks ago she developed a confluent erythematous rash across her cheeks and nose that worsens with sun exposure. She denies oral ulcers, photosensitivity prior to the rash, or Raynaud's phenomenon.

**PMHx:**
Hypertension for 8 years, recently treated with hydralazine 50 mg twice daily for approximately 3 months after amlodipine monotherapy proved insufficient. No prior autoimmune disease.

**ROS:**
Denies fever, weight loss, hair loss, or sicca symptoms. No pleurisy or dyspnea. Mild generalized malaise.

**PE:**
BP 142/88. Malar rash as described, non-blanching. Soft tissue swelling over bilateral wrist joints and MCPs. No oral ulcers. No lymphadenopathy. Lungs clear bilaterally. No signs of serositis.

**Labs:**
- ANA: 1:320, homogeneous pattern
- Anti-dsDNA: Negative
- Anti-Smith: Negative
- Anti-histone: Pending
- Anti-Ro/SSA, Anti-La/SSB: Negative
- C3, C4: Normal
- CBC: WBC 7.2, Hgb 12.8, Plt 245
- CRP: 18 mg/L
- ESR: 42 mm/hr
- Comprehensive metabolic panel: Normal
- Urinalysis: Negative for proteinuria and hematuria
- Anti-CCP: Negative
- RF: Negative

**Imaging:**
Hand radiographs: No erosions.

**Assessment:**
6-week-old presentation of polyarthritis with malar rash, positive ANA, and negative anti-dsDNA and anti-Smith antibodies.",2500,"# DIFFERENTIAL DIAGNOSIS ANALYSIS

## PRIMARY DIAGNOSIS: Drug-Induced Lupus Erythematosus (DILE)

**Confidence:** High

**Supporting findings:**
- Recent initiation of hydralazine (3 months prior) temporally preceding symptom onset by ~6 weeks, with hydralazine being a well-established DILE culprit
- Positive ANA (1:320, homogeneous pattern) with negative anti-dsDNA and anti-Smith antibodies—the serologic signature of DILE
- Clinical presentation of symmetric polyarthritis with malar rash and constitutional symptoms, without severe systemic manifestations (normal complement, no renal involvement, no serositis)

**Findings against:**
- None identified; presentation is highly consistent with DILE

---

## DIFFERENTIAL DIAGNOSIS:

1. **Systemic Lupus Erythematosus (SLE) – Seronegative** (20%) — *for:* malar rash, symmetric polyarthritis, morning stiffness, elevated inflammatory markers | *against:* negative anti-dsDNA and anti-Smith (typically present in ≥50% and ≥95% of SLE respectively), relatively short 6-week duration, lack of other systemic features (renal sparing, normal complements, no hematologic cytopenias)

2. **Rheumatoid Arthritis** (8%) — *for:* symmetric polyarthritis of hands and knees, morning stiffness lasting 45 minutes | *against:* negative RF and anti-CCP (seronegative RA possible but <20% of cases), malar rash atypical for RA, elevated ESR without cytopenia or systemic toxicity makes inflammatory RA less likely than DILE

3. **Undifferentiated Connective Tissue Disease (UCTD)** (12%) — *for:* positive ANA, polyarthritis, and malar rash without meeting criteria for a specific diagnosis | *against:* temporal relationship to hydralazine initiation strongly suggests drug etiology rather than primary UCTD, normal complement levels and lack of serositis/renal involvement less compatible with evolving SLE-like disease

---

## REASONING:

The clinical constellation strongly implicates drug-induced lupus, with hydralazine as the offending agent. The timeline is critical: hydralazine initiated 3 months ago with symptoms emerging 6 weeks into therapy places us squarely within the typical latency window for DILE (weeks to months post-initiation). The serologic profile is pathognomonic—a positive ANA with negative anti-dsDNA and anti-Smith virtually excludes idiopathic SLE and strongly favors DILE, where anti-histone antibodies (pending) would be detected in >95% of cases. The clinical phenotype (arthralgias, malar rash, systemic symptoms) without severe renal, hematologic, or serosal involvement fits the milder disease course typical of DILE. The absence of erosions on imaging and negative RF/anti-CCP effectively excludes rheumatoid arthritis. While seronegative SLE remains possible, the temporal relationship to a known DILE-inducing agent and the specific seronegative pattern make drug-induced etiology most parsimonious.

---

## NEXT STEP:

**Anti-histone antibody testing** (currently pending)

**Expected result:** Strongly positive (>1:160 or >95% sensitivity in DILE)

*Rationale:* Anti-histone antibodies are present in >95% of hydralazine-induced lupus cases and <5% of idiopathic SLE, making this the most discriminating test to confirm DILE. A positive anti-histone result would essentially confirm the diagnosis and support discontinuation of hydralazine with consideration of alternative antihypertensive agents (e.g., calcium channel blockers, ACE inhibitors, or diuretics). If anti-histone is negative, reconsider seronegative SLE and screen for additional autoantibodies (anti-centromere, anti-Scl-70) or repeat anti-dsDNA with high-sensitivity assays.","# DIFFERENTIAL DIAGNOSIS ANALYSIS

## PRIMARY DIAGNOSIS: Drug-Induced Lupus Erythematosus (DILE)
**Confidence: High**

**Supporting findings:**
- Recent initiation of hydralazine (50 mg BID × 3 months) within the temporal window for DILE development (typically 3-12 months)
- Positive ANA (1:320, homogeneous pattern) with negative anti-dsDNA and anti-Smith antibodies—classic serologic profile for DILE
- Malar rash with polyarthritis in the setting of known lupus-inducing agent; absence of other systemic lupus features (no nephritis, serositis, hematologic cytopenias, or oral ulcers)

**Findings against:**
- None identified. The clinical presentation, serology, and medication history are highly consistent with DILE.

---

## DIFFERENTIAL DIAGNOSIS:

1. **Systemic Lupus Erythematosus (idiopathic)** (25%) — for: malar rash, symmetric polyarthritis, ANA 1:320, elevated ESR/CRP | against: negative anti-dsDNA/anti-Smith, normal complement, no renal/hematologic involvement, no other ACR/EULAR criteria met

2. **Rheumatoid Arthritis** (15%) — for: symmetric polyarthritis of wrists/MCPs, morning stiffness, elevated inflammatory markers | against: negative RF and anti-CCP, absence of radiographic erosions, malar rash atypical, positive ANA inconsistent

3. **Polymyalgia Rheumatica** (10%) — for: morning stiffness, elevated ESR (42 mm/hr), malaise | against: age 52 (typically >60), predominantly lower extremity/girdle involvement rather than small joint polyarthritis, malar rash not typical

4. **Seronegative Spondyloarthropathy** (8%) — for: polyarthritis, inflammatory markers elevated | against: symmetric MCP/wrist involvement atypical, malar rash absent, ANA positive (unusual), no axial or entheseal findings documented

5. **Acute Viral Arthritis** (7%) — for: acute polyarthralgias, constitutional symptoms | against: 6-week duration (viral typically resolves within 2-3 weeks), persistent malar rash, persistent ANA elevation

---

## REASONING:

The clinical presentation is most consistent with **drug-induced lupus** because the temporal relationship between hydralazine initiation (~3 months ago) and symptom onset (6 weeks ago) aligns perfectly with the typical latency for DILE. The serologic pattern is pathognomonic: positive ANA with negative anti-dsDNA and anti-Smith antibodies strongly favors DILE over idiopathic SLE, which would be expected to show anti-dsDNA positivity in 70% of cases. The absence of renal involvement (negative urinalysis), preserved complement levels, normal CBC, and lack of multi-system manifestations further support DILE as a milder, drug-mediated phenomenon rather than true SLE. The negative RF and anti-CCP, combined with no erosions on radiographs, effectively exclude rheumatoid arthritis despite the symmetric small-joint involvement. The pending anti-histone antibody result is critical—positive anti-histone antibodies are present in >95% of DILE cases and would be highly discriminating.

---

## NEXT STEP:

**Anti-histone antibody test (if not yet resulted)**: Expect **positive result** (>95% sensitivity for DILE). If positive, this would confirm DILE and guide immediate recommendation to discontinue hydralazine with expected clinical resolution within weeks. If anti-histone is negative, this would shift probability toward idiopathic SLE and warrant further serologic workup (repeat anti-dsDNA, additional ANA reflex panel) and rheumatology co-management to exclude other connective tissue diseases.","# PRIMARY DIAGNOSIS: Drug-Induced Lupus (DIL)

---

## TEACHING POINTS

### Finding: Malar Rash with Recent Hydralazine Initiation

**What:** 
A fixed, confluent erythematous rash distributed symmetrically across the cheeks and nasal bridge (typically sparing the nasolabial folds), photosensitive in nature. This is classically described as ""butterfly"" distribution.

**Why it matters:** 
Malar rash is one of the most characteristic cutaneous manifestations of lupus syndromes. However, the **temporal relationship to hydralazine initiation (3 months prior)** is critical here. Hydralazine is one of the most common drug culprits for DIL, with a dose-dependent risk (highest >200 mg/day, but significant at 50-100 mg). The rash appearing weeks after medication initiation strongly favors drug-induced over idiopathic SLE.

**How to assess:** 
- **Clinical inspection:** Describe exact distribution, blanching/non-blanching character, and associated symptoms
- **Photoprovocation history:** Ask if it worsens with specific sun exposure (differentiates photosensitive lupus from photophobic reactions)
- **Temporal correlation:** Establish timeline of medication vs. rash onset—this is essential for DIL diagnosis
- **Biopsy if atypical:** Lupus band test shows IgG, IgM, C3 deposition at dermal-epidermal junction; DIL and SLE have identical histology

---

### Finding: Polyarthralgias/Polyarthritis with Morning Stiffness (45 minutes)

**What:** 
Symmetric inflammation of multiple joints (wrists, MCPs, knees) with inflammatory morning stiffness ≥45 minutes—indicating synovial inflammation rather than mechanical dysfunction.

**Why it matters:** 
- **Symmetric polyarthritis in MCPs/wrists** is highly suggestive of inflammatory arthropathy (SLE, RA, or other connective tissue disease)
- **Morning stiffness ≥30-45 minutes** is a hallmark of inflammatory (not osteoarthritic) joint disease
- **Critical negative finding:** No erosions on plain films argues *against* RA and *favors* lupus or DIL (which typically cause non-erosive arthritis)
- **RF and anti-CCP negative** further exclude RA
- **Timeline (6 weeks)** is consistent with either SLE or DIL; DIL typically has slower onset than acute SLE

**How to assess:**
- **Timing and character:** Ask patient exactly when stiffness starts and how long it lasts; quantify improvement with activity
- **Joint examination:** Palpate for soft tissue swelling, assess range of motion, check for effusions (ultrasound if uncertain)
- **Imaging:** X-rays rule out erosions; MRI or ultrasound can detect early synovitis before radiographic changes
- **Labs:** Inflammatory markers (ESR/CRP) support but don't prove synovitis; joint fluid aspiration (if effusion present) would show inflammatory but not infectious pattern

---

### Finding: Positive ANA (1:320, Homogeneous Pattern) with Negative Anti-dsDNA and Anti-Smith

**What:** 
- **ANA (antinuclear antibody):** Screening test detecting antibodies against nuclear antigens; ""homogeneous"" pattern indicates anti-histone and/or anti-dsDNA antibodies
- **Anti-dsDNA and anti-Smith:** Highly specific antibodies for SLE (especially anti-Smith, which is virtually pathognomonic)
- Their **absence** significantly dampens specificity for idiopathic SLE

**Why it matters:**
This is the **linchpin finding** distinguishing DIL from SLE:
- **SLE diagnostic criteria** require ANA positivity PLUS at least one specific antibody (anti-dsDNA or anti-Smith) in most classification systems
- **Negative anti-dsDNA and anti-Smith** with positive ANA suggests: (1) DIL, (2) other CTD (Sjögren's, SSc, overlap), or (3) early/seronegative SLE
- **Pending anti-histone antibody** is crucial: Anti-histone positivity in 95% of DIL but only 20-","# PRIMARY DIAGNOSIS: Drug-Induced Lupus (Hydralazine-induced Lupus)

---

## TEACHING POINTS

### Finding: Malar (Butterfly) Rash
**What:** A non-blanching, confluent erythematous rash characteristically distributed across the cheeks and bridge of the nose in a symmetric pattern, sparing the nasolabial folds.

**Why it matters:** This is one of the most recognizable features of systemic lupus erythematosus (SLE) and drug-induced lupus (DIL). However, the **temporal relationship to medication initiation** is crucial here. Our patient developed the rash 3 weeks into hydralazine therapy (started ~3 months ago), which is the classic timeline for hydralazine-induced lupus (typically 3-6 months after initiation). The rash worsening with sun exposure suggests photosensitivity, though she specifically denied this prior to rash onset—an important distinction that argues against idiopathic SLE.

**How to assess:** Clinical inspection under good lighting; ask about temporal relationship to sun exposure on that particular day. Assess blanching by applying firm pressure—lupus rashes typically do not blanch (are non-blanching). Examine for involvement of the nasolabial folds; true malar rash spares these. Look for associated discoid lesions, oral ulcers, or other cutaneous manifestations. Document whether photosensitivity is exaggerated (objective measure: rash worsens with minimal sun exposure beyond normal).

---

### Finding: Symmetric Polyarthritis (Wrists, MCPs, Knees)
**What:** Inflammation of multiple joints bilaterally and symmetrically, affecting small joints of the hands and larger weight-bearing joints.

**Why it matters:** Symmetric polyarthritis is a cardinal feature of SLE, rheumatoid arthritis (RA), and DIL. This distribution pattern—particularly involving MCPs and PIPs symmetrically—is typical of RA and lupus. Importantly, **RA typically causes erosions over time** (visible on X-ray within months to years), whereas lupus arthritis is typically non-erosive. Our patient has **negative RF, negative anti-CCP, and no erosions on imaging**, which essentially rules out RA. DIL commonly presents with arthritis/arthralgias that mirror those of SLE but typically resolves upon drug discontinuation. The symmetric pattern here fits perfectly with DIL.

**How to assess:** Palpate for swelling, warmth, and tenderness in each joint. Distinguish between true synovitis (swelling, warmth, effusion) versus arthralgias alone (pain without physical findings). Range-of-motion testing helps assess functional impairment. Serial hand radiographs (baseline and 3 months) are essential to detect erosions, which would suggest RA over lupus/DIL. Laboratory correlation with CRP/ESR helps confirm inflammation.

---

### Finding: Positive ANA (1:320, Homogeneous Pattern)
**What:** Antinuclear antibodies detected at a titer of 1:320 with a homogeneous (diffuse) immunofluorescence pattern, indicating antibodies against nuclear antigens distributed throughout the nucleus.

**Why it matters:** ANA positivity is essential for SLE diagnosis (present in >95% of SLE patients) and is also common in DIL. The **homogeneous pattern** is characteristic of anti-histone and anti-dsDNA antibodies. Importantly, **idiopathic SLE typically shows higher titers and more specific patterns** (speckled, nucleolar) associated with extractable nuclear antigen (ENA) antibodies. DIL frequently presents with positive ANA and anti-histone antibodies but **negative anti-dsDNA and anti-Smith antibodies**—precisely what we see here. The homogeneous pattern in the context of hydralazine exposure is highly suggestive of anti-histone positivity (pending result). This is a key distinguishing feature: anti-histone antibodies occur in ~95% of hydralazine-induced lupus but only ~40% of idiopathic SLE.

**How to assess:** ANA testing begins with screening by immunofluorescence (IF) on HEp-2 cells, which detects the titer and pattern. Homogeneous patterns are then reflexively tested for anti-histone antibodies (ELISA) and anti-dsDNA (by multiplex"
gen-022,bge,BAAI/bge-small-en-v1.5,NONE,mimicker,OA — mechanical not inflammatory,none,"**PATIENT VIGNETTE**

**Chief Complaint:** ""My hands have been stiff and swollen for the past 8 months.""

**History of Present Illness:**

A 62-year-old woman presents with an 8-month history of progressive joint pain and swelling affecting her hands bilaterally. She reports that symptoms are worst in the morning, lasting approximately 45 minutes to 1 hour before gradually improving with activity throughout the day. She describes pain as aching in character, worse with repetitive gripping and fine motor tasks. Over the past 2 months, she has noticed visible swelling in several finger joints, particularly affecting the distal interphalangeal (DIP) joints of both hands, with some involvement of the proximal interphalangeal (PIP) joints.

She denies systemic symptoms including fever, weight loss, or fatigue. She reports no skin rashes, dry eyes, or dry mouth. Symptoms have been gradually worsening with periods of relative stability.

**Past Medical History:**

Type 2 diabetes (well-controlled on metformin), hypertension, osteoporosis diagnosed 3 years ago. She had a right knee meniscectomy 15 years ago and reports chronic right knee pain with activity.

**Social History:**

Retired schoolteacher, lives with husband, denies smoking, minimal alcohol use. Reports hand-heavy hobbies including gardening and knitting.

**Physical Examination:**

- Vital signs stable, afebrile
- General: Well-appearing, no distress
- Hands: Bony enlargement and mild erythema noted at DIP joints bilaterally; swelling also present at PIP joints and first carpometacarpal (CMC) joints bilaterally. No palmar erythema. Grip strength 35 kg bilaterally (diminished but symmetric)
- Joint count: Swelling and tenderness in 8 joints (bilateral DIP 2-5, bilateral PIP 2-3, bilateral first CMC)
- Knees: Right knee with mild effusion, crepitus on range of motion; left knee unremarkable
- No nodules on extensor surfaces
- No synovitis noted in wrists or ankles
- Remainder of exam unremarkable",1726,"# RHEUMATOLOGY DIFFERENTIAL DIAGNOSIS CONSULTATION

---

## PRIMARY DIAGNOSIS: Osteoarthritis (Hand OA with Generalized Distribution)

**Confidence:** High

**Supporting findings:**
- **DIP joint predominance with bony enlargement**: Heberden's nodes at DIP joints are pathognomonic for primary hand OA; the bilateral symmetric pattern is classic
- **Age and pattern of involvement**: 62-year-old woman with insidious 8-month progressive course; hand-heavy occupational and avocational history (gardening, knitting) consistent with mechanical stress
- **Morning stiffness improving with activity**: The brief duration (45-60 minutes) and improvement with movement is typical of mechanical OA rather than inflammatory arthritis
- **CMC and PIP involvement with right knee pain**: Polyarticular distribution affecting weight-bearing (right knee with effusion/crepitus) and hand joints is consistent with generalized OA phenotype

**Findings against:**
- Mild erythema at DIP joints could suggest inflammatory component, though this can occur in OA
- None identified that substantially argue against OA

---

## DIFFERENTIAL DIAGNOSIS:

1. **Rheumatoid Arthritis (RA)** (15-20%) — 
   - *For*: Bilateral symmetric hand swelling; morning stiffness; gradual 8-month progression; female gender and age group; involvement of PIP joints and CMC joints
   - *Against*: DIP predominance (RA typically spares DIP joints); lack of systemic symptoms (fever, weight loss, fatigue); no mention of seropositivity; morning stiffness brief (RA typically >1 hour); absence of wrist/ankle synovitis; no palmar erythema; preserved grip strength relatively symmetric

2. **Psoriatic Arthritis (PsA) or other Spondyloarthropathy** (5-10%) — 
   - *For*: Can involve DIP joints distinctly; asymmetric pattern possible; insidious onset
   - *Against*: Explicitly denies skin rash or psoriasis history; symmetric bilateral presentation; no systemic features; no history of inflammatory bowel disease or uveitis; DIP involvement in OA context with mechanical history more parsimonious

3. **Erosive Hand Osteoarthritis** (10-15%) — 
   - *For*: Central OA phenotype with DIP/PIP/CMC involvement; can present with inflammatory features (erythema, swelling); female predominance; can mimic RA clinically
   - *Against*: Typically presents with more acute inflammatory episodes; would expect more pronounced pain out of proportion to findings; usually more dramatic functional impairment

4. **Secondary OA (Post-traumatic, Metabolic)** (5-10%) — 
   - *For*: History of right knee meniscectomy 15 years ago; osteoporosis suggesting metabolic factors; diabetes
   - *Against*: Left hand and knee unaffected by prior trauma; symmetric pattern argues against post-traumatic etiology alone

---

## REASONING:

This presentation is most consistent with **primary generalized osteoarthritis** of the hands based on several discriminating features. The **pathognomonic involvement of DIP joints with bony enlargement (Heberden's nodes)** is the single most specific finding for hand OA and is uncommon in RA, which characteristically spares DIP joints. The **brief morning stiffness (45-60 minutes) that improves with activity** is mechanically-mediated inflammation rather than the inflammatory stiffness of RA, which typically persists 1+ hours and worsens with rest. The **symmetric, polyarticular pattern affecting hand joints plus right knee (with effusion/crepitus suggesting mechanical OA)** suggests a generalized OA phenotype rather than primary inflammatory arthritis. Critically, **absence of systemic symptoms, preserved symmetric grip strength, lack of wrist/ankle involvement, and no mention of positive inflammatory markers** all argue strongly against seronegative RA. While the mild erythema at DIP joints could suggest erosive hand OA (an inflammatory subset), the indolent 8-month course and mechanical exacerbation pattern fit primary hand OA.

---

## NEXT STEP:

**Obtain serum inflammatory markers and rheumatologic panel:**
- **ESR and CRP**: Expect **normal or minimally elevated** (supporting O","# DIFFERENTIAL DIAGNOSIS ANALYSIS

**PRIMARY DIAGNOSIS: Osteoarthritis (Hand Osteoarthritis)**
Confidence: High
Supporting findings: 
- Bony enlargement at DIP joints bilaterally (classic Heberden's nodes appearance)
- Insidious 8-month progressive course with morning stiffness <1 hour improving with activity
- Age 62 with known osteoporosis and prior knee meniscectomy (risk factors for generalized OA)

Findings against: 
- Symmetric polyarticular involvement with PIP and CMC joints affected (suggests inflammatory arthritis), though OA can present polyarticulary in post-menopausal women
- Morning stiffness lasting 45 minutes to 1 hour is somewhat prolonged for typical mechanical OA (though within possible range)

---

## DIFFERENTIAL DIAGNOSIS:

1. **Psoriatic Arthritis (20%)** — for: DIP joint predominance with bony enlargement, asymmetric distribution possible, dactylitis pattern | against: No reported skin rashes, nail pitting, or psoriasis history; no sausage digit appearance; absence of systemic symptoms

2. **Rheumatoid Arthritis (15%)** — for: Symmetric polyarticular distribution, morning stiffness >30 min, progressive course, female gender | against: Absence of wrist/MCP synovitis (typical RA sites), no reported RF/anti-CCP testing yet, no systemic features (fatigue, weight loss), no rheumatoid nodules, normal grip strength relatively preserved for 8 months of progressive disease

3. **Erosive Hand Osteoarthritis (12%)** — for: DIP/PIP involvement, bony enlargement, progressive course | against: Less common variant; would expect more aggressive symptoms or evidence of inflammatory markers if erosive form

---

## REASONING:

The clinical presentation is most consistent with **primary hand osteoarthritis** in a post-menopausal woman with established osteoporosis and manual occupation history. While the morning stiffness duration (45 minutes) and symmetric polyarticular pattern (8 joints affected) initially raise concern for inflammatory arthritis, the specific anatomical distribution—predominant DIP involvement with Heberden's node-like bony enlargement, plus first CMC joint involvement—is pathognomonic for degenerative rather than inflammatory disease. The absence of wrist synovitis (nearly universal in RA), lack of systemic symptoms, preserved symmetric grip strength, and absence of extraarticular manifestations (rashes, nodules, sicca symptoms) effectively exclude RA. PSA remains on the differential given DIP involvement, but the complete absence of any cutaneous or nail findings makes this unlikely. The gradual improvement with activity (characteristic mechanical behavior) and preserved functional status despite 8 months of symptoms further supports OA over inflammatory arthritis.

---

## NEXT STEP:

**Obtain baseline inflammatory markers (ESR, CRP) and hand X-rays (posteroanterior view with fingers extended).**

**Expected findings:** 
- ESR and CRP should be normal or minimally elevated (≤10 mm/hr and <3 mg/L respectively), supporting mechanical OA
- X-rays should demonstrate osteophytes at DIP/PIP joints, joint space narrowing, subchondral sclerosis, and possible joint space preservation in wrists (would exclude RA). If erosions are present with inflammatory-pattern distribution, consider referral for RF/anti-CCP and rheumatology evaluation.","# RHEUMATOLOGY CONSULTATION: DIFFERENTIAL DIAGNOSIS TEACHING

## PRIMARY DIAGNOSIS: Osteoarthritis (Hand OA) with Heberden's and Bouchard's Nodes

This patient presents with the classic presentation of primary hand osteoarthritis. While the insidious onset and DIP/PIP involvement might initially suggest rheumatoid arthritis (RA) to a junior clinician, multiple features decisively point toward OA, making this an excellent teaching case about disease-specific pattern recognition.

---

## TEACHING POINTS:

### Finding: DIP Joint Involvement (Heberden's Nodes)
**What:** Bony osteophytic enlargements occurring at the distal interphalangeal joints, representing OA of the DIP joints. These appear as visible, palpable bony bumps at the joint margins and are pathognomonic for hand OA when present.

**Why it matters:** This is perhaps the single most discriminatory finding in this case. DIP joint involvement is **characteristic of primary OA** and relatively uncommon in RA. When a patient presents with DIP swelling, you should immediately think ""osteoarthritis"" rather than inflammatory arthritis. RA classically spares the DIP joints and preferentially affects MCPs and wrists. The presence of Heberden's nodes essentially rules out RA as a primary diagnosis.

**How to assess:** Inspect both hands with fingers extended and slightly abducted. Palpate the DIP joints systematically for bony enlargement—you'll feel firm, nonmobile bony protrusions rather than soft-tissue swelling. Distinguish from soft-tissue synovitis (which feels boggy and warm) versus bony osteophytes (which feel hard and fixed). In this patient, ""bony enlargement with mild erythema"" at DIPs is classic.

---

### Finding: PIP Joint Involvement (Bouchard's Nodes)
**What:** Similar bony osteophytic enlargements at the proximal interphalangeal joints, representing OA at this level. Less common than Heberden's nodes but equally specific for OA.

**Why it matters:** Bouchard's nodes reinforce the OA diagnosis. Like Heberden's nodes, they are rare in RA. The combination of DIP + PIP involvement suggests progressive, multiple-joint hand OA rather than the typically symmetrical MCP-centered pattern of RA. This patient has what we call ""nodal hand OA""—a subtype characterized by these bony nodes.

**How to assess:** Similar to Heberden's node assessment—systematic palpation of PIP joints bilaterally for firm, fixed bony enlargements. The patient in this case has swelling in bilateral PIP 2-3 (index and middle fingers), a common distribution.

---

### Finding: First Carpometacarpal (CMC) Joint Involvement
**What:** Osteoarthritis affecting the CMC joint at the base of the thumb—the articulation between the trapezium carpal bone and the first metacarpal base. This joint is mechanically unique, being a saddle joint with high mobility and substantial load-bearing.

**Why it matters:** CMC joint OA is one of the most functionally significant sites of hand OA because this joint is crucial for opposition, pinching, and gripping. It's also one of the most common sites affected in hand OA (along with DIP joints). CMC involvement is **not typical for RA**, which rarely affects this joint predominantly. The presence of CMC OA further supports the OA diagnosis and explains her functional complaints about gripping tasks.

**How to assess:** Assess the CMC joint by having the patient extend the thumb and apply axial loading while performing circumduction (Grind test). Pain with this maneuver or visible bony enlargement at the base of the thumb supports OA. You can also assess thumb opposition and pinch strength (both often limited in CMC OA). In this case, her reduced grip strength is partly attributable to CMC disease.

---

### Finding: Morning Stiffness Duration (45 minutes to 1 hour)
**What:** Joint stiffness upon waking that gradually resolves with movement and activity throughout the day.

**Why it matters:** This is a classic teaching point about the DIFFERENCE between OA stiffness and RA stiffness. While both conditions cause morning stiffness, the **duration and character differ critically**:
- **OA stiffness:** Typically 15-30 minutes (occasionally up to 1 ","# RHEUMATOLOGY CASE TEACHING: HAND OSTEOARTHRITIS

## PRIMARY DIAGNOSIS
**Hand Osteoarthritis (OA) with Heberden's and Bouchard's Nodes**

---

## TEACHING POINTS

### Finding: Distal Interphalangeal (DIP) Joint Involvement with Bony Enlargement

**What:** 
The DIP joints are the most distal finger joints, closest to the fingertips. Bony enlargement at these joints is called **Heberden's nodes**—osteophytes (bone spurs) that develop from cartilage loss and reactive bone formation. These are hard, nodular swellings that can appear symmetric across both hands.

**Why it matters:** 
DIP involvement is *virtually pathognomonic* for osteoarthritis and is **against** rheumatoid arthritis. RA characteristically spares the DIP joints and preferentially attacks PIP and MCP joints. The presence of Heberden's nodes alone strongly favors OA. This finding immediately elevates the pre-test probability of hand OA significantly and lowers that of inflammatory arthropathies.

**How to assess:** 
On examination, palpate each DIP joint for hard, bony prominences. Note asymmetry (OA is often asymmetric) or symmetry. Ask the patient if symptoms worsen with gripping activities rather than with inactivity. Distinguish bony enlargement (hard, fixed) from synovial swelling (soft, compressible). X-rays of the hands will show osteophytes, joint space narrowing, and possible subchondral sclerosis at DIP joints.

---

### Finding: Symmetric, Multi-Joint Distribution (Bilateral DIPs, PIPs, CMC Joints)

**What:**
The patient has swelling and pain affecting multiple joint sites symmetrically—both right and left hands, affecting DIPs (2–5), PIPs (2–3), and first CMC joints. This pattern indicates **polyarticular OA**, sometimes called **generalized osteoarthritis**.

**Why it matters:**
Hand OA commonly affects three specific sites: the DIP joints (Heberden's), the PIP joints (Bouchard's nodes), and the first CMC joint. When multiple sites are involved symmetrically, this pattern is highly specific for generalized OA—particularly common in post-menopausal women. While RA can be symmetric, RA typically involves the wrist prominently, which this patient does *not* have. The CMC involvement is also characteristic of OA (leading to thumb base pain) but less typical of inflammatory arthritis in isolation.

**How to assess:**
Systematically examine all three anatomic regions: count DIP, PIP, and CMC joints involved bilaterally. On imaging, assess *location* of changes (DIP > PIP > CMC is OA pattern; wrist + MCP > PIP is RA pattern). Use the pattern of joint involvement as a diagnostic filter early in your differential.

---

### Finding: Morning Stiffness (45 minutes to 1 hour) Improving with Activity

**What:**
Morning stiffness is a period of reduced joint mobility and increased pain upon waking, lasting up to 1 hour before improving. The patient notes *gradual improvement with activity* throughout the day.

**Why it matters:**
This is a classic teaching trap. Morning stiffness is traditionally taught as a ""red flag"" for inflammatory arthritis like RA, which typically causes *prolonged* morning stiffness (>1–2 hours, sometimes >>2 hours). However, **mechanical OA also causes morning stiffness**—brief (usually <30 minutes, but can reach 1 hour) and driven by joint fluid redistribution and intra-articular inflammation overnight. The key distinguishing feature is *duration and trajectory*: OA stiffness is shorter and rapidly improves with motion (a ""warm-up"" phenomenon). RA stiffness persists longer despite activity. This patient's 45 minutes to 1 hour *with rapid improvement* is consistent with OA.

**How to assess:**
Ask specifically: ""How long does stiffness last after you wake?"" and ""Does it improve as you move around?"" Time it objectively if possible. >2 hours of stiffness should raise suspicion for inflammatory arthritis. In this patient, the brief duration and quick response to activity support mechanical rather than inflammatory disease.

---

### Finding: Pain Worse with Repetitive Gr"
gen-023,bge,BAAI/bge-small-en-v1.5,NONE,mimicker,Still's disease — not in label set,none,"**Chief Complaint:** ""I've had a fever and rash on and off for three months, and my joints have been really painful.""

**History of Present Illness:**
A 34-year-old woman presents with a three-month history of intermittent high fevers (documented up to 39.8°C), predominantly in late afternoons and evenings, often accompanied by an evanescent salmon-pink maculopapular rash on her trunk and proximal extremities. The rash appears during febrile episodes and resolves as fever subsides. She reports generalized arthralgia with objective swelling in her wrists, MCPs, PIPs, knees, and ankles bilaterally—approximately 12 joints involved. Morning stiffness lasts 45 minutes. She also describes severe fatigue, intermittent sore throat, and mild dyspnea on exertion. She denies photosensitivity, oral ulcers, or sicca symptoms.

**Physical Examination:**
Temperature 38.1°C. Symmetric swelling and warmth in wrist joints and PIP joints bilaterally. A faint pink maculopapular rash visible on shoulders and upper back. Soft, tender hepatomegaly palpated 2 cm below costal margin. Mild splenomegaly appreciated. No lymphadenopathy. Lungs clear to auscultation.

**Laboratory Results:**
WBC 14,200 (elevated), Hemoglobin 10.8 g/dL, Platelets 385,000 (elevated), ESR 68 mm/hr, CRP 12.5 mg/dL. AST 112 U/L, ALT 128 U/L. ANA negative. RF negative, anti-CCP negative. Complement levels normal. Ferritin 680 ng/mL. CBC differential shows neutrophil predominance at 78%.

**Imaging:**
X-rays of hands and feet show no erosions or joint space narrowing.",2500,"# DIFFERENTIAL DIAGNOSIS ANALYSIS

## PRIMARY DIAGNOSIS: Adult-Onset Still's Disease (AOSD)
**Confidence: High**

**Supporting findings:**
- Classic triad of quotidian fevers (documented 39.8°C), evanescent salmon-pink maculopapular rash appearing during febrile episodes, and polyarthralgia/polyarthritis (12 joints, symmetric small and large joints)
- Marked elevation of inflammatory markers (ESR 68, CRP 12.5, ferritin 680 ng/mL) with hepatosplenomegaly and leukocytosis with neutrophil predominance (78%)
- Seronegative polyarthritis (negative RF, anti-CCP, ANA) with non-erosive pattern on imaging—hallmark of AOSD's benign articular course

**Findings against:**
- Normal complement levels (typically normal in AOSD, so not discriminating against diagnosis)
- Mild dyspnea on exertion without documented pulmonary involvement on exam (though mild interstitial lung disease occurs in ~5% of AOSD)

---

## DIFFERENTIAL DIAGNOSIS:

1. **Systemic Lupus Erythematosus (SLE)** (8-12%) 
   - *For:* Polyarthritis, fever, rash, elevated ESR/CRP, elevated liver enzymes, leukocytosis
   - *Against:* Negative ANA is highly unusual in SLE (>98% of patients are ANA-positive); absence of photosensitivity, oral ulcers, or other lupus-specific features; normal complement levels argue against active lupus

2. **Rheumatoid Arthritis with systemic features** (5-8%)
   - *For:* Symmetric polyarthritis, morning stiffness (45 min), swelling in MCPs/PIPs/wrists, elevated inflammatory markers
   - *Against:* Negative RF and anti-CCP essentially excludes seropositive RA; evanescent fever-associated rash and hepatosplenomegaly are atypical; non-erosive pattern favors AOSD

3. **Acute Rheumatic Fever (ARF)** (3-5%)
   - *For:* Fever, migratory polyarthritis, rash, elevated inflammatory markers, recent sore throat history
   - *Against:* Three-month duration with persistent intermittent symptoms is atypical (ARF is usually acute, self-limited); hepatosplenomegaly is not characteristic; absence of carditis or chorea; age (34 years) is older than typical ARF presentation

---

## REASONING:

The clinical presentation is highly characteristic of Adult-Onset Still's Disease, which is defined by the triad of spiking quotidian fevers, evanescent rash, and seronegative polyarthritis. The ferritin elevation (680 ng/mL) is particularly discriminating—ferritin >6 times upper limit of normal has 80% specificity for AOSD among systemic inflammatory diseases. The negative ANA and rheumatoid serology effectively exclude SLE and seropositive RA, which are the most common polyarthritic mimics in this age group. The three-month intermittent course with persistent systemic manifestations (fever, rash, hepatosplenomegaly) and marked elevation of acute-phase reactants (ESR 68, CRP 12.5) without tissue damage on imaging is the cardinal pattern of AOSD. The neutrophil predominance and thrombocytosis further support a systemic inflammatory condition rather than autoimmune arthritis.

---

## NEXT STEP:

**Serum ferritin level confirmation and glycosylated ferritin (GlyFer) measurement**

*Expected finding:* Serum ferritin >1000 ng/mL and/or glycosylated ferritin <20% would strongly support AOSD diagnosis (ferritin becomes predominantly non-glycosylated in systemic inflammation). Additionally, **pro-inflammatory cytokine panel (IL-6, IL-18, TNF-α)** would show marked elevations characteristic of AOSD's IL-6-driven inflammation, distinguishing it from autoimmune arthropathies. Consider empiric trial of daily NSAIDs or low-dose corticosteroids; rapid clinical and laboratory response within 1-2 weeks would confirm diagnosis","# STRUCTURED DIFFERENTIAL DIAGNOSIS

**PRIMARY DIAGNOSIS: Adult-Onset Still's Disease (AOSD)**

**Confidence: High**

**Supporting findings:**
- Quotidian fever pattern (late afternoon/evening spikes to 39.8°C) with evanescent salmon-pink maculopapular rash that appears during febrile episodes—pathognomonic for AOSD
- Symmetric polyarthritis involving small joints (MCPs, PIPs, wrists) and large joints (knees, ankles) with 45-minute morning stiffness
- Markedly elevated inflammatory markers (ESR 68, CRP 12.5, ferritin 680 ng/mL) with hepatosplenomegaly and elevated transaminases, consistent with systemic inflammation

**Findings against: None identified**
(Negative ANA and RF/anti-CCP actually *support* AOSD, as seronegative status is typical)

---

## DIFFERENTIAL DIAGNOSIS:

1. **Systemic Lupus Erythematosus (SLE)** (15%) — *for:* symmetric polyarthritis, elevated inflammatory markers, hepatosplenomegaly | *against:* negative ANA (highly specific for SLE), no photosensitivity, oral ulcers, or classical lupus rash pattern

2. **Acute Rheumatic Fever (ARF)** (8%) — *for:* fever, evanescent rash, polyarthritis, recent sore throat history | *against:* three-month chronicity (ARF typically self-limited), hepatosplenomegaly without carditis signs, normal complement levels

3. **Early Rheumatoid Arthritis** (5%) — *for:* symmetric polyarthritis with morning stiffness involving small/large joints | *against:* negative RF and anti-CCP (makes seropositive RA unlikely), absence of erosions on imaging, fever and rash not typical of RA, elevated ferritin disproportionate to joint findings

4. **Lyme Arthritis** (4%) — *for:* polyarthritis involving large and small joints | *against:* symmetric distribution (Lyme is typically monoarticular/oligoarticular of large joints), fever-rash pattern inconsistent with erythema migrans, three-month episodic course atypical, no exposure history documented

5. **Systemic Infection (EBV, CMV, or other viral)** (3%) — *for:* fever, rash, hepatosplenomegaly, elevated transaminases, lymphocytosis | *against:* predominantly neutrophilic leukocytosis rather than lymphocytic predominance, symmetric polyarthritis more typical of AOSD

---

## REASONING:

Adult-Onset Still's Disease is the leading diagnosis because the clinical presentation demonstrates the classic tetrad: **quotidian fever with late-afternoon/evening pattern**, **evanescent salmon-pink maculopapular rash appearing during febrile episodes**, **symmetric polyarthritis of small and large joints**, and **marked systemic inflammation** (ferritin 680 ng/mL is particularly discriminating—AOSD typically shows ferritin >3× upper limit of normal). The **seronegative status** (negative RF, anti-CCP, ANA) is actually supportive rather than against AOSD, distinguishing it from seropositive autoimmune arthropathies. The hepatosplenomegaly with transaminitis and neutrophil-predominant leukocytosis align with AOSD's systemic inflammatory phenotype. The three-month intermittent course with documented objective arthritis excludes acute viral syndromes and supports a systemic inflammatory arthropathy. Absence of radiographic erosions at three months is consistent with early AOSD; erosions develop in a minority of cases with chronic disease.

---

## NEXT STEP:

**Serum Ferritin level with glycosylated ferritin (GF) percentage assessment** — AOSD typically shows markedly elevated ferritin (>10× normal) with LOW glycosylated ferritin (<20%), a finding specific enough to support AOSD diagnosis when combined with clinical criteria. Alternatively, if ferritin already measured at 680 ng/mL, request **glycosylated ferritin fraction** (expect <20% in AOSD). This single biomarker, combined with documented fever-rash-arthritis pattern, would","# PRIMARY DIAGNOSIS: Adult-Onset Still's Disease (AOSD)

---

## TEACHING POINTS:

### Finding: Evanescent Salmon-Pink Rash with Fever

**What:** An evanescent (transient, non-fixed) maculopapular rash that appears predominantly on the trunk and proximal extremities during febrile episodes and resolves completely during afebrile periods. The characteristic color is often described as salmon or rose-pink—quite distinct from other rheumatologic rashes.

**Why it matters:** This rash is *pathognomonic* for AOSD when present in the proper clinical context. It's one of Yamaguchi's diagnostic criteria (modified 1992). The evanescent nature—appearing and disappearing with fever—is crucial; this differentiates it from:
- Rheumatoid arthritis (no rash, or if present, is persistent)
- SLE (photosensitive, persistent malar rash)
- Acute rheumatic fever (evanescent but usually with carditis and migratory arthritis)
- Drug reaction (typically more persistent, different distribution)

**How to assess:** 
- Document timing: Does the rash coincide with fever spikes?
- Examine during both febrile and afebrile periods if possible
- Note distribution (trunk > face, palms spared)
- Assess morphology and blanching
- Ask the patient to photograph rash during flares (helpful for follow-up)
- Skin biopsy rarely needed; typically shows nonspecific perivascular lymphocytic infiltrate

---

### Finding: Quotidian Fever Pattern (Late Afternoon/Evening)

**What:** High-spiking fevers occurring at predictable times of day (characteristically late afternoon/evening in AOSD), typically reaching ≥39°C, resolving completely to normal, often with associated chills or drenching sweats.

**Why it matters:** The *quotidian* (daily) fever pattern is a major diagnostic criterion for AOSD (Yamaguchi). This pattern is relatively uncommon in rheumatologic diseases:
- Typical RA: no fever or low-grade only
- SLE: variable fever patterns
- Malignancy: fever can be quotidian but accompanied by weight loss, night sweats, adenopathy
- Infections (TB, endocarditis): can mimic AOSD; require exclusion first
- Acute rheumatic fever: migratory polyarthritis, cardiac involvement

**How to assess:**
- Request fever charts: patient or caregiver documentation of daily temperatures
- Use a reliable thermometer (digital preferred)
- Distinguish from reported symptoms alone (""I felt feverish"")
- Document duration of fever spikes and presence of rigors
- Rule out infections (blood cultures if bacteremia suspected, chest X-ray, TB testing)
- Exclude malignancy if fever persists or weight loss develops

---

### Finding: Polyarthritis (12 Joints, Symmetric, Non-Erosive)

**What:** Inflammation of multiple joints (≥5) affecting both sides of the body symmetrically, with objective swelling and warmth, without radiographic evidence of joint destruction (erosions or cartilage loss).

**Why it matters:** AOSD causes symmetric polyarthritis—most commonly affecting wrists, MCPs, PIPs, knees, and ankles (exactly as seen here). The critical point is that AOSD arthritis is *typically non-erosive* even with chronic disease. This is a major differentiator:
- **RA:** symmetric polyarthritis BUT typically erosive with RF/anti-CCP positive. Here: seronegative, no erosions yet—but AOSD is much more likely
- **Seronegative RA (SPA/RD-unspecified):** possible, but lacks the characteristic fever/rash
- **Acute rheumatic fever:** asymmetric, migratory polyarthritis (not persistent symmetric inflammation)

The non-erosive nature on imaging is reassuring and typical of AOSD.

**How to assess:**
- Examine and count involved joints systematically (28-joint or 66-joint exam)
- Document symmetry explicitly
- Assess for swelling (vs. tenosynovitis alone)
- Palpate for warmth (compared to contralateral joint)
- Serial hand/foot X-rays: baseline and 6-12 months. AOSD typically","# PRIMARY DIAGNOSIS: Adult-Onset Still's Disease (AOSD)

---

## TEACHING POINTS

### Finding: Quotidian Fever Pattern (Spiking Fevers in Late Afternoon/Evening)

**What:** High-grade fevers (often ≥39°C) that spike once or twice daily, typically in the late afternoon or evening, with return to normal or subnormal temperatures between spikes. This is distinctly different from persistent fever.

**Why it matters:** The quotidian fever pattern is virtually pathognomonic for AOSD. It's one of the Yamaguchi diagnostic criteria (major criterion). While other systemic inflammatory diseases cause fever, the characteristic daily spike pattern with resolution between episodes is highly specific for AOSD. RA does not typically present with spiking fevers; infectious diseases usually show persistent fever. This finding should immediately trigger AOSD consideration.

**How to assess it:** Document fever patterns over time—ask patients to keep a fever diary or review temperature logs if hospitalized. The pattern matters more than the absolute temperature. Query about timing relative to symptom flares. In clinic, a single temperature reading may be normal; the history is diagnostic. Consider admission for fever observation if diagnosis unclear.

---

### Finding: Evanescent Salmon-Pink Maculopapular Rash

**What:** A non-pruritic, non-scarring rash that appears primarily on the trunk and proximal extremities, characteristically coinciding with fever spikes and fading as fever resolves. The rash is typically salmon or pink in color, flat to minimally raised, and non-blanching.

**Why it matters:** This is another major Yamaguchi criterion for AOSD. The evanescent nature—appearing and disappearing with febrile episodes—is the key distinguishing feature. While SLE can present with rashes, the temporal relationship to fever and the non-photosensitive, non-scarring character favor AOSD. The rash in this case is NOT malar, photosensitive, or fixed, which argues against SLE (also supported by negative ANA). Rheumatoid arthritis does not present with fever-associated rashes. The rash can be elusive during examination if the patient is afebrile, which explains why documentation from the patient's history is essential.

**How to assess it:** Examine the patient during fever if possible. Document location, morphology, and relationship to temperature. Ask about appearance/disappearance patterns. Photograph when visible. Biopsy is rarely needed (shows nonspecific dermal inflammation); diagnosis is clinical. If rash not visible at exam, don't discount it—patient history and timing are sufficient.

---

### Finding: Symmetric Polyarthralgia/Arthritis (12 Joints; Wrists, MCPs, PIPs, Knees, Ankles)

**What:** Joint pain and swelling affecting multiple joints (≥5) in a symmetric distribution. In this case, involvement of both small joints of the hands (wrists, MCPs, PIPs) and large joints (knees, ankles) is documented.

**Why it matters:** AOSD characteristically causes a polyarthritis that mimics RA but with key differences. The symmetric pattern is typical for both AOSD and RA. However, AOSD arthritis is often NON-EROSIVE (no bony damage on imaging), whereas chronic RA causes erosions and joint space narrowing. The presence of negative RF and anti-CCP strongly argues against RA—these antibodies are positive in ~80% of RA cases. The involvement of both small and large joints is consistent with AOSD. Morning stiffness of 45 minutes, while suggesting inflammatory arthritis, is relatively modest compared to severe RA. Importantly, in AOSD, the arthritis often improves or resolves with anti-IL-6 therapy, whereas RA requires DMARDs.

**How to assess it:** Count involved joints (≥5 required for AOSD diagnosis). Examine for warmth, swelling, and tenderness. Perform bilateral assessment to confirm symmetry. X-ray or ultrasound to confirm no erosions (non-erosive is typical for AOSD). Distinguish from monoarticular gout (which presents with acute MTP-1 pain, not polyarthritis) and from Lyme arthritis (which tends toward large joint monoarthritis or oligoarthritis with Borrelia exposure history).

---

### Finding: Negative RF and Anti-CCP Antibodies

**What:** Rh"
gen-024,bge,BAAI/bge-small-en-v1.5,NONE,none,Fibromyalgia — no inflammatory arthritis,none,"**CHIEF COMPLAINT**
""I'm exhausted all the time and my whole body aches.""

**HISTORY OF PRESENT ILLNESS**
45-year-old woman presents with an 8-month history of widespread musculoskeletal pain and severe fatigue. Symptoms began insidiously without preceding illness or trauma. Pain is diffuse, affecting shoulders, hips, knees, lower back, and neck. She describes it as a constant dull ache with superimposed sharp pain with movement. Morning stiffness lasts approximately 15–20 minutes and improves with activity. Sleep is severely disrupted; she reports waking 4–5 times nightly and feeling unrefreshed despite 8 hours in bed.

The fatigue is profound, often requiring her to rest for 2–3 hours in the afternoon. She has difficulty concentrating at work and reports memory lapses. Over the past two months, she's experienced recurrent headaches (2–3 weekly) and has developed symptoms of low mood with anhedonia, though she denies suicidal ideation.

Temperature control is problematic—she experiences night sweats several nights weekly, drenching her sheets, and reports frequent flushing. No recent weight loss or fever during daytime hours.

**PAST MEDICAL HISTORY**
Seasonal allergies. No prior psychiatric history. Menarche age 12; regular cycles until 6 months ago when they became irregular.

**MEDICATIONS**
Cetirizine as needed.

**PHYSICAL EXAMINATION**
Alert, appears fatigued. Vital signs: BP 128/82, HR 82, RR 16, Temp 37.0°C. No rashes. 

Musculoskeletal exam: Full painless range of motion in all joints. No joint swelling, erythema, or warmth. Palpation of bilateral occiput, trapezius, supraspinatus, lateral epicondyles, gluteal muscles, and medial knee fat pads all reproducibly tender. No tender swelling in proximal interphalangeal joints or metacarpophalangeal joints. Grip strength 28 kg bilaterally (normal for her age/sex). Detailed neurological exam unremarkable including normal reflexes and gait.",2500,"# DIFFERENTIAL DIAGNOSIS ANALYSIS

**PRIMARY DIAGNOSIS: Fibromyalgia**

**Confidence: High**

**Supporting findings:**
- Widespread musculoskeletal pain affecting ≥4 body regions (shoulders, hips, knees, lower back, neck) persisting 8 months with characteristic dull ache and sharp pain on movement
- Reproducible tenderness at multiple characteristic tender points (occiput, trapezius, supraspinatus, lateral epicondyles, gluteal muscles, medial knee fat pads) without objective joint swelling or inflammation
- Severe sleep disturbance (waking 4-5 times nightly with unrefreshed sleep) and disproportionate fatigue that are hallmark cognitive/constitutional symptoms of fibromyalgia

**Findings against:**
- Normal grip strength (28 kg) argues against inflammatory myopathy, though not definitively exclusionary
- None identified that substantially argue against fibromyalgia

---

## DIFFERENTIAL DIAGNOSIS:

1. **Rheumatoid Arthritis (10%)** — *for:* morning stiffness, symmetric polyarticular pain pattern | *against:* absence of joint swelling/warmth/erythema on exam; normal grip strength; no documented elevated inflammatory markers mentioned; 8-month timeline with no progression to visible synovitis is atypical

2. **Systemic Lupus Erythematosus (8%)** — *for:* female, reproductive-age, constitutional symptoms (fatigue, night sweats), cognitive dysfunction (""brain fog"") | *against:* no rash (including malar), no mention of photosensitivity, no oral ulcers, no serositis features, normal vital signs; diffuse tender points without objective joint inflammation is atypical for SLE

3. **Hypothyroidism/Thyroid Dysfunction (12%)** — *for:* fatigue, sleep disturbance, mood changes, irregular menses, temperature dysregulation (night sweats, flushing) | *against:* 15-20 minute morning stiffness and widespread tender points less typical; normal temperature at rest (37.0°C) reduces likelihood, though subclinical disease possible

4. **Polymyalgia Rheumatica (5%)** — *for:* morning stiffness, proximal muscle pain/stiffness pattern | *against:* age 45 is significantly younger than typical PMR presentation (>50 years); normal ESR/CRP expected to be abnormal; no temporal artery involvement; normal neurological exam argues against giant cell arteritis

5. **Major Depressive Disorder with Somatic Symptom Disorder (8%)** — *for:* anhedonia, low mood, cognitive complaints, sleep disturbance, fatigue | *against:* reproducible objective tender points on examination; symmetric widespread pain distribution; no prior psychiatric history; symptoms predate mood changes by approximately 6 months

6. **Chronic Fatigue Syndrome/ME (15%)** — *for:* profound post-exertional fatigue, cognitive dysfunction (""brain fog""), unrefreshed sleep despite adequate duration, widespread pain | *against:* less emphasis on post-exertional malaise documentation; tender point exam findings more consistent with fibromyalgia criteria

---

## REASONING:

This patient's clinical presentation is most consistent with **fibromyalgia**, defined by the convergence of widespread chronic pain in characteristic anatomical regions and the presence of reproducible tender points on examination without objective signs of inflammation (no swelling, erythema, or warmth). The 8-month insidious onset, morning stiffness that improves with activity (rather than worsening), and profoundly disrupted sleep with unrefreshed quality are hallmark features. The constellation of cognitive symptoms (""brain fog,"" memory lapses), night sweats, and mood changes represent the central sensitization and autonomic dysfunction characteristic of fibromyalgia rather than primary psychiatric or endocrine disease.

Inflammatory arthropathies (RA, SLE) are substantially less likely given the complete absence of objective joint inflammation on examination despite 8 months of symptoms—inflammatory conditions typically show demonstrable synovitis when pain is this severe and protracted. Hypothyroidism remains on the differential because temperature dysregulation and menstrual irregularity are notable, but the specific tender point pattern and short morning stiffness are less typical. Polymyalgia rheumatica is effectively excluded by age alone. Chronic Fatigue Syndrome overlaps significantly","# DIFFERENTIAL DIAGNOSIS CONSULTATION

## PRIMARY DIAGNOSIS: Fibromyalgia Syndrome
**Confidence: High**

**Supporting findings:**
- Widespread musculoskeletal pain (shoulders, hips, knees, lower back, neck) with characteristic tender point examination (occiput, trapezius, supraspinatus, lateral epicondyles, gluteal muscles, medial knee fat pads all reproducibly tender)
- Severe, disproportionate fatigue and unrefreshing sleep with frequent nighttime awakenings (4–5 times nightly) despite adequate sleep duration
- Cognitive dysfunction (difficulty concentrating, memory lapses) and mood disturbance (low mood, anhedonia) consistent with central sensitization syndrome

**Findings against:**
- No objective joint swelling, erythema, or warmth on examination
- Normal grip strength (28 kg bilaterally) argues against inflammatory arthropathy with true weakness

---

## DIFFERENTIAL DIAGNOSIS:

1. **Polymyalgia Rheumatica (PMR)** (25%) — *for:* proximal girdle involvement (shoulders, hips), morning stiffness, age 45, severe fatigue | *against:* morning stiffness only 15–20 minutes (PMR typically >45 min), absence of elevated ESR/CRP data, pain extends distally to knees/neck with tender point pattern atypical for PMR

2. **Systemic Lupus Erythematosus (SLE)** (10%) — *for:* female of childbearing age, widespread pain, fatigue, mood disturbance, night sweats, cognitive symptoms | *against:* no reported rashes, normal vital signs, no alopecia/photosensitivity mentioned, no signs of serositis or nephritis; would expect more acute presentation with systemic features

3. **Ankylosing Spondylitis/Axial Spondyloarthropathy** (8%) — *for:* back pain and morning stiffness improving with motion, younger age | *against:* female predominance is unusual (male:female ratio ~3:1), pain distribution is diffuse and polyarticular rather than axial-predominant, full pain-free range of motion in spine, no HLA-B27 data provided, no mention of sacroiliac tenderness on stress testing

4. **Thyroid Dysfunction/Hypothyroidism** (7%) — *for:* fatigue, cognitive complaints, temperature dysregulation, mood changes, irregular menses | *against:* no cold intolerance mentioned, normal vital signs with normal heart rate (not bradycardic), musculoskeletal pain pattern atypical for hypothyroidism

5. **Rheumatoid Arthritis** (5%) — *for:* morning stiffness, polyarticular pain | *against:* complete absence of joint swelling/erythema/warmth, symmetric distribution but no small joint involvement (MCP/PIP spared), normal grip strength, pain-free range of motion, insidious onset over 8 months without progression to visible inflammation

---

## REASONING:

This case presents the quintessential fibromyalgia syndrome triad: widespread musculoskeletal pain with characteristic tender points, severe disproportionate fatigue with unrefreshing sleep architecture disturbance, and central nervous system dysfunction (cognitive and mood symptoms). The critical discriminator is the **reproducible tender point examination in classic fibromyalgia distribution** (occiput, trapezius, supraspinatus, lateral epicondyles, gluteal muscles, medial knees) combined with **completely normal objective joint findings** (no swelling, erythema, warmth, or functional grip strength impairment). PMR remains on the differential given the proximal muscle symptoms and age, but the sustained morning stiffness duration in PMR typically exceeds 45 minutes, and inflammatory markers would be markedly elevated. SLE and seronegative inflammatory arthropathies are lower probability given the absence of systemic inflammatory signs, normal vital signs, and the specific tender point pattern. The irregular menses and night sweats warrant thyroid screening and consideration of perimenopause as a contributing factor to symptom severity, but these alone do not explain the fibromyalgia-pattern examination.

---

## NEXT STEP:

**Obtain baseline inflammatory markers: ESR and CRP**
- **Expected finding in fibromyalgia:** Both ESR and CRP should be normal (","# PRIMARY DIAGNOSIS: Fibromyalgia Syndrome (FMS)

---

## TEACHING POINTS

### Finding: Widespread Musculoskeletal Pain (8-month duration, diffuse distribution)

**What:** Pain present in all four body quadrants (upper and lower extremities plus axial skeleton) persisting for ≥3 months. In this case, involvement of shoulders, hips, knees, lower back, and neck represents the characteristic polyregional pattern.

**Why it matters:** 
- Fibromyalgia is defined by widespread pain; localized pain (e.g., single joint, single region) argues against FMS and suggests inflammatory arthritis, regional pain syndromes, or mechanical disorders
- The 8-month duration rules out acute self-limited conditions and supports a chronic pain condition
- The absence of joint swelling, warmth, or erythema makes inflammatory arthropathies (RA, SLE, seronegative spondyloarthritis) much less likely
- Diffuseness (not monoarticular) argues against osteoarthritis as primary diagnosis

**How to assess:** 
1. **Widespread Pain Index (WPI)**: Ask patient to shade or identify all painful body regions on a diagram. Score by counting regions: ≥7 regions needed for FMS criteria
2. **Regional assessment**: Systematically examine each quadrant; confirm pain is non-inflammatory (no swelling, warmth, synovial thickening)
3. **Time course**: Establish symptom duration and whether pain is stable or progressive
4. **Character**: Distinguish between inflammatory pain (improves with activity, warm, swollen joints) versus noninflammatory pain (variable with activity, mechanical features)

---

### Finding: Tender Points (Occiput, Trapezius, Supraspinatus, Lateral Epicondyles, Gluteal Muscles, Medial Knee Fat Pads—all reproducibly tender)

**What:** Specific anatomical sites that exhibit exaggerated tenderness to pressure (4 kg/cm² is abnormally low pressure threshold). These are consistent across FMS diagnostic criteria and include 18 classical sites; the exam documented 6 positive sites.

**Why it matters:**
- **Pathognomonic for FMS**: Tenderness at these specific anatomical locations in the setting of widespread pain is highly specific for fibromyalgia
- Distinguishes FMS from inflammatory arthritis: RA causes joint-specific tenderness (PIP, MCP joints, wrist); inflammatory conditions cause synovial swelling, not just tender points at muscle/ligament insertions
- The patient's **normal grip strength (28 kg bilaterally)** is crucial: true inflammatory myositis or joint disease causes objective weakness; normal strength in a tender patient points to central sensitization, not peripheral inflammation
- Tender points also support FMS over depression-only diagnosis, myositis, or radiculopathy (which would have focal distribution and neurological signs)

**How to assess:**
1. **Tender Point Examination**: Use standardized pressure (apply ~4 kg force—approximately the amount needed to blanch the examiner's fingernail when pressed on the patient's skin)
2. **18 classical sites** (bilateral pairs):
   - Occiput (at suboccipital muscle insertions)
   - Low cervical (anterior intertransverse spaces)
   - Trapezius (midpoint of upper border)
   - Supraspinatus (above scapular spine)
   - Second rib (at costochondral junction)
   - Lateral epicondyle (just distal to humeral epicondyle)
   - Gluteal (upper outer quadrant of buttock)
   - Greater trochanter (posterior to prominence)
   - Knee (medial fat pad above joint line)
3. **Patient reporting**: Patient should state whether pressure is painful; ask ""Is this tender?"" not ""Does this hurt?"" (normalizes mild discomfort)
4. **Document reproducibility**: Retest 1–2 sites during exam to confirm consistency
5. **Correlate with non-tender sites**: Palpate normal areas (e.g., shin, forearm, thumbnail) to confirm patient isn't tender everywhere (which would suggest hyperalgia or non-organic pain)

---

### Finding: Morning Stiffness (15–20 minutes, improves with activity)

**What:** Difficulty with movement and perceived muscle/joint ""tight","# RHEUMATOLOGY CONSULTATION: DIFFERENTIAL DIAGNOSIS TEACHING CASE

## PRIMARY DIAGNOSIS: Fibromyalgia Syndrome (FMS)

---

## TEACHING POINTS:

### Finding: Widespread Musculoskeletal Pain (8-month duration, diffuse distribution)

**What:** Pain involving axial and appendicular skeleton in a non-anatomic distribution—shoulders, hips, knees, lower back, and neck—described as dull ache with movement-provoked sharp pain, without objective signs of inflammation or structural damage.

**Why it matters:** This pattern is pathognomonic for fibromyalgia. Contrast this with:
- **Inflammatory arthropathies** (RA, AS): produce *symmetric* polyarthritis with observable joint swelling, erythema, and warmth; pain worsens with rest, not movement
- **Polymyalgia Rheumatica (PMR)**: typically *proximal* shoulder/hip girdle pain in patients >50 years; this patient is 45 with diffuse pain
- **Systemic diseases** (SLE, vasculitis): usually accompanied by systemic manifestations (rashes, serositis, organ involvement)

The key red flag we're *not* seeing: no objective joint inflammation. This is critical.

**How to assess:** 
- Palpate 18 tender points (ACR 2016 criteria emphasis is less rigid now, but useful conceptually): occiput, trapezius, supraspinatus, lateral epicondyle, gluteus medius, medial knee fat pad bilaterally, plus cervical spine, mid-thorax, lower abdomen
- Perform **vital Schober test** to rule out axial spondyloarthropathy (measure lumbar flexion; <5 cm suggests AS, not seen here)
- Document **full painless passive range of motion** (as in this case)—inflammatory diseases typically restrict motion
- Measure grip strength objectively (normal here despite pain complaints)

---

### Finding: Morning Stiffness (15–20 minutes, improving with activity)

**What:** Difficulty with joint mobility and muscle flexibility immediately upon waking, resolving relatively quickly with movement and exercise.

**Why it matters:** While morning stiffness occurs in *both* inflammatory and non-inflammatory conditions, the *duration and response to activity* distinguish them:
- **Inflammatory diseases** (RA, AS, PMR): stiffness lasts ≥1 hour, improves *slowly* with NSAIDs/warmth, reflects synovitis
- **Fibromyalgia**: stiffness is brief (15–30 min), rapidly improves with movement, reflects muscle deconditioning and central sensitization, not inflammation
- This patient's 15–20 minute duration improving with activity is **non-inflammatory** in character

**How to assess:** 
- Ask patient: ""How long does it take after you get out of bed for your joints to loosen up?""
- Inquire: ""Does it improve with movement/stretching, or do you need to rest it?""
- Compare to disease-specific criteria: AS diagnostic criteria emphasize inflammatory back pain (morning stiffness >30 min improving with activity, not rest)

---

### Finding: Severe Fatigue and Sleep Disruption (4–5 nocturnal awakenings, unrefreshed sleep despite 8 hours)

**What:** Profound exhaustion disproportionate to activity level, coupled with non-restorative sleep architecture—frequent arousals and failure to achieve deep sleep stages.

**Why it matters:** Fatigue is common in rheumatic diseases but the *sleep pattern* is diagnostic:
- **Inflammatory diseases** cause nighttime pain → disrupted sleep (pain-driven insomnia)
- **Fibromyalgia** causes abnormal sleep physiology: reduced slow-wave sleep (Stage 3/4 NREM), intrusion of alpha waves during deep sleep (alpha-delta sleep anomaly) → unrefreshed sleep *despite adequate duration*
- The cognitive dysfunction (""difficulty concentrating,"" ""memory lapses"") in FMS stems from sleep deprivation and central nervous system sensitization, not CNS vasculitis or SLE

This sleep-fatigue-cognition triad is characteristic of FMS and absent in typical inflammatory arthropathies.

**How to assess:**
- Screen with **Pittsburgh Sleep Quality Index (PSQI)** or simple questions: ""Do you wake up feeling rested"
gen-025,bge,BAAI/bge-small-en-v1.5,NONE,none,Sarcoidosis — not in label set,none,"**CLINICAL VIGNETTE**

**HPI:**
A 52-year-old African American woman presents with a 3-week history of progressive bilateral knee and ankle pain, associated with mild morning stiffness lasting approximately 45 minutes. She denies recent trauma, fever, or systemic symptoms. She reports a new nonproductive cough for the past 2 weeks and occasional dyspnea on exertion, which she attributes to her sedentary lifestyle. She has noticed some facial flushing but denies night sweats or weight loss.

**ROS:**
Denies photosensitivity, oral ulcers, or dry eyes. No recent infections or sick contacts. Reports mild fatigue but attributes this to poor sleep from joint pain.

**PMHx:**
Hypertension (controlled on lisinopril). No prior arthralgias or arthritis. Denies autoimmune disease.

**Physical Exam:**
BP 138/82, HR 88, RR 18, afebrile. General: well-appearing. HEENT: no erythema nodosum noted. Lungs: clear to auscultation bilaterally. Cardiovascular: regular rate and rhythm. MSK: bilateral knee swelling and warmth (2+ effusions palpated), bilateral ankle joint line tenderness without significant swelling, 8/28 joints with evidence of inflammation. No tophi, nodules, or rashes noted.

**Labs:**
ESR 34 mm/hr, CRP 2.8 mg/dL. CBC, CMP, LFTs all normal. RF negative, ANA negative. Serum calcium 10.8 mg/dL. Chest X-ray ordered pending.

**Assessment:**
Polyarticular arthritis of knees and ankles with systemic features requiring evaluation for underlying etiology.",2500,"# DIFFERENTIAL DIAGNOSIS ANALYSIS

## PRIMARY DIAGNOSIS: Sarcoidosis (with Löfgren Syndrome)

**Confidence:** High

**Supporting findings:**
- Polyarticular arthritis (knees and ankles) in classic distribution with bilateral symmetry and inflammatory markers (ESR 34, CRP 2.8) in a middle-aged African American woman
- Pulmonary symptoms (nonproductive cough, dyspnea on exertion) with pending CXR findings suggesting possible hilar lymphadenopathy
- Seronegative arthritis (RF and ANA both negative) with systemic manifestations (mild fatigue, facial flushing) without features of other connective tissue diseases

**Findings against:**
- No erythema nodosum noted on examination (though absence doesn't exclude Löfgren—occurs in ~25% of sarcoidosis cases); relatively normal serum calcium (typical for non-hypercalcemic sarcoidosis)

---

## DIFFERENTIAL DIAGNOSIS:

1. **Early Rheumatoid Arthritis (25%)** — for: polyarticular symmetric inflammatory arthritis, elevated ESR, morning stiffness duration | against: RF negative, ANA negative (though seronegative RA occurs in ~30% of cases), absence of systemic complaints typical of RA, pulmonary cough more suggestive of sarcoidosis

2. **Acute Q Fever or Brucellosis (15%)** — for: polyarthritis in knees/ankles, systemic symptoms, negative RF/ANA | against: no fever/night sweats, no recent exposures documented, cough nonproductive (not typical of Q fever pneumonitis), normal CMP/LFTs

3. **Reactive Arthritis/Post-infectious Arthropathy (15%)** — for: subacute onset, polyarticular, seronegative | against: denies recent GI/GU symptoms or clear triggering infection, duration now 3 weeks with progression rather than self-limited course

4. **Tuberculosis (Poncet Disease) (10%)** — for: polyarthritis, pulmonary involvement, demographics (African American) | against: afebrile, no night sweats/weight loss, no risk factors documented, cough nonproductive and mild

5. **Systemic Lupus Erythematosus (10%)** — for: polyarthritis, systemic symptoms, demographics | against: ANA negative (highly sensitive for SLE, specificity issue acknowledged but makes diagnosis unlikely), no photosensitivity/oral ulcers/dry eyes, no rash

6. **Gout or Crystal Arthropathy (5%)** — for: knee/ankle involvement | against: bilateral symmetric presentation, inflammatory polyarthritis pattern (not monoarticular), no tophi, normal uric acid expected with normal renal function

---

## REASONING:

The clinical presentation is highly suggestive of **sarcoidosis with Löfgren syndrome**, the acute triad of arthritis, hilar lymphadenopathy, and erythema nodosum. While erythema nodosum is absent here, the constellation of seronegative polyarticular arthritis (particularly knee-dominant with classic distribution), pulmonary symptoms with pending imaging, and demographic fit (African American woman, middle-aged) points strongly toward sarcoidosis. The negative RF and ANA effectively exclude classic autoimmune arthritis initially, while the systemic respiratory complaint differentiates this from uncomplicated early RA. The normal serum calcium and routine labs don't exclude sarcoidosis, as hypercalcemia is not required for diagnosis. The 3-week timeline and progressive nature favor an acute systemic process over reactive arthritis, which typically peaks within 2 weeks.

---

## NEXT STEP:

**Chest X-ray findings (most discriminating):** Expect **bilateral hilar lymphadenopathy (Scadding stage I-II)** with or without pulmonary infiltrates. This would substantially elevate sarcoidosis probability to >75-80%. If CXR shows hilar lymphadenopathy, proceed with **serum ACE level and 24-hour urinary calcium** to support diagnosis; **transbronchial biopsy or mediastinal lymph node sampling** would provide definitive histologic confirmation (non-caseating granulomas). Absence of hilar lymphadenopathy would necessitate reconsideration of seronegative RA or other","# RHEUMATOLOGIC DIFFERENTIAL DIAGNOSIS

## PRIMARY DIAGNOSIS: Sarcoidosis with Polyarticular Involvement
**Confidence: High**

**Supporting findings:**
- Classic triad: polyarticular arthritis (knees/ankles), pulmonary involvement (nonproductive cough, dyspnea on exertion), and systemic features (facial flushing, fatigue) in a 52-year-old African American woman
- Elevated inflammatory markers (ESR 34, CRP 2.8) with negative RF/ANA, which argues against typical autoimmune arthritides
- Normal serum calcium initially, but the clinical constellation strongly suggests sarcoidosis (hypercalcemia develops in only 10% of sarcoid patients; normal calcium does not exclude diagnosis)

**Findings against:**
- Chest X-ray results not yet available (critical for confirming pulmonary involvement)
- Relatively mild morning stiffness (45 minutes) compared to more severe inflammatory arthropathies

---

## DIFFERENTIAL DIAGNOSIS:

1. **Early Rheumatoid Arthritis (20%)** — *for:* polyarticular symmetric involvement of knees/ankles with morning stiffness and elevated inflammatory markers | *against:* negative RF/anti-CCP serology, absence of hand joint involvement, normal CRP (typically higher in seropositive RA), no erosions documented

2. **Acute Viral Arthritis/Post-viral Polyarthritis (18%)** — *for:* subacute presentation with polyarticular involvement and respiratory symptoms | *against:* 3-week duration is longer than typical viral arthritis; no documented recent URI or systemic viral prodrome; inflammatory markers more sustained than expected

3. **Systemic Lupus Erythematosus (12%)** — *for:* polyarticular arthritis, systemic symptoms, female demographic | *against:* negative ANA (highly sensitive for SLE; makes diagnosis very unlikely), no photosensitivity, oral ulcers, or constitutional symptoms typical of SLE

4. **Tuberculosis (Poncet's Disease) or Fungal Arthritis (10%)** — *for:* respiratory symptoms with polyarticular arthritis in African American patient | *against:* no fever or night sweats, no imaging findings yet, clinical presentation too indolent, normal CBC without lymphopenia

5. **Reactive Arthritis/Enteropathic Arthritis (8%)** — *for:* asymmetric lower extremity involvement | *against:* no documented GI symptoms, no urethritis/conjunctivitis, no recent gastroenteritis, symmetric bilateral knee involvement less typical

---

## REASONING:

The clinical presentation is highly suggestive of **sarcoidosis**, a multisystem granulomatous disorder with well-documented articular manifestations. The key discriminator is the **constellation of findings**: polyarticular arthritis in knees and ankles (classic for sarcoid arthritis, particularly Löfgren syndrome), concurrent **respiratory involvement** (nonproductive cough and dyspnea on exertion), systemic features (facial flushing, fatigue), and notably **negative serologies** (RF negative, ANA negative). This serologic pattern effectively excludes typical autoimmune arthropathies. 

The **elevated ESR/CRP with inflammatory joints** confirms active inflammation, but the absence of RF/anti-CCP makes early RA considerably less likely—these antibodies are present in ~80% of RA cases at presentation. The patient's **African American ethnicity** carries increased sarcoidosis prevalence and severity. The normal calcium does not exclude sarcoidosis; hypercalcemia occurs in minority of cases and is not required for diagnosis. The 3-week timeline is consistent with acute sarcoidosis presentation rather than viral arthritis, which typically resolves within 1-2 weeks.

---

## NEXT STEP:

**Chest X-ray (STAT) with assessment for hilar lymphadenopathy ± pulmonary infiltrates**

**Expected finding:** Bilateral hilar lymphadenopathy with or without parenchymal infiltrates would strongly support sarcoidosis diagnosis. If CXR is normal, consider high-resolution CT chest and proceed to **serum/urine calcium and 1,25-dihydroxyvitamin D levels** (elevated in 10-20% of sarcoid; supports diagnosis if present). Consider **ACE level and serum lysoz","# RHEUMATOLOGY TEACHING CASE: DIFFERENTIAL DIAGNOSIS ANALYSIS

## PRIMARY DIAGNOSIS: Sarcoidosis with Polyarticular Arthritis

This patient most likely has **sarcoidosis**, a systemic granulomatous disease presenting with polyarticular arthritis and pulmonary involvement. The classic constellation of findings—bilateral symmetric lower extremity arthritis, constitutional symptoms, pulmonary symptoms, hypercalcemia risk, and negative serologies—points strongly toward sarcoidosis rather than classic rheumatoid arthritis or other connective tissue diseases.

---

## TEACHING POINTS

### Finding: Bilateral Symmetric Polyarticular Arthritis (Knees and Ankles Predominant)

**What:** Inflammation affecting multiple joints in a symmetric distribution (same joints on both sides). This patient has bilateral knee effusions (2+ on each side) and bilateral ankle tenderness affecting 8/28 joints overall.

**Why it matters:**
- **Symmetry strongly suggests systemic arthritis** rather than mechanical or monoarticular disease
- In sarcoidosis, arthritis is classically **polyarticular and symmetric**, typically affecting the knees (70-90% of cases) and ankles
- The predominance of **lower extremity joints** is typical for sarcoid arthritis; upper extremities are affected less commonly
- Symmetric polyarticular arthritis is shared by RA, lupus, and other connective tissue diseases, but the **negative RF and ANA essentially exclude seronegative RA/SLE** as primary considerations
- The **acute onset (3 weeks)** is more consistent with sarcoidosis-associated arthritis than insidious RA progression

**How to assess:**
1. **Joint count and pattern**: Systematically examine all 28 joints (hands, wrists, elbows, shoulders, knees, ankles, feet) documenting swelling, warmth, and effusions. Use 28-joint or 66-joint scoring systems for consistency.
2. **Effusion assessment**: Ballottement (knee) and bulge sign (ankle) to detect fluid; ultrasound confirms joint fluid and synovitis
3. **Symmetry evaluation**: Explicit comparison left vs. right for each joint
4. **Duration and progression**: Timeline of symptom onset critical to distinguish acute inflammatory from insidious RA
5. **Morning stiffness duration**: 45 minutes is significant (true inflammatory) but can be seen in sarcoidosis and other systemic conditions

---

### Finding: Pulmonary Symptoms (Nonproductive Cough, Dyspnea on Exertion)

**What:** Respiratory symptoms in the absence of fever or productive cough, persisting for 2 weeks alongside arthralgias. This suggests **pulmonary inflammation without infection**.

**Why it matters:**
- **Pulmonary involvement occurs in ~90% of sarcoidosis patients** (though many are asymptomatic with only radiographic findings)
- Sarcoidosis classically causes **bilateral hilar lymphadenopathy with or without parenchymal infiltrates** on chest imaging
- The **combination of polyarticular arthritis + pulmonary symptoms = major clue for sarcoidosis** (Löfgren syndrome is a specific acute presentation with arthritis, erythema nodosum, and hilar lymphadenopathy)
- Nonproductive cough is typical; productive cough or fever would suggest infection (tuberculosis, fungal) or other inflammatory lung diseases
- RA rarely causes significant pulmonary symptoms early; lupus-related pulmonary disease presents differently (pleuritis, pneumonitis)

**How to assess:**
1. **Chest imaging**: CXR is essential and should specifically assess for hilar lymphadenopathy (1-2 station), mediastinal involvement, or parenchymal infiltrates
2. **Pulmonary function tests (PFTs)**: Assess for restrictive pattern, reduced DLCO (diffusion limitation from granulomatous disease)
3. **High-resolution CT (HRCT) chest**: Gold standard for detecting granulomas, distribution pattern (peribronchovascular), ground-glass opacities
4. **Symptom characterization**: Dyspnea on exertion without orthopnea or PND less suggestive of cardiac causes
5. **ACE level and serum calcium**: Elevated ACE is found in 60% of sarcoidosis (reflects granulomatous burden); hyperc","# RHEUMATOLOGY CONSULTATION: DIFFERENTIAL DIAGNOSIS TEACHING CASE

## PRIMARY DIAGNOSIS: Sarcoidosis with Polyarthritis (Löfgren Syndrome)

---

## TEACHING POINTS:

### Finding: Bilateral symmetric knee arthritis with effusions
**What:** Inflammatory fluid accumulation (2+ effusions bilaterally) in the knee joints with warmth and swelling, affecting both sides equally—this is symmetric polyarticular involvement of large joints.

**Why it matters:** While symmetric arthritis classically suggests rheumatoid arthritis, the *pattern* here (large joints: knees and ankles predominantly) is atypical for RA, which preferentially affects small joints (MCPs, PIPs, wrists). This large-joint predominance, combined with negative RF/anti-CCP, strongly suggests a non-RA inflammatory arthritis. Sarcoidosis commonly presents with acute, self-limited polyarthritis affecting knees, ankles, and wrists—the ""Löfgren triad"" when combined with erythema nodosum and hilar lymphadenopathy.

**How to assess:** 
- Perform joint aspiration (arthrocentesis) of the knee to obtain synovial fluid for cell count, crystal analysis, and cultures—this rules out gout, pseudogout, and infection, and shows inflammatory (non-septic) pattern in sarcoidosis
- Ultrasound or MRI for effusion characterization and to assess for synovitis
- Compare to small joint involvement: examine MCPs/PIPs and wrists carefully for synovitis (the absence here weighs against RA)

---

### Finding: Nonproductive cough and dyspnea on exertion with clear lung fields
**What:** Respiratory symptoms without audible crackles or consolidation on physical exam, with a normal-sounding chest on auscultation. This suggests *parenchymal or intrathoracic* pathology not yet evident on clinical exam.

**Why it matters:** This is the critical clue pointing toward **pulmonary sarcoidosis**. A 52-year-old African American woman with polyarthritis + respiratory symptoms should immediately raise suspicion for sarcoidosis—this demographic (African Americans, women) has higher prevalence and more aggressive disease. The combination of arthritis + respiratory symptoms in sarcoidosis is pathognomonic when seen together. The normal lung exam doesn't exclude sarcoidosis; in fact, many patients with pulmonary involvement have clear lungs on auscultation (lesions are interstitial, not consolidated).

**How to assess:**
- **Chest X-ray** (pending—this is essential!): Look for hilar lymphadenopathy (Stage I sarcoidosis) or hilar lymphadenopathy + parenchymal infiltrates (Stage II)
- High-resolution CT chest if CXR is abnormal or clinical suspicion remains high
- Serum ACE level and 24-hour urine calcium (sarcoidosis can cause hypercalcemia via extrarenal 1-alpha hydroxylase activity)
- Pulmonary function tests if indicated
- Bronchoscopy with bronchoalveolar lavage (BAL) and transbronchial biopsy if diagnosis uncertain—noncaseating granulomas are diagnostic

---

### Finding: Facial flushing
**What:** Visible facial vasodilation and erythema, which the patient reported but wasn't formally characterized for etiology.

**Why it matters:** In this context, facial flushing warrants consideration of systemic inflammation and hypercalcemia. While often attributed to benign causes, in a patient with constitutional symptoms and polyarthritis, flushing can signal:
- **Hypercalcemia** (sarcoidosis causes this via dysregulated calcitriol production)
- Systemic inflammatory response

The presence of flushing + dyspnea + polyarthritis in an African American woman is a red flag for sarcoidosis with possible hypercalcemia.

**How to assess:**
- Obtain serum and ionized calcium levels (normal here at 10.8, but repeat if symptoms progress)
- Check 24-hour urine calcium (>300 mg suggests hypercalcemia)
- Serum phosphate and vitamin D levels
- Examine for other signs of hypercalcemia: polyuria, polydipsia, nephrolithiasis history

---

### Finding: Mildly elevated inflammatory"
gen-026,bge,BAAI/bge-small-en-v1.5,NONE,none,Bacterial arthritis — not in label set,none,"**VIGNETTE**

**Patient:** 67-year-old male

**Chief Complaint:** Acute right knee swelling and inability to bear weight

**History of Present Illness:**
Mr. K. presented to the emergency department with a 36-hour history of acute right knee pain and swelling. He reports the onset was sudden while gardening, without preceding trauma. He denies recent travel, tick exposure, or constitutional symptoms. However, he does recall a small cut on his right shin sustained 5 days ago while working in the garden, which he treated with soap and water. He has not experienced fever, chills, or night sweats. He describes the pain as severe, 9/10, with inability to ambulate or flex the knee beyond 15 degrees.

**Past Medical History:** Hypertension (controlled on lisinopril), type 2 diabetes (HbA1c 7.2%), osteoarthritis of both knees

**Medications:** Lisinopril 10mg daily, metformin 1000mg twice daily

**Physical Examination:**
Vital signs: Temperature 37.1°C, HR 92, BP 148/82, RR 18
Right knee: Significant effusion with ballottement present, erythema overlying the patella, warmth throughout joint, severe pain on passive range of motion, unable to tolerate full flexion or extension. No skin breakdown currently visible. Right shin: Small healing abrasion with slight surrounding erythema.
Remainder of exam: No other joint involvement noted. No rash. Heart, lungs, abdomen unremarkable.

**Laboratory Investigations:**
WBC 11.4 (reference 4.5-11.0) K/µL
CRP 8.2 mg/dL
ESR 34 mm/hr
Serum glucose 248 mg/dL

**Imaging:**
X-ray right knee: Large effusion, no fracture, no obvious joint space narrowing

**Synovial Fluid Analysis (arthrocentesis):**
Volume: 85 mL (straw-coloured)
WBC: 18,500 cells/µL (92% neutrophils, 6% lymphocytes, 2% monoc",2494,"# DIFFERENTIAL DIAGNOSIS CONSULTATION

## PRIMARY DIAGNOSIS: Septic Arthritis (Bacterial Joint Infection)
**Confidence: High**

**Supporting findings:**
- Synovial fluid WBC 18,500 cells/µL with 92% neutrophils (markedly inflammatory, consistent with bacterial infection; threshold typically >50,000 but not required for diagnosis)
- Acute monoarticular arthritis with severe pain, large effusion, warmth, and erythema in setting of recent skin inoculation (small shin cut 5 days prior)
- Elevated inflammatory markers (CRP 8.2 mg/dL, ESR 34 mm/hr) with acute presentation over 36 hours

**Findings against:**
- Afebrile (37.1°C) — though absence of fever does not exclude septic arthritis, particularly in diabetic patients with impaired inflammatory response
- Synovial fluid described as ""straw-coloured"" rather than frankly purulent — though appearance is unreliable predictor

---

## DIFFERENTIAL DIAGNOSIS:

1. **Acute Crystal Arthritis (Gout or Pseudogout)** (20%) 
   — *for:* Acute monoarticular presentation, severe pain, large effusion, markedly elevated WBC with neutrophil predominance | *against:* No mention of crystal identification on synovial fluid analysis (polarizing microscopy results not provided); patient afebrile with gradual rise in inflammatory markers rather than hyperacute presentation typical of gout; 5-day antecedent skin wound makes infectious etiology more likely

2. **Acute Inflammatory Arthritis (Rheumatoid Arthritis Flare or Seronegative Spondyloarthropathy)** (5%)
   — *for:* Significant effusion and elevated inflammatory markers | *against:* Acute monoarticular presentation without polyarticular involvement or constitutional symptoms; synovial WBC >10,000 with this degree of neutrophilic predominance atypical for RA flare; no preceding or concurrent symptoms suggestive of systemic inflammatory disease

3. **Post-traumatic Hemarthrosis or Reactive Effusion (Osteoarthritis Flare)** (5%)
   — *for:* History of bilateral knee osteoarthritis; large effusion on imaging | *against:* Patient specifically denies trauma at onset (""sudden while gardening"" without mechanistic injury); marked synovial inflammatory response (WBC 18,500) disproportionate to simple mechanical effusion; recent skin breach with local inflammation suggests infectious seeding rather than mechanical process

---

## REASONING:

This 67-year-old diabetic presents with classic features of septic arthritis: **acute monoarticular arthritis with rapid progression, significant joint inflammation (warmth, erythema, large effusion), severe pain limiting mobility, and a preceding inoculation event** (small laceration 5 days ago allowing bacterial entry). The **synovial fluid analysis is highly supportive**, demonstrating a markedly elevated WBC count with predominant neutrophils (92%), which indicates bacterial infection rather than crystal disease or systemic inflammatory arthropathy. Although he is afebrile, diabetic patients frequently mount blunted febrile responses due to impaired neutrophil function and hyperglycemia (glucose 248 mg/dL at presentation).

The critical discriminator is the **clinical context**: a skin inoculation 5 days prior followed by acute monoarticular arthritis with pyogenic synovial fluid analysis makes hematogenous or lymphatic seeding of bacteria to the joint the most parsimonious explanation. Crystal arthritis remains in the differential only because crystal identification results were not explicitly reported, but the presence of an antecedent cutaneous source makes infection far more likely. Inflammatory arthropathies would present with more insidious onset and typically affect multiple joints.

---

## NEXT STEP:

**Gram stain and bacterial culture of synovial fluid** — *Expected findings:* Identification of gram-positive cocci (likely *Staphylococcus aureus* or *Streptococcus* species from skin flora, or gram-negative rods if compromised host) with growth on aerobic/anaerobic cultures within 24-48 hours. Blood cultures should also be obtained (positive in ~50% of septic arthritis cases). Culture results will confirm diagnosis, identify organism, and guide antibiotic de-escalation.","# DIFFERENTIAL DIAGNOSIS CONSULTATION

## PRIMARY DIAGNOSIS: Septic Arthritis (Bacterial Joint Infection)
**Confidence: High**

**Supporting findings:**
- Synovial fluid WBC 18,500 cells/µL with 92% neutrophils (markedly inflammatory, consistent with bacterial infection)
- Acute monoarticular presentation with severe pain, large effusion, and inability to bear weight within 36 hours
- Portal of entry: small laceration on right shin 5 days prior with current surrounding erythema, suggesting seeding during gardening exposure

**Findings against:** 
- Absence of fever (temperature 37.1°C); however, immunocompromised patients (uncontrolled diabetes with glucose 248) may mount blunted febrile response
- None identified that meaningfully exclude septic arthritis

---

## DIFFERENTIAL DIAGNOSIS:

1. **Acute Crystal Arthropathy (Gout)** (15%) — for: acute monoarticular onset, severe pain, large effusion | against: straw-colored fluid without documented crystal analysis, no tophi history, no hyperuricemia mentioned, polymorph-predominant WBC more typical of infection

2. **Post-traumatic/Hemorrhagic Effusion (Hemarthrosis)** (10%) — for: acute onset after gardening trauma, large volume effusion | against: straw-colored (not bloody) fluid, marked inflammatory response with 18,500 WBC/92% neutrophils exceeds simple post-traumatic inflammation, severe warmth and erythema atypical

3. **Acute Lyme Arthritis** (5%) — for: outdoor exposure, unilateral knee involvement | against: no recent tick exposure or travel history explicitly reported, acute 36-hour onset with severe inflammatory markers atypical (usually subacute/recurrent), fluid analysis more consistent with bacterial infection

4. **Osteoarthritis Flare with Reactive Effusion** (5%) — for: known bilateral knee OA in patient's history | against: acute 36-hour onset with constitutional inflammation markers (CRP 8.2, ESR 34) and markedly inflammatory synovial fluid inconsistent with simple OA exacerbation

---

## REASONING:

This 67-year-old with uncontrolled diabetes presents with a classic septic arthritis picture: **monoarticular acute onset with severe impairment, large effusion, synovial fluid with >18,500 WBC/92% neutrophils, and a plausible portal of entry (recent laceration).**

The ontology knowledge confirms that septic arthritis demands urgent recognition due to immunocompromise from hyperglycemia (HbA1c 7.2%, current glucose 248). The **straw-colored fluid with polymorph predominance is the discriminating finding**—this cell count and differential far exceed what would be seen in crystal arthropathy (which typically shows lower WBC in uncomplicated gout) or post-traumatic effusion. The **absence of fever does not exclude sepsis** in diabetics with impaired immune response.

The recent shin laceration, though small, provides a proximal source in a patient who was gardening (soil exposure = gram-negative and anaerobic risk). The 5-day interval between injury and onset is consistent with hematogenous or lymphatic seeding.

---

## NEXT STEP:

**Obtain Gram stain and culture of synovial fluid; initiate empiric broad-spectrum antibiotics (e.g., ceftriaxone plus vancomycin) immediately without awaiting culture results.**

**Expected finding:** Gram-positive cocci (if *Staphylococcus aureus*) or mixed gram-negative rods/anaerobes (if soil-contaminated). Positive culture would confirm diagnosis and guide antibiotic narrowing. **Do not delay antibiotics pending culture—septic arthritis requires same-day orthopedic consultation and possible arthroscopic irrigation/debridement.**","# RHEUMATOLOGY TEACHING CASE: ACUTE MONOARTICULAR ARTHRITIS

## PRIMARY DIAGNOSIS
**Septic Arthritis (Bacterial Joint Infection) — likely secondary to skin inoculation**

This is a medical emergency requiring immediate joint protection, culture-directed antibiotic therapy, and possible surgical drainage. The clinical presentation is classic for acute bacterial joint infection.

---

## TEACHING POINTS

### Finding: Acute Monoarticular Arthritis with Severe Systemic Inflammation

**What:** 
Inflammation limited to a single joint with marked synovial inflammation causing effusion, warmth, erythema, and severe pain. In this case, 85 mL of inflammatory synovial fluid with 18,500 WBC/µL (predominantly neutrophils) in the setting of elevated CRP and ESR.

**Why it matters:** 
- **Monoarticular** presentation in an adult is septic arthritis until proven otherwise—this is the #1 teaching point
- An elevated WBC with **left shift (92% neutrophils)** in synovial fluid is characteristic of bacterial infection, NOT rheumatoid arthritis, gout, or lupus (which typically show lower WBC counts)
- The **straw-coloured fluid** (rather than hemorrhagic, xanthochromic, or purulent) can occur in early/moderate bacterial infections
- Systemic inflammation markers (CRP 8.2, ESR 34, WBC 11.4) parallel synovial inflammation severity

**How to assess:**
1. **Clinical recognition:** Any acute, painful monoarticular effusion requires synovial fluid analysis—*this cannot be deferred*
2. **Arthrocentesis:** Gold standard diagnostic procedure
   - Obtain fluid *before* antibiotics if possible
   - Send for: cell count/differential, Gram stain, culture (aerobic and anaerobic), glucose, protein, crystal analysis
   - Touch preparation for immediate microscopy
3. **Synovial fluid thresholds for infection:**
   - WBC >50,000 cells/µL: highly suspicious
   - WBC 2,000–50,000: in intermediate range (context-dependent)
   - **>90% neutrophils** strongly favors infection
   - Low glucose (patient's serum glucose 248 but synovial glucose not given—*critical omission*) or high protein supports infection
4. **Blood cultures:** Always obtain (positive in ~50% of septic joints)
5. **Imaging:** Plain films rule out fracture/hardware; MRI is most sensitive for early osteomyelitis

---

### Finding: Antecedent Skin Breach (Cut on Shin 5 Days Prior)

**What:** 
A penetrating injury to the skin (shin laceration during gardening) 5 days before joint symptom onset, in proximity to the affected knee. Despite initial cleansing, the wound showed signs of healing with surrounding erythema at presentation.

**Why it matters:**
- **Direct inoculation pathway:** Soil-contaminated wounds are a classic route for *Staphylococcus aureus* (most common), *Streptococcus pyogenes*, Clostridium, or Gram-negative organisms
- **Temporal correlation (5 days):** Consistent with the incubation period for acute septic arthritis (typically 1–2 weeks, sometimes longer)
- The presence of **surrounding erythema at the abrasion site** suggests ongoing local inflammation and possible ascending infection or bacteremia
- This finding makes hematogenous seeding to the joint highly plausible, even without documented bacteremia at presentation
- **Risk stratification:** Patient has diabetes (HbA1c 7.2%), which impairs neutrophil function and increases infection risk, and is age 67 (declining immune reserve)

**How to assess:**
1. **History taking:** Always ask about preceding trauma, puncture wounds, surgery, dental procedures, or skin infections in the 2–6 weeks prior
2. **Examination of the wound:**
   - Assess for cellulitis, purulence, fluctuance, lymphangitis
   - Measure erythema borders; progressive cellulitis suggests active infection
   - Culture any drainage if available
3. **Risk stratification:** Document diabetes, immunosuppression, prosthetic joints (not present here), or other risk factors
4. **Consider imaging:** Ultrasound","# PRIMARY DIAGNOSIS: Septic Arthritis (Acute Bacterial Joint Infection)

---

## TEACHING POINTS:

### Finding: Acute Monoarthritis with Severe Systemic Inflammation
**What:** 
A single joint presenting with acute onset (36 hours) of pain, swelling, warmth, and erythema, accompanied by elevated inflammatory markers (CRP 8.2 mg/dL, ESR 34 mm/hr, WBC 11.4).

**Why it matters:** 
This is a medical emergency. While the ontology lists gout, RA, and psoriatic arthritis as differential considerations, the **acute monoarticular presentation with high fever risk and rapid progression strongly favors septic arthritis**. Septic arthritis can destroy joint cartilage and bone within 24-48 hours if untreated. The acute timeline and severity far exceed typical crystal arthropathy or inflammatory arthritis presentations. Any acute monoarthritis with systemic inflammation must be treated as septic arthritis until proven otherwise.

**How to assess:** 
- **Clinical urgency**: Rapid arthrocentesis is mandatory—do not delay for imaging
- **Risk stratification**: Assess for predisposing factors (immunosuppression, recent joint injection, skin breach, prosthetic joint)
- **Joint aspiration characteristics**: Send fluid for cell count, Gram stain, culture, crystal analysis, and glucose/protein comparison to serum

---

### Finding: Large Synovial Effusion (85 mL) with Markedly Elevated WBC (18,500 cells/µL, 92% Neutrophils)
**What:** 
Arthrocentesis revealing a large volume of inflammatory fluid dominated by polymorphonuclear cells (PMNs). Normal synovial fluid contains <2,000 WBC/µL. The 92% neutrophil predominance is characteristic of acute bacterial infection.

**Why it matters:** 
**This is the most specific finding for bacterial septic arthritis.** While inflammatory arthritides (RA, PsA) can elevate synovial WBC, they typically produce <50,000 cells/µL with a more mixed cellular response. Gout produces high WBC counts but with crystal-positive fluid and a different clinical trajectory. The straw-colored appearance (non-hemorrhagic, non-purulent) suggests early infection before frank pus forms, but the dominance of PMNs is pathognomonic for bacterial invasion.

**How to assess:**
- **Synovial fluid analysis protocol**: Essential components include:
  - Cell count and differential (PMN >90% = bacterial infection likelihood ~80%)
  - Gram stain (50-60% sensitive in bacterial arthritis)
  - Aerobic/anaerobic cultures (gold standard; obtain *before* antibiotics)
  - Crystal analysis (to exclude or confirm concurrent gout/pseudogout)
  - Glucose: Bacterial arthritis typically shows synovial glucose <50 mg/dL or serum-synovial glucose differential >40 mg/dL
  - Protein: Usually >3.5 g/dL in septic arthritis

---

### Finding: Recent Skin Breach (Small Cut on Right Shin 5 Days Prior)
**What:** 
A small laceration sustained while gardening, treated with basic wound care but now with surrounding erythema. The temporal relationship (5 days before joint symptoms) is critical.

**Why it matters:** 
**This is the epidemiologic smoking gun.** Skin breaches are the most common portal of entry for bacteremia leading to hematogenous joint seeding. The garden environment creates high risk for environmental pathogens (*Staphylococcus aureus*, gram-negative organisms, occasionally anaerobes). The 5-day window is typical for hematogenous seeding—organism enters through skin, proliferates locally and systemically, then seeds to the joint. The slight erythema around the abrasion suggests an active focus of infection. In a patient with diabetes (impaired wound healing and neutrophil dysfunction), this risk escalates.

**How to assess:**
- **Careful skin examination**: Look for cellulitis, abscess formation, lymphangitis, or regional lymphadenopathy
- **Blood cultures**: Obtain *before* antibiotics in all suspected septic arthritis cases (positive in ~50% of cases)
- **Source identification**: Even a small, healing wound can be the culp"
gen-027,bge,BAAI/bge-small-en-v1.5,NONE,none,Genuinely ambiguous early presentation,none,"**PATIENT VIGNETTE**

**Chief Complaint:** ""My hands have been swollen and stiff for about 3 weeks now.""

**History of Present Illness:**
A 42-year-old woman presents to rheumatology clinic with a 3-week history of symmetric swelling and morning stiffness in her hands. She reports the symptoms began acutely after a upper respiratory tract infection. Initially the small joints of both hands were affected, but over the past 10 days she has noticed swelling in both wrists and mild discomfort in her left knee.

Morning stiffness lasts approximately 45 minutes. Pain is worse in the mornings and improves somewhat with activity and NSAIDs. She denies fever, recent weight loss, or constitutional symptoms. No history of recent travel, tick exposure, or sick contacts beyond the URI. She has no prior history of joint disease and takes no regular medications.

**Physical Examination:**
- General: Well-appearing, no fever (36.8°C)
- Hands: Soft tissue swelling over the PIP and MCP joints bilaterally; notable swelling of wrists bilaterally
- Knees: Left knee with mild effusion, no warmth
- No rash, oral ulcers, or other mucosal involvement
- Remainder of examination unremarkable

**Investigations:**
- ESR: 34 mm/hr (normal <20)
- CRP: 18 mg/L (normal <10)
- Rheumatoid factor: negative
- Anti-CCP antibodies: negative
- ANA: negative
- Comprehensive metabolic panel: normal
- Complete blood count: normal
- ASO titer: 480 IU/mL (elevated; patient notes sore throat 4 weeks prior)

**Assessment:**
Patient with acute-onset symmetric polyarthritis involving small joints of the hands, wrists, and left knee with prominent morning stiffness and elevated acute phase reactants. Serologic markers for rheumatoid disease are negative. Timeline and presentation compatible with recent viral infection, though clinical picture of symmetric polyarthritis with prolonged morning stiffness warrants consideration of early inflammatory arthropathy. ASO elevation may represent recent streptococcal infection or incidental finding.",2184,"# RHEUMATOLOGIC DIFFERENTIAL DIAGNOSIS

**PRIMARY DIAGNOSIS: Early Rheumatoid Arthritis (RA)**
**Confidence: Medium**

**Supporting findings:**
- Symmetric polyarthritis affecting small joints (PIPs, MCPs) and wrists with characteristic morning stiffness lasting 45 minutes—a hallmark of inflammatory arthritis
- Elevated acute phase reactants (ESR 34, CRP 18) indicating active inflammation
- Improvement with NSAIDs and activity, typical pain pattern for RA

**Findings against:**
- Negative rheumatoid factor and anti-CCP antibodies (seronegative pattern possible but less common at presentation; ~30% of early RA is seronegative)
- Acute onset following URI suggests possible post-infectious trigger rather than primary autoimmune disease

---

## DIFFERENTIAL DIAGNOSIS

1. **Acute Viral Arthritis/Post-Viral Polyarthritis (35%)** — for: acute onset following URI, self-limited timeline (3 weeks), seronegative profile, mild systemic involvement | against: prolonged morning stiffness (45 min) and persistence beyond typical 1-2 weeks suggests more than transient viral arthritis

2. **Acute Rheumatic Fever (ARF) with Polyarthritis (25%)** — for: elevated ASO titer (480 IU/mL), recent pharyngitis (4 weeks prior), symmetric polyarthritis affecting hands/knees, elevated ESR | against: no carditis findings on exam, no typical migratory pattern described, prolonged morning stiffness less characteristic of ARF arthritis

3. **Seronegative RA/Early Inflammatory Arthritis (25%)** — for: symmetric small-joint polyarthritis with wrist involvement, prominent morning stiffness, elevated inflammatory markers, RF/anti-CCP negative compatible with ~30% of early RA | against: very acute onset post-URI atypical for primary autoimmune RA; lack of other systemic features

4. **Other Early Seronegative Spondyloarthropathy (10%)** — for: seronegative profile, inflammatory presentation | against: no axial symptoms, no enthesitis, no dactylitis, no psoriatic/IBD history, no HLA-B27 clinical context

5. **Systemic Lupus Erythematosus (5%)** — for: symmetric polyarthritis, elevated inflammatory markers in young woman | against: negative ANA is highly sensitive for SLE (excludes in ~98% of cases), no rash/photosensitivity/oral ulcers, normal CBC without cytopenias

---

## REASONING

The clinical presentation sits at a critical decision point between **post-infectious reactive arthritis** and **early inflammatory arthropathy**. The 3-week duration with symmetric small-joint involvement, prominent morning stiffness (45 minutes), and elevated acute phase reactants point toward genuine inflammatory arthritis rather than simple viral arthralgia. The negative RF and anti-CCP do not exclude RA—approximately 30% of early RA is seronegative—but the very acute post-URI onset raises the possibility of acute rheumatic fever (supported by elevated ASO titer and recent pharyngitis) or viral-triggered polyarthritis.

The elevated ASO titer is the most discriminating finding: in the context of documented pharyngitis 4 weeks prior, it may represent genuine post-streptococcal sequelae (ARF) rather than incidental elevation. However, the absence of cardinal features of ARF (migratory polyarthritis pattern, carditis) and the persistence of symmetrical small-joint inflammation argues against classic acute rheumatic fever. Seronegative early RA remains the leading diagnostic consideration because the joint pattern (small joints, wrists, morning stiffness duration) is highly specific for inflammatory arthropathy and the seronegativity does not exclude it.

---

## NEXT STEP

**Obtain repeat anti-CCP and rheumatoid factor in 4-6 weeks, combined with clinical reassessment and inflammatory marker trend (ESR/CRP).**

**What to expect:**
- **If anti-CCP or RF converts to positive** → strongly supports RA diagnosis; initiate DMARDs (methotrexate) promptly
- **If markers normalize and arthritis resolves** → supports post-viral or post-streptococcal reactive arthritis (self-limited course expected)","# DIFFERENTIAL DIAGNOSIS ANALYSIS

---

## PRIMARY DIAGNOSIS: Seronegative Rheumatoid Arthritis (Early/Undifferentiated)

**Confidence:** Medium

**Supporting findings:**
- Symmetric polyarthritis involving MCP, PIP joints, and wrists bilaterally—classic RA distribution pattern
- Prolonged morning stiffness (45 minutes) with improvement on activity—hallmark feature of inflammatory arthritis
- Elevated acute phase reactants (ESR 34, CRP 18) indicating systemic inflammation

**Findings against:**
- Negative RF and anti-CCP antibodies (present in ~70-80% of RA at diagnosis, but 20-30% remain seronegative)
- Acute onset following URI and elevated ASO titer suggest possible post-infectious trigger rather than primary autoimmune disease

---

## DIFFERENTIAL DIAGNOSIS:

1. **Post-streptococcal reactive arthritis (PSRA)** (35%) 
   — *for:* Elevated ASO titer (480), recent sore throat, acute symmetric polyarthritis, inflammatory markers | *against:* Involvement of small joints (PIP/MCP) is atypical; PSRA typically affects larger joints (knees, ankles, wrists); morning stiffness >45 min unusual for reactive arthritis

2. **Acute viral arthritis (post-URI)** (25%) 
   — *for:* Recent upper respiratory infection as temporal trigger, symmetric joint involvement, self-limited course possible | *against:* Progression over 3 weeks with new joint involvement (knee); most viral arthritides resolve within 1-2 weeks; PIP involvement less typical for common viral triggers (parvovirus, EBV, HCV)

3. **Early systemic lupus erythematosus (SLE)** (15%) 
   — *for:* Young woman, symmetric arthritis, elevated ESR | *against:* Negative ANA (highly sensitive in SLE; negative ANA excludes SLE in ~95% of cases); no constitutional symptoms, rash, or mucosal involvement

4. **Ankylosing spondylitis/seronegative spondyloarthropathy** (10%) 
   — *for:* Elevated inflammatory markers, morning stiffness improving with activity | *against:* Peripheral polyarthritis pattern (hands/wrists) rather than axial involvement; no back pain or sacroiliac tenderness; no HLA-B27 testing performed (would be expected abnormal)

5. **Acute rheumatic fever** (5%) 
   — *for:* Elevated ASO titer, recent streptococcal infection | *against:* No evidence of major criteria (carditis, chorea, erythema marginatum); polyarthritis present but typically migratory rather than fixed symmetric pattern

---

## REASONING:

This case presents the classic diagnostic challenge of **early seronegative inflammatory polyarthritis with a post-infectious temporal association**. The combination of symmetric small-joint involvement (MCP/PIP bilaterally), prominent morning stiffness (45 minutes), and elevated systemic inflammatory markers (ESR 34, CRP 18) strongly suggests an inflammatory arthropathy rather than simple post-viral arthralgia. However, the **negative RF and anti-CCP antibodies** substantially reduce the probability of seropositive RA (~25% of RA cases are seronegative, but initial serology is helpful in risk stratification). The **elevated ASO titer and temporal relationship to pharyngitis** raise the possibility of post-streptococcal reactive arthritis, though the joint distribution (small hand joints) is atypical for PSRA, which classically involves large joints. The **negative ANA effectively excludes SLE** with high confidence. The clinical picture most favors **early seronegative RA** given the PIP/MCP predominance, symmetric pattern, and sustained morning stiffness—but this diagnosis requires either (1) eventual seroconversion, (2) imaging evidence of erosions, or (3) response to DMARD therapy to establish definitively.

---

## NEXT STEP:

**High-resolution ultrasound or MRI of hands/wrists** to assess for:
- Synovial hypertrophy and power Doppler signal (indicating active inflammation and supporting inflammatory arthropathy)
- Early marginal erosions (highly specific for RA even in seroneg","# RHEUMATOLOGY TEACHING CASE: DIFFERENTIAL DIAGNOSIS ANALYSIS

## PRIMARY DIAGNOSIS: 
**Viral-Induced Polyarthritis (likely post-URI, possibly parvovirus B19 or other viral etiology)**

With a strong secondary consideration of **Early Rheumatoid Arthritis (seronegative RA)** requiring close follow-up.

---

## TEACHING POINTS:

### Finding: Symmetric Polyarthritis with Small Joint Predominance

**What:** 
Simultaneous inflammation of joints on both sides of the body, affecting multiple joints in a mirror-image pattern. In this case, the proximal interphalangeal (PIP) and metacarpophalangeal (MCP) joints are involved—the classic ""small joints of the hands.""

**Why it matters:** 
Symmetry is a hallmark of systemic inflammatory arthropathies and strongly suggests *polyarticular* disease rather than mechanical or localized pathology. The distribution (PIP/MCP) is particularly suggestive of rheumatoid arthritis, but also occurs in:
- Viral arthritis (parvovirus B19, rubella, hepatitis C, alphaviruses)
- Systemic lupus erythematosus
- Seronegative spondyloarthropathies
- Early inflammatory arthropathy of any etiology

The fact that this patient is **seronegative** (RF–, anti-CCP–) makes viral or other non-RA etiologies more likely, but does **not exclude early RA**—10-15% of RA cases present seronegative.

**How to assess:**
- **Clinical inspection & palpation:** Observe for symmetry by comparing left and right hands side-by-side. Note which joints are swollen and any overlying erythema or warmth.
- **Document joint count:** Count actively inflamed joints (both for diagnosis and disease activity monitoring).
- **Assess functional impact:** Ask whether buttons, opening jars, or writing are affected.
- **Photograph:** Serial photos provide excellent baseline for follow-up.

---

### Finding: Morning Stiffness Lasting 45 Minutes

**What:** 
A period of reduced joint mobility and pain that occurs upon waking and gradually improves over time (in this case, ~45 minutes). This reflects inflammatory exudation into synovial fluid overnight when joints are immobile.

**Why it matters:** 
Duration of morning stiffness is one of the most specific indicators of *inflammatory* rather than *mechanical* arthritis:
- **<15 minutes:** Often nonspecific; can occur in osteoarthritis
- **>1 hour:** Highly suggestive of inflammatory arthropathy (RA, lupus, viral arthritis)

A 45-minute stiffness is **clearly in the inflammatory range** and aligns with the elevated ESR and CRP. It also supports true synovitis (not just pain) as the underlying pathology. This finding strengthens the case for an active inflammatory process but does not differentiate between viral and autoimmune causes.

**How to assess:**
- **Direct questioning:** Ask specifically: ""How long does it take before your joints feel like they're moving normally again after you wake up?""
- **Document duration precisely:** This is a critical parameter in ACR/EULAR disease activity measures.
- **Clarify improvement timing:** Does it improve with movement/activity (inflammatory) or remain static (mechanical)?
- **Serial assessment:** Morning stiffness duration often tracks disease activity over time.

---

### Finding: Elevated Acute Phase Reactants (ESR 34, CRP 18)

**What:** 
Nonspecific blood markers of systemic inflammation. ESR (erythrocyte sedimentation rate) and CRP (C-reactive protein) are produced by the liver in response to IL-6 and other inflammatory cytokines. Normal values: ESR <20 mm/hr (varies by age/sex), CRP <10 mg/L.

**Why it matters:** 
- **Confirms active inflammation:** Elevated APRs validate the clinical impression that this is inflammatory, not mechanical arthritis.
- **Prognostic significance:** In RA, elevated baseline CRP/ESR predict worse long-term outcomes and joint damage.
- **Nonspecific but supportive:** Both viral arthritis AND early RA present with elevated APRs. These do NOT distinguish between them.
- **Infection workup:** Viral infections also","# PRIMARY DIAGNOSIS: Early Rheumatoid Arthritis (Seronegative RA)

---

## TEACHING POINTS:

### Finding: Symmetric Polyarthritis of Small Joints (PIP/MCP joints bilaterally)

**What:** 
Inflammatory swelling and tenderness involving the same joints on both sides of the body—specifically the proximal interphalangeal (PIP) and metacarpophalangeal (MCP) joints of the hands. This is a classic ""polyarticular"" pattern affecting ≥3 joint groups symmetrically.

**Why it matters:** 
This distribution is pathognomonic for RA and a few other systemic inflammatory diseases. The PIP and MCP involvement is far more specific for RA than for viral arthritis (which tends to spare the MCPs) or osteoarthritis (which typically affects DIP joints in older patients). Symmetry is crucial—it suggests systemic inflammation rather than mechanical or trauma-related disease. Viral arthritis can cause symmetric polyarthritis acutely, but it usually resolves within weeks; RA persists and progressively worsens.

**How to assess:** 
- **Inspection**: Look for visible swelling, erythema, and compare bilaterally.
- **Palpation**: Apply gentle pressure over the dorsal surface of each joint to detect soft tissue swelling (boggy consistency); assess for warmth, tenderness, and pain with passive/active range of motion.
- **Functional assessment**: Ask about grip strength, ability to make a fist, and precision tasks (buttoning, writing).
- **Document**: Specify which joints are involved and grade swelling (0-3 scale).

---

### Finding: Morning Stiffness (45 minutes)

**What:** 
Joint stiffness and reduced mobility that occurs after periods of rest (especially overnight) and improves with activity and anti-inflammatory medication. Duration is key: >30 minutes is considered clinically significant.

**Why it matters:** 
This is a hallmark of *inflammatory* arthritis (RA, seronegative RA, lupus, polymyalgia rheumatica) rather than mechanical or degenerative disease. In RA, synovial inflammation causes accumulation of inflammatory mediators and fluid that temporarily impairs joint mechanics. Mechanical stiffness from osteoarthritis may occur but typically resolves within 5-10 minutes. The 45-minute duration in this patient strongly favors inflammatory disease. The improvement with NSAIDs and activity confirms the inflammatory nature—heat and motion mobilize synovial fluid.

**How to assess:** 
- **History**: Ask *specifically* ""How long does it take after you wake up for your joints to loosen up?"" Distinguish from daytime stiffness (which may indicate ongoing active inflammation).
- **Timing**: Document the exact duration. Serial assessments track disease activity—lengthening stiffness suggests worsening inflammation.
- **Response to intervention**: NSAIDs and heat application should shorten duration; this response is diagnostic.

---

### Finding: Elevated Acute Phase Reactants (ESR 34, CRP 18)

**What:** 
ESR (erythrocyte sedimentation rate) and CRP (C-reactive protein) are serum markers of systemic inflammation. ESR measures how quickly red blood cells sediment in a tube (elevated by fibrinogen, immunoglobulins); CRP is an acute phase protein produced by the liver in response to IL-6 and TNF-α.

**Why it matters:** 
Elevated markers confirm *systemic inflammation* is present, ruling out purely mechanical joint disease. They support an inflammatory arthropathy diagnosis and help risk-stratify disease severity. However, they are **non-specific**—viral infections, infections, malignancy, and many rheumatic diseases elevate these markers. In this case, the elevation combined with symmetric polyarthritis and morning stiffness makes inflammatory arthropathy likely. ESR can remain elevated for weeks after a URI, but the *pattern* of prolonged elevation + persistent joint findings suggests evolving RA rather than post-viral arthritis.

**How to assess:** 
- **Labs**: Order both ESR and CRP; CRP is more specific for acute inflammation (ESR lags and is influenced by other factors like anemia, age, immunoglobulins).
- **Baseline**: Establish baseline values at diagnosis for comparison.
- **Serial monitoring**: Repeat at follow-up visits to assess response to therapy and disease activity. Normal"
gen-028,bge,BAAI/bge-small-en-v1.5,http://purl.bioontology.org/ontology/AIR/DXRA|http://purl.bioontology.org/ontology/AIR/DXPSO,ambiguous,"RA vs PSA — shared features, DIP and family Hx favour PSA but serology pending",rich,"**CHIEF COMPLAINT**
""My hands have been swollen and stiff for the past 8 weeks""

**HISTORY OF PRESENT ILLNESS**
A 52-year-old woman presents with an 8-week history of progressive polyarticular joint pain and swelling. Onset was insidious over 2-3 weeks affecting both hands symmetrically. She reports morning stiffness lasting approximately 45 minutes daily. Pain is worse with activity and improves modestly with rest and ibuprofen.

Currently affected joints include bilateral PIP joints (2nd-5th digits), MCP joints (2nd-5th digits), and wrists. She also reports episodic swelling at the left DIP joint (index finger) for the past 3 weeks, which is tender to palpation. No involvement of knees, hips, or feet reported to date, though she notes mild ankle stiffness occasionally.

She denies fever, weight loss, or constitutional symptoms. No current skin lesions, nail changes, or ocular symptoms.

**PAST MEDICAL HISTORY**
Hypertension (well-controlled on lisinopril)

**FAMILY HISTORY**
Mother with psoriasis diagnosed at age 48; maternal uncle with ""arthritis""

**MEDICATIONS**
Lisinopril 10 mg daily; ibuprofen 400 mg PRN

**PHYSICAL EXAMINATION**
- General: Well-appearing, no acute distress
- Hands: Bilateral symmetric soft tissue swelling of PIP joints (2nd-5th digits) and MCP joints (2nd-5th digits), bilaterally tender to palpation. Left index DIP joint mildly swollen and tender. No erythema or warmth. No visible psoriatic plaques or nail pitting on inspection of nails and skin.
- Wrists: Mild bilateral swelling and tenderness, particularly on dorsal aspect. No subluxation or deformity.
- Other joints: No synovitis in knees, ankles, or feet on examination
- Skin and nails: No psoriatic plaques, patches, or nail dystrophy visible
- Remainder of examination: Unremarkable

**LABORATORY FINDINGS**
- ESR: 32",1726,"# RHEUMATOLOGY CONSULTATION: DIFFERENTIAL DIAGNOSIS

---

## PRIMARY DIAGNOSIS: Rheumatoid Arthritis (RA)
**Confidence: High**

**Supporting findings:**
- Symmetric polyarticular involvement of PIP and MCP joints bilaterally with insidious onset over 2-3 weeks—classic distribution and temporal pattern for RA
- Morning stiffness lasting 45 minutes, which meets the ≥30-minute criterion highly suggestive of inflammatory arthritis
- Elevated ESR (32 mm/hr) indicating systemic inflammation; progression over 8 weeks consistent with established RA

**Findings against:**
- Absence of visible erythema or warmth on examination (though soft tissue swelling and tenderness are present and consistent with RA)
- DIP joint involvement (left index), which is atypical for RA but can occur in seronegative disease or overlap presentations

---

## DIFFERENTIAL DIAGNOSIS:

1. **Psoriatic Arthritis (PsA)** (20-25%) — **for:** Family history of psoriasis; DIP involvement (index finger) is characteristic; insidious polyarticular onset | **against:** No visible psoriatic plaques, nail pitting, or skin lesions on current examination; symmetric MCP/PIP pattern less typical than asymmetric DIP-predominant pattern; relatively low inflammatory markers for PsA with systemic involvement

2. **Systemic Lupus Erythematosus (SLE)** (8-12%) — **for:** Female, middle-aged, polyarticular symmetric hand involvement | **against:** Absence of constitutional symptoms (fever, weight loss, photosensitivity); no rash, oral ulcers, or serositis; elevated ESR but modest (more typical of RA); no cytopenias reported

3. **Early Seronegative Spondyloarthritis (undifferentiated)** (5-10%) — **for:** Insidious onset; polyarticular involvement; elevated ESR | **against:** No axial symptoms, enthesitis, or dactylitis noted; no personal history of inflammatory bowel disease or psoriasis; symmetric small joint pattern less typical

4. **Other Inflammatory Polyarthropathies (Mixed Connective Tissue Disease, Overlap Syndrome)** (5-8%) — **for:** Polyarticular presentation with inflammatory markers | **against:** No reported Raynaud's phenomenon, photosensitivity, or systemic features; presentation is relatively monoarticular system involvement

---

## REASONING:

The clinical presentation strongly favors **rheumatoid arthritis** based on the classic triad of: (1) symmetric polyarticular involvement of small joints (PIP, MCP) with characteristic distribution; (2) insidious-to-progressive onset over weeks with morning stiffness ≥30 minutes—a hallmark inflammatory pattern; and (3) elevated inflammatory marker (ESR 32) without constitutional symptoms, typical of early-to-established RA.

**Psoriatic arthritis** remains an important differential given the strong family history of psoriasis and the atypical DIP involvement. However, the complete absence of cutaneous or nail manifestations, combined with a symmetric rather than asymmetric/DIP-predominant pattern, makes this substantially less likely than RA.

**SLE and seronegative spondyloarthritis** are less probable given the lack of systemic or extra-articular features and the predominantly small-joint symmetric distribution, which is more characteristic of RA than these alternatives.

---

## NEXT STEP:

**Obtain rheumatologic serologies: RF (rheumatoid factor), anti-CCP antibodies, ANA, and complement levels (C3/C4); plus CRP and CBC.**

**Expected findings supportive of RA:** Positive RF and/or anti-CCP antibodies (present in ~70-80% of RA); elevated CRP; normal complement and ANA negativity would essentially rule out SLE. Seronegative pattern would shift probability toward PsA or other seronegative inflammatory arthritis but would not exclude RA (which is seronegative in ~30% of cases). Anti-CCP positivity is particularly high-specificity for RA even in early disease and would substantially increase confidence in the primary diagnosis.","# DIFFERENTIAL DIAGNOSIS ANALYSIS

**PRIMARY DIAGNOSIS: Rheumatoid Arthritis (RA)**

**Confidence:** High

**Supporting findings:**
1. Symmetric polyarticular involvement of PIP and MCP joints bilaterally with morning stiffness lasting 45 minutes—classic RA presentation
2. Insidious onset over 2-3 weeks with progressive course over 8 weeks, matching typical RA timeline
3. Elevated ESR (32) indicating systemic inflammation; wrist involvement (dorsal synovitis) is highly characteristic of RA

**Findings against:** 
- Absence of RF and anti-CCP serology (critical negative finding—would be present in ~80-90% of RA cases, though seronegative RA does occur in 10-20%)
- DIP joint involvement (left index finger) is atypical for RA and more suggestive of PsA or osteoarthritis

---

## DIFFERENTIAL DIAGNOSIS:

1. **Rheumatoid Arthritis** (65%) — for: symmetric PIP/MCP involvement, morning stiffness, wrist synovitis, elevated ESR | against: absent RF/anti-CCP, DIP involvement

2. **Psoriatic Arthritis** (25%) — for: DIP joint involvement (index finger), family history of psoriasis (mother), potential for asymmetric pattern | against: no visible psoriatic plaques or nail pitting, symmetric distribution more typical of RA

3. **Seronegative Polyarthritis/Early Undifferentiated Arthritis** (7%) — for: elevated ESR, polyarticular presentation, morning stiffness | against: symmetric pattern and wrist involvement more consistent with RA phenotype

4. **Systemic Lupus Erythematosus (SLE)** (2%) — for: polyarthritis, constitutional symptoms possible | against: no constitutional symptoms, no mention of photosensitivity or other lupus features, pattern favors RA over SLE

5. **Osteoarthritis** (<1%) — for: DIP involvement possible | against: symmetric, bilateral presentation, morning stiffness, elevated ESR, and young-to-middle age with rapid progression incompatible with OA

---

## REASONING:

This case presents a classic inflammatory polyarthritis with symmetric involvement of small hand joints (PIP, MCP) and wrist, accompanied by 45-minute morning stiffness and elevated inflammatory markers—the hallmark triad of RA. The 8-week progressive course and dorsal wrist synovitis further support RA over other diagnoses. However, the **critical negative finding is the absence of rheumatoid factor and anti-CCP antibodies**, which creates clinical ambiguity: approximately 10-20% of RA cases are seronegative, yet this case could also represent early, seronegative polyarthritis or PsA. The DIP involvement at the index finger is the only atypical feature favoring PsA, though this is subtle and easily explained by coincidental osteoarthritic change or early RA with unusual DIP distribution. The family history of maternal psoriasis raises PsA probability slightly but lacks corroborating skin or nail findings on careful examination.

---

## NEXT STEP:

**Obtain Rheumatoid Factor (RF) and anti-CCP antibody titers** (if not already completed as part of initial workup).

**Expected findings to confirm RA:** Positive RF (≥1:80) and/or positive anti-CCP (≥20 units/mL) would strongly support seropositive RA and elevate confidence to >90%.

**If seronegative:** Pursue high-resolution ultrasound or MRI of hands/wrists to assess for early synovitis, erosions, or bone marrow edema (to differentiate seronegative RA from PsA and to establish baseline). Additionally, complete skin and nail examination with dermoscopy if psoriasis remains in differential, and consider HLA-B27 if ankylosing spondylitis features emerge.","# RHEUMATOLOGY CONSULTATION: DIFFERENTIAL DIAGNOSIS TEACHING CASE

## PRIMARY DIAGNOSIS: **Rheumatoid Arthritis (RA)**

---

## TEACHING POINTS:

### Finding: **Symmetric Polyarticular Joint Involvement**
**What:** Simultaneous swelling and inflammation of multiple joints (≥3) distributed symmetrically across the left and right sides of the body. In this case: bilateral PIP, MCP joints (2nd-5th digits) and wrists.

**Why it matters:** Symmetric polyarticular pattern is a hallmark of RA and lupus. This distribution strongly suggests an autoimmune inflammatory arthropathy rather than mechanical joint disease or monoarticular/oligoarticular conditions. The preference for small joints of the hands is particularly characteristic of RA. Asymmetric or oligoarticular patterns would raise suspicion for seronegative spondyloarthropathies or psoriatic arthritis.

**How to assess:** 
- Systematically palpate all joints bilaterally, noting presence/absence of swelling and tenderness
- Count the number of inflamed joints (≥3 for polyarticular disease)
- Compare left to right side for symmetry
- Document location: DIP, PIP, MCP, wrist, etc.
- Use ultrasound or MRI if clinical assessment uncertain (detects synovitis earlier than plain films)

---

### Finding: **Morning Stiffness (45 minutes duration)**
**What:** Joint stiffness upon waking or after prolonged inactivity, reflecting overnight synovial inflammation and cellular accumulation. Duration measured from waking until regaining full functional mobility.

**Why it matters:** Morning stiffness >30 minutes is a key RA classification criterion and reflects active synovitis. It correlates with disease activity and inflammatory burden. Mechanical joint disease (osteoarthritis) typically causes only brief stiffness (<15 minutes). Duration ≥1 hour suggests more active disease and has prognostic implications. This finding is relatively non-specific for RA but highly specific when combined with polyarticular involvement.

**How to assess:**
- Ask patient: ""When you wake up, how long does it take for your joints to loosen up and feel normal?""
- Distinguish from fatigue (different symptom)
- Time the duration precisely—this is a measurable disease activity marker
- Document any correlation with activity level the prior day

---

### Finding: **Insidious Onset over 2-3 weeks**
**What:** Gradual, progressive development of symptoms without a clear precipitating event or abrupt onset, spanning days to weeks.

**Why it matters:** Insidious onset is classic for RA (typically weeks to months of prodrome before diagnosis). Abrupt onset would suggest reactive arthritis, acute viral arthritis, or gout. The 8-week duration places this within the critical window where early intervention dramatically improves long-term outcomes. RA presenting with insidious onset in a middle-aged woman is archetypal for this diagnosis.

**How to assess:**
- Ask carefully: ""Can you pinpoint exactly when the swelling started, or did it gradually creep up on you?""
- Establish timeline: when were first symptoms, when did they become noticeable to others, when did they interfere with function
- Distinguish from trauma or prodromal events
- Document progression: stable, improving, or worsening

---

### Finding: **Small Joint Involvement (MCP/PIP preference)**
**What:** Inflammation localized to small joints of the hands, particularly metacarpophalangeal (MCP—knuckles) and proximal interphalangeal (PIP) joints, while sparing DIP (until advanced disease).

**Why it matters:** RA has a predilection for small hand joints, particularly MCPs and PIPs. This is one of the most characteristic features distinguishing RA from other arthropathies. Osteoarthritis affects DIP joints preferentially. Psoriatic arthritis can affect DIPs and PIPs equally (DIP involvement is rare in RA early disease). Seronegative spondyloarthropathies often spare hands or affect them asymmetrically.

**How to assess:**
- Palpate each joint individually, assessing for synovial swelling (soft tissue thickening vs. bony enlargement)
- Distinguish synovitis (soft, boggy swelling) from osteophytes (hard, bony enlargement)
- Note which","# PRIMARY DIAGNOSIS: Rheumatoid Arthritis (RA)

---

## TEACHING POINTS:

### Finding: Symmetric Polyarticular Joint Involvement (PIP, MCP, Wrists Bilaterally)

**What:** Symmetrical inflammation affecting the same joints on both sides of the body, in this case the small joints of the hands (proximal interphalangeal joints, metacarpophalangeal joints) and wrists. This is a hallmark pattern of inflammatory polyarthritis.

**Why it matters:** Symmetry is a key distinguishing feature of RA and helps differentiate it from asymmetric conditions. While psoriatic arthritis can be symmetric, true bilateral MCP and PIP involvement with wrist involvement is classically associated with RA. Asymmetric or ""ray"" patterns (affecting one digit in its entirety) are more typical of psoriatic disease. The prominence of MCP joints is particularly RA-typical—this is where RA most commonly initiates arthritis.

**How to assess it:** Perform bilateral hand examination systematically, palpating each MCP and PIP joint for swelling and tenderness. Note whether the pattern mirrors itself side-to-side. Document which joints are involved and whether involvement is truly symmetric or asymmetric. Use ultrasound or MRI if diagnosis remains unclear—synovial hypertrophy and power Doppler signal are objective confirmatory findings.

---

### Finding: Morning Stiffness (~45 minutes)

**What:** Difficulty moving joints upon waking that gradually improves with activity and warmth. It represents intra-articular inflammation with synovial fluid accumulation and inflammatory cell infiltration. Duration is a critical parameter—truly inflammatory stiffness typically lasts >30 minutes.

**Why it matters:** Duration of morning stiffness is a major clinical discriminator. Stiffness lasting >1 hour strongly suggests inflammatory arthritis (particularly RA), while stiffness lasting <30 minutes is more typical of osteoarthritis or noninflammatory conditions. This finding helps establish that the process is truly inflammatory rather than mechanical. RA morning stiffness tends to be more prolonged than in psoriatic arthritis.

**How to assess it:** Ask directly: ""When you wake up in the morning, how long does it take before you can move your hands normally?"" Have the patient quantify duration. Ask what helps it improve (activity, hot water, NSAIDs). Morning stiffness that improves dramatically with a hot shower within 15 minutes is less likely to represent true synovitis.

---

### Finding: Insidious Onset Over 2-3 Weeks with Progressive Course

**What:** Gradual development of symptoms over days to weeks, progressively worsening, without a discrete triggering event or sudden flare. The current 8-week duration shows chronicity.

**Why it matters:** RA typically has an insidious onset over weeks to months, distinguishing it from acute viral arthritis (sudden onset, days), reactive arthritis (post-infectious trigger), or gout (sudden, monoarticular). The 8-week duration without remission suggests an established chronic inflammatory process rather than a self-limited viral syndrome. Progressive worsening portends need for urgent DMARDs to prevent joint damage, which can begin within 3-6 months of symptom onset.

**How to assess it:** Establish a clear timeline: When were symptoms first noticed? How did they progress? Were there any triggering events (infection, injury, stress)? Does the patient recall the exact day symptoms began, or was it gradual? Sudden onset suggests viral, crystalline, or reactive etiologies; gradual progression over weeks suggests RA, psoriatic arthritis, or other systemic inflammatory diseases.

---

### Finding: Elevated ESR (32 mm/hr)

**What:** Erythrocyte sedimentation rate—a measure of how quickly red blood cells settle in a tube of anticoagulated blood. Elevated levels indicate circulating acute-phase inflammatory proteins (primarily fibrinogen and immunoglobulins) that increase RBC aggregation. Normal is typically <20 mm/hr in women.

**Why it matters:** This is a nonspecific but important marker of systemic inflammation. An elevated ESR in the context of polyarticular joint disease supports an inflammatory diagnosis (RA, psoriatic arthritis, lupus, vasculitis) over mechanical or noninflammatory causes. However, ESR is NOT sufficient for diagnosis alone and correlates imperfectly with disease activity. It's more sensitive than CRP"
gen-029,bge,BAAI/bge-small-en-v1.5,http://purl.bioontology.org/ontology/AIR/DXPMR|http://purl.bioontology.org/ontology/AIR/DXRA,ambiguous,PMR vs RA — proximal stiffness and weak RF; key distinguisher is synovitis pattern,rich,"**CASE VIGNETTE**

**History of Present Illness:**

Mrs. Eleanor Davies is a 68-year-old retired schoolteacher presenting with an 8-week history of bilateral shoulder and hip pain. She reports severe stiffness upon waking, lasting approximately 90 minutes, which gradually improves with movement throughout the morning. She describes the discomfort as a deep aching in both shoulders and buttocks, making it difficult to rise from a chair and reach overhead. She denies joint swelling but notes generalized fatigue and has lost 4 pounds unintentionally over the past two months. No recent infections, malignancy history, or constitutional symptoms beyond fatigue.

**Past Medical History:**

Hypertension (controlled on lisinopril), hypothyroidism, osteoporosis on alendronate.

**Physical Examination:**

Vital signs stable. General: alert, no distress. Musculoskeletal exam reveals symmetric limitation of shoulder abduction and hip flexion bilaterally, with pain at extremes of motion. No warmth, swelling, or erythema appreciated in shoulders, hips, or hands. No synovitis of small joints. Grip strength 5/5 bilaterally. Normal neurological exam.

**Laboratory Studies:**

ESR: 44 mm/hr (normal <20)
CRP: 8.2 mg/L (normal <3)
Rheumatoid factor: 1:40 (weak positive; normal negative)
Anti-CCP: negative
CBC: mild normocytic anemia (Hgb 11.4 g/dL)
Comprehensive metabolic panel: normal
TSH: 2.1 mIU/L (on current levothyroxine dose)

**Imaging:**

Shoulder radiographs: no erosions, joint space preservation.

**Clinical Assessment:**

68-year-old woman with bilateral proximal muscle girdle pain, prominent morning stiffness, elevated inflammatory markers, and mild anemia. Weak rheumatoid factor positivity noted. Clinical examination does not demonstrate synovitis. Diagnostic uncertainty exists regarding the underlying etiology.",2500,"# RHEUMATOLOGY CONSULTATION REPORT

## PRIMARY DIAGNOSIS: Polymyalgia Rheumatica (PMR)
**Confidence: High**

**Supporting findings:**
- Age >65 with acute onset bilateral symmetric proximal muscle girdle pain (shoulders and hips)
- Severe morning stiffness lasting 90 minutes with gradual improvement—classic for PMR
- Elevated inflammatory markers (ESR 44 mm/hr, CRP 8.2 mg/L) in appropriate clinical context with systemic features (fatigue, weight loss, mild anemia)

**Findings against:**
- Weak positive rheumatoid factor is atypical (though RF positivity occurs in ~5-10% of PMR); Anti-CCP negativity actually supports PMR over rheumatoid arthritis

---

## DIFFERENTIAL DIAGNOSIS:

1. **Rheumatoid Arthritis (Seronegative or Early)** (15-20%) — for: elevated ESR/CRP, weak RF positivity, symmetric bilateral involvement | against: absence of synovitis on exam, no small joint involvement, anti-CCP negative, preserved joint spaces on imaging, no erosions, prominent morning stiffness atypical for RA distribution

2. **Large Vessel Vasculitis (Giant Cell Arteritis variant or Takayasu)** (5-10%) — for: age >65, elevated inflammatory markers, constitutional symptoms | against: no temporal headache/vision changes/jaw claudication, no pulse deficits, no carotid/aortic imaging abnormalities documented, proximal girdle pain more typical of PMR than isolated vasculitis

3. **Hypothyroidism (Undertreated)** (3-5%) — for: history of hypothyroidism, fatigue, mild anemia | against: TSH 2.1 mIU/L is well-controlled on current therapy, does not explain elevated ESR/CRP or acute onset 90-minute morning stiffness pattern

4. **Systemic Lupus Erythematosus or other Connective Tissue Disease** (2-5%) — for: constitutional symptoms, anemia, elevated inflammatory markers | against: no rash, photosensitivity, oral ulcers, or serositis; seronegative profile; no typical SLE clinical features; age and demographic less typical

5. **Drug-Induced or Statin-Related Myopathy** (2-3%) — for: muscle discomfort, elevated ESR | against: not on statin therapy documented, no elevated CK, symmetric proximal pattern atypical, stiffness rather than true myalgia predominates

---

## REASONING:

This 68-year-old presents with the **classic pentad of PMR**: age >65, acute-onset symmetric bilateral proximal shoulder and hip pain, severe morning stiffness (90 minutes), elevated inflammatory markers (ESR 44, CRP 8.2), and systemic features (fatigue, weight loss, mild normocytic anemia). The **absence of synovitis on physical examination** and **negative anti-CCP** effectively exclude RA; the weak RF positivity in this context is a red herring, as RF can be weakly positive in ~10% of PMR cases and does not indicate rheumatoid disease. The **preserved joint architecture on imaging** and **lack of hand involvement** further support PMR over inflammatory arthropathy. The pattern of **pain-free improvement with movement** and **prolonged morning stiffness specifically in proximal muscles** is pathognomonic for PMR's distinctive inflammatory myalgia pattern. While giant cell arteritis (GCA) shares the age group and inflammatory profile, the absence of cranial symptoms, vision changes, or vascular findings makes isolated GCA unlikely; however, **temporal artery ultrasound or GCA screening remains essential** given the risk of concurrent GCA in ~15-20% of PMR patients.

---

## NEXT STEP:

**Obtain temporal artery ultrasound (or temporal artery biopsy if ultrasound concerning) to exclude concurrent Giant Cell Arteritis prior to initiating corticosteroid therapy.**

*Expected finding:* Normal temporal artery intima-media thickness without halo sign or compression signs (would support PMR without GCA). If ultrasound is concerning or performed clinically, biopsy would show either granulomatous vasculitis (confirming GCA) or normal vessel (confirming isolated PMR).

**Secondary confirmatory step","# STRUCTURED DIFFERENTIAL DIAGNOSIS

## PRIMARY DIAGNOSIS: Polymyalgia Rheumatica (PMR)
**Confidence: High**

**Supporting findings:**
1. **Classic age and demographic**: 68-year-old woman (PMR typically affects patients >50 years; peak incidence 70-80 years)
2. **Pathognomonic proximal girdle pattern**: Bilateral shoulder and hip pain with preserved hand/small joint function; symmetric limitation of shoulder abduction and hip flexion without synovitis
3. **Inflammatory markers markedly elevated with constitutional symptoms**: ESR 44 mm/hr, CRP 8.2 mg/L, fatigue, 4-pound unintentional weight loss, and prolonged morning stiffness (90 minutes) improving with activity—all classic for PMR

**Findings against:**
- None identified. The clinical presentation is highly typical for PMR.

---

## DIFFERENTIAL DIAGNOSIS:

1. **Rheumatoid Arthritis (15%)** — *for*: weak RF positivity (1:40), mild normocytic anemia, elevated inflammatory markers | *against*: anti-CCP negative (highly specific for RA when positive; negative value substantially reduces likelihood), absence of small joint synovitis on exam, no hand/wrist involvement, preserved radiographic joint spaces without erosions

2. **Ankylosing Spondylitis/Axial Spondyloarthropathy (8%)** — *for*: morning stiffness improving with motion, inflammatory markers elevated | *against*: female gender with age >65 (less typical), no axial/back pain reported, no sacroiliac tenderness elicited, symmetric shoulder-hip pattern atypical for axial disease, HLA-B27 status unknown but clinical presentation not suggestive

3. **Secondary Rheumatic Disease (Malignancy-Associated, Hypothyroidism-Related, or Drug-Induced) (7%)** — *for*: weight loss, anemia warrant malignancy exclusion; hypothyroidism on record | *against*: TSH well-controlled (2.1 mIU/L), no systemic symptoms beyond fatigue, no medication history suggesting drug-induced etiology, no prior malignancy

---

## REASONING:

This 68-year-old woman presents with the quintessential clinical triad of PMR: (1) **proximal girdle myalgias** affecting shoulders and hips bilaterally without small joint involvement or synovitis; (2) **prominent morning stiffness** (90 minutes) improving markedly with activity—a discriminating feature favoring PMR over RA or spondyloarthropathy; and (3) **markedly elevated acute phase reactants** (ESR 44, CRP 8.2) coupled with constitutional symptoms (fatigue, unintentional weight loss). The **absence of synovitis on examination and preserved joint anatomy on imaging** effectively excludes RA despite weak RF positivity; critically, **anti-CCP negativity** carries high specificity against RA diagnosis. Her age, gender, and symptom distribution are archetypal for PMR, whereas the clinical picture argues against axial spondyloarthropathy (no back pain, no sacroiliac findings) and atypical RA presentations (non-erosive, non-synovitic distribution). The weak RF positivity is a known association in elderly patients without conferring true RA risk in this clinical context.

---

## NEXT STEP:

**Temporal Arteritis (Giant Cell Arteritis) Screening via Temporal Artery Ultrasound and/or Temporal Artery Biopsy; concurrently measure additional labs (platelets, alkaline phosphatase) and perform directed history for GCA symptoms (headache, scalp tenderness, jaw claudication, visual symptoms).**

**Expected finding**: Up to 15-20% of PMR patients have concurrent GCA, which carries risk of permanent vision loss if untreated. Ultrasound showing halo sign or biopsy revealing granulomatous vasculitis would establish GCA diagnosis and necessitate higher-dose glucocorticoid therapy. A **negative GCA workup combined with dramatic clinical and laboratory response to low-dose prednisone (15 mg daily) with normalization of ESR/CRP within 2-4 weeks** would definitively confirm isolated PMR and establish long-term management strategy.","# PRIMARY DIAGNOSIS: **Giant Cell Arteritis (Temporal Arteritis) with Polymyalgia Rheumatica (PMR)**

---

## TEACHING POINTS:

### Finding: **Bilateral Proximal Muscle Pain (Shoulders and Hips)**

**What:** Symmetric discomfort localized to the proximal muscle girdle—specifically the shoulder girdle (deltoids, rotator cuff region, trapezius) and hip girdle (gluteal muscles, hip flexors)—without involvement of distal joints or small joints of hands/feet. This is the hallmark of polymyalgia rheumatica.

**Why it matters:** 
- PMR is pathognomonic for a specific syndrome affecting older adults (>50 years), characterized by inflammatory involvement of proximal structures
- The bilateral, symmetric distribution immediately suggests a systemic inflammatory condition rather than mechanical/degenerative disease
- PMR is a paraneoplastic syndrome in 10-15% of cases, but more critically, it is the clinical sentinel for **Giant Cell Arteritis (GCA) in 15-20% of PMR patients**—a vasculitis with potential for blindness and stroke
- Absence of synovitis on exam argues *against* seronegative RA or other inflammatory arthropathies
- The pain pattern excludes peripheral joint disease, fibromyalgia (which shows no inflammatory markers), and myositis (which would show proximal weakness, not just pain)

**How to assess:**
- Detailed history of pain location: ask ""where specifically do you hurt?"" to confirm proximal vs. distal
- Physical examination: test shoulder abduction and hip flexion bilaterally against resistance; PMR causes pain with movement, not frank weakness
- Comparison of morning stiffness *duration* (PMR typically 30-90+ minutes) vs. mechanical stiffness (<30 min)
- Perform **visual acuity testing** and **temporal artery palpation** to screen for GCA features
- Ask about jaw claudication, scalp tenderness, diplopia, or transient vision loss—red flags for GCA with arteritic involvement

---

### Finding: **Prolonged Morning Stiffness (90 minutes)**

**What:** Systemic stiffness upon waking that persists for 90 minutes before gradual improvement with activity. This is distinct from mechanical stiffness, which typically lasts <30 minutes and reflects joint inflammation rather than muscle fatigue.

**Why it matters:**
- Morning stiffness duration is a key discriminator in rheumatology
- **PMR/GCA:** stiffness lasts 45 minutes to several hours
- **Mechanical/degenerative disease:** typically <30 minutes and worsens with activity resumption
- **Fibromyalgia:** can have prolonged stiffness BUT lacks inflammatory markers; this patient has elevated ESR and CRP
- **RA:** morning stiffness is prominent but accompanied by synovitis (which this patient lacks) and typically involves small joints early

The prolonged stiffness here strongly supports an inflammatory myalgia syndrome (PMR) rather than joint-centered disease.

**How to assess:**
- Ask patient to quantify duration in minutes
- Clarify timing: ""How long after you wake up before you can comfortably perform your morning routine?""
- Correlate with inflammatory markers (ESR/CRP); disproportionately prolonged stiffness with *negative* inflammatory markers suggests fibromyalgia or hypothyroidism
- Document response to anti-inflammatory therapy (NSAIDs or corticosteroids): rapid improvement within days supports PMR/GCA over mechanical causes

---

### Finding: **Elevated ESR (44 mm/hr) and CRP (8.2 mg/L)**

**What:** Systemic inflammatory markers indicating increased acute-phase protein production. ESR (erythrocyte sedimentation rate) is nonspecific but very sensitive for systemic inflammation; CRP (C-reactive protein) is more specific for acute inflammatory states.

**Why it matters:**
- These elevations are **pathognomonic requirements** for PMR diagnosis; PMR without elevated inflammatory markers should prompt reconsideration of diagnosis
- Degree of elevation often correlates with disease activity in PMR/GCA (unlike RA, where ESR/CRP may be modest despite active synovitis)
- **Negative inflammatory markers exclude:** fibromyalgia, mechanical pain syndromes, hypothyroidism-related stiffness","# POLYMYALGIA RHEUMATICA (PMR)

## PRIMARY DIAGNOSIS
**Polymyalgia Rheumatica**

---

## TEACHING POINTS

### Finding: Bilateral Proximal Muscle Girdle Pain (Shoulders and Hips)

**What:** Pain and aching localized to the shoulder girdle (deltoid regions) and hip girdle (buttocks, proximal thighs), occurring symmetrically on both sides of the body. This is distinctly *proximal* rather than distal—notably absent in hands, wrists, knees, or ankles.

**Why it matters:** This is the pathognomonic presentation of PMR. The proximal distribution is critical because it excludes distal polyarthropathies like rheumatoid arthritis (which favors MCP/PIP joints and wrists). PMR predominantly affects patients over 50 and is the most common systemic inflammatory condition in the elderly. The bilateral symmetry indicates a systemic inflammatory process rather than mechanical or unilateral pathology.

**How to assess it:** 
- Direct patient questioning about specific affected areas; have patient point to shoulders/hips
- Ask about ability to perform functional tasks: ""Can you lift your arms overhead? Can you rise from a chair without using your hands?""
- Perform active and passive range of motion testing at shoulders and hips, documenting limitation and pain location
- Palpate proximal muscles for tenderness (though true myositis is absent in PMR—the inflammation is in synovial tissues and periarticular structures, not muscle)

---

### Finding: Severe Morning Stiffness (90 minutes duration, improves with movement)

**What:** Marked stiffness and reduced mobility upon waking that persists for extended periods (typically >45 minutes in PMR, here 90 minutes). Characteristically improves as the patient moves and exercises throughout the morning—a key distinguishing feature.

**Why it matters:** Morning stiffness reflects inflammatory synovial involvement and is present across multiple rheumatic diseases. However, the *duration* and *pattern of improvement* are diagnostic clues:
- PMR typically causes stiffness lasting 45 minutes to several hours that **improves with activity**
- This contrasts with osteoarthritis (minimal stiffness, mechanical in nature) and mechanical low back pain
- The lengthy duration with activity-induced improvement is classic for systemic inflammation
- Stiffness that worsens with activity or persists unchanged would suggest alternative diagnoses

**How to assess it:**
- Ask specific, quantifiable questions: ""How long does it take you to feel limber after waking?""
- Document what relieves it: ""Does moving around help?"" (yes = suggestive of inflammatory disease)
- Have patient rate severity and functional impact (e.g., ""How long before you can shower or dress?"")
- Serial assessment during the morning exam period can be informative

---

### Finding: Elevated Erythrocyte Sedimentation Rate (ESR 44 mm/hr)

**What:** The ESR measures the rate at which red blood cells settle in a tube of anticoagulated blood over one hour. Elevated values (>20 mm/hr in this patient) indicate acute phase response—increased circulating inflammatory proteins (fibrinogen, immunoglobulins, complement).

**Why it matters:** 
- PMR is characterized by **markedly elevated inflammatory markers**; ESR >40 mm/hr occurs in ~80% of cases
- ESR elevation is non-specific but necessary for diagnosis; PMR without elevated ESR should prompt reconsideration
- Helps exclude mechanical/degenerative causes (osteoarthritis, mechanical back pain)
- Provides objective evidence of systemic inflammation
- ESR often correlates with disease activity and is used to monitor treatment response

**How to assess it:**
- Order ESR as standard in any patient >50 with proximal pain and stiffness
- Always pair with CRP for additional inflammatory correlation
- Interpret in clinical context (infection, malignancy, other vasculitides can elevate ESR)
- In PMR, ESR typically normalizes within weeks of corticosteroid initiation—this response is diagnostic

---

### Finding: Elevated C-Reactive Protein (CRP 8.2 mg/L)

**What:** CRP is an acute phase protein synthesized by the liver in response to inflammatory cytokines (IL-6, TNF-α). Elevated CRP (>3 mg/L here)"
gen-030,bge,BAAI/bge-small-en-v1.5,http://purl.bioontology.org/ontology/AIR/DXPMR|NONE,ambiguous,PMR vs fibromyalgia — normal ESR makes PMR uncertain; critical teaching case,rich,"**PATIENT VIGNETTE**

**Chief Complaint:** ""I've been aching all over for the past 4 months and I'm exhausted.""

**History of Present Illness:**
A 65-year-old woman presents with a 4-month history of progressive bilateral shoulder and hip pain, described as a deep aching and stiffness. She reports particular difficulty with overhead activities and rising from a chair. The pain is accompanied by profound fatigue that limits her usual activities. She denies joint swelling but notes morning stiffness lasting approximately 30-45 minutes in the shoulders and hips.

She also describes widespread musculoskeletal discomfort affecting her neck, low back, and bilateral thighs. Sleep is significantly disturbed; she reports waking multiple times nightly and difficulty falling back asleep. She has noticed occasional night sweats but denies fever, weight loss, or constitutional symptoms. No recent infections or new medications.

**Physical Examination:**
- Vital signs stable, afebrile
- No synovitis, erythema, or warmth in any joints
- Shoulder abduction and hip flexion mildly limited by patient report of pain, but full passive range of motion preserved
- Tender points elicited across the trapezius, supraspinatus, lateral epicondyles, and greater trochanters bilaterally
- No focal muscle atrophy or weakness
- Remainder of examination unremarkable

**Laboratory Findings:**
- ESR: 18 mm/hour (normal <20)
- CRP: 4 mg/L (normal <10)
- Complete blood count: normal
- Comprehensive metabolic panel: normal
- Thyroid-stimulating hormone: normal
- Rheumatoid factor and anti-CCP: negative
- Antinuclear antibody: negative

**Assessment:**
65-year-old woman with 4-month history of bilateral shoulder and hip girdle pain with fatigue and sleep disturbance. Inflammatory markers only mildly elevated or borderline normal. No clinical evidence of synovitis. Widespread tender points noted on examination. Differential diagnosis remains broad given overlapping clinical features.",2497,"# RHEUMATOLOGIC DIFFERENTIAL DIAGNOSIS CONSULTATION

## PRIMARY DIAGNOSIS: Fibromyalgia Syndrome
**Confidence:** Medium

**Supporting findings:**
- Widespread musculoskeletal pain (neck, low back, shoulders, hips, bilateral thighs) with multiple tender points on examination (trapezius, supraspinatus, lateral epicondyles, greater trochanters bilaterally)
- Profound fatigue and sleep disturbance with unrefreshing sleep pattern (multiple nocturnal awakenings)
- Absence of clinical synovitis, normal inflammatory markers, and negative autoimmune serology despite significant symptom burden

**Findings against:**
- Age 65 with 4-month symptom duration (fibromyalgia typically develops in middle-aged adults but presentation timeline is compatible)
- None identified as strongly contradictory; however, the clinical presentation could equally represent an early inflammatory arthropathy

---

## DIFFERENTIAL DIAGNOSIS:

1. **Polymyalgia Rheumatica (PMR)** (35%) — for: age >60, bilateral shoulder and hip girdle pain with morning stiffness 30-45 minutes, fatigue | against: ESR only 18 mm/hr (typically >50 in PMR), no temporal artery tenderness or vision symptoms reported, CRP mildly elevated

2. **Early Rheumatoid Arthritis or Seronegative Inflammatory Arthropathy** (25%) — for: 4-month progressive course, bilateral symmetric shoulder/hip involvement, morning stiffness | against: negative RF and anti-CCP, absence of synovitis on examination, only borderline inflammatory markers

3. **Systemic Lupus Erythematosus or Connective Tissue Disease** (15%) — for: fatigue, sleep disturbance, widespread pain, night sweats | against: negative ANA (highly sensitive in SLE), normal CBC, normal metabolic panel, no rash or other systemic manifestations

4. **Hypothyroidism/Myxedema** (10%) — for: fatigue, widespread aching, sleep disturbance, morning stiffness | against: TSH documented as normal, no weight gain or cold intolerance mentioned

5. **Sleep Disorder with Secondary Musculoskeletal Pain** (10%) — for: profound sleep disruption with multiple nocturnal awakenings as primary driver | against: pain preceded sleep complaints; tender point examination findings suggest primary pain pathology

6. **Myositis or Inflammatory Myopathy** (5%) — for: widespread muscle pain and fatigue | against: no focal weakness, normal CK not mentioned but no elevation suggested, no muscle atrophy on examination

---

## REASONING:

This case presents a clinically challenging overlap between fibromyalgia and polymyalgia rheumatica, with seronegative inflammatory arthropathy remaining in the differential. The **absence of synovitis clinically** is a critical discriminating feature that argues against typical rheumatoid arthritis, yet the **symmetric bilateral shoulder and hip involvement with morning stiffness** is classic for PMR. However, the **ESR of only 18 mm/hr with CRP 4 mg/L is atypical for PMR**, which typically presents with marked elevation of acute phase reactants (ESR often >50). The presence of **widespread tender points beyond the shoulder and hip girdles** (trapezius, lateral epicondyles, greater trochanters) and **prominent sleep disturbance with fatigue disproportionate to objective inflammatory findings** shift probability toward fibromyalgia. The **negative autoimmune serology (RF, anti-CCP, ANA) and normal TSH** effectively exclude systemic autoimmune disease and endocrinopathy. PMR remains the primary competing diagnosis given age and distribution; seronegative inflammatory arthropathy cannot be fully excluded without imaging.

---

## NEXT STEP:

**Obtain bilateral shoulder and hip ultrasound or MRI to evaluate for subdeltoid/subacromial bursal effusions, hip capsular effusions, or synovitis.**

**Expected finding:** 
- **If fibromyalgia:** No structural abnormalities, no bursal or synovial effusions
- **If PMR:** Characteristic subdeltoid/subacromial bursal effusions and/or hip capsular distension (highly specific for PMR, present in 80-90% of cases)
- This single imaging study would substantially increase confidence in","# RHEUMATOLOGIC DIFFERENTIAL DIAGNOSIS CONSULTATION

## PRIMARY DIAGNOSIS: Fibromyalgia

**Confidence: High**

**Supporting findings:**
- Widespread musculoskeletal pain with characteristic tender points (trapezius, supraspinatus, lateral epicondyles, greater trochanters bilaterally)
- Prominent sleep disturbance with multiple nocturnal awakenings and fatigue disproportionate to objective findings
- Absence of synovitis, joint swelling, or objective signs of inflammation on physical examination

**Findings against:** 
- Mildly elevated ESR/CRP (though still within normal limits; fibromyalgia typically has completely normal inflammatory markers)
- Morning stiffness lasting 30-45 minutes is somewhat atypical for fibromyalgia (more characteristic of inflammatory arthropathies)

---

## DIFFERENTIAL DIAGNOSIS:

1. **Polymyalgia Rheumatica (PMR)** (25%) — *for:* Bilateral shoulder and hip girdle pain in elderly woman, morning stiffness, constitutional symptoms (fatigue, night sweats) *| against:* ESR 18 mm/hr is lower than typical PMR (usually >50 mm/hr); lack of temporal arteritis symptoms; relatively preserved active range of motion; absent systemic features (no fever, weight loss, or visual symptoms)

2. **Rheumatoid Arthritis (RA)** (15%) — *for:* Bilateral symmetrical distribution, morning stiffness, fatigue *| against:* Negative RF and anti-CCP (highly specific against seronegative RA); complete absence of clinical synovitis; normal inflammatory markers; predominantly proximal girdle pain (RA typically targets small joints first)

3. **Systemic Lupus Erythematosus (SLE) or other connective tissue disease** (10%) — *for:* Widespread musculoskeletal pain, fatigue, sleep disturbance, night sweats *| against:* Negative ANA (>95% sensitive in SLE); normal CBC and CMP; clinical presentation lacks typical SLE features (no rash, photosensitivity, renal involvement); relatively mild constitutional symptoms

4. **Ankylosing Spondylitis** (8%) — *for:* Morning stiffness, low back pain, pain improving with motion *| against:* Female gender (male predominance 3:1); no mention of HLA-B27 status or sacroiliitis; age of onset at 65 (typically presents before age 45); bilateral hip/shoulder emphasis rather than axial spine

5. **Thyroid dysfunction or other endocrinopathy** (7%) — *for:* Fatigue, sleep disturbance, widespread aching *| against:* TSH documented as normal; normal metabolic panel; clinical pattern fits primary musculoskeletal disorder rather than endocrine cause

---

## REASONING:

This case presents a diagnostic challenge with overlapping features of inflammatory and non-inflammatory conditions. The **critical discriminators** are: (1) **absence of objective synovitis** on examination despite complaints of pain—fibromyalgia and PMR can both present without swelling, but the widespread tender point pattern is pathognomonic for fibromyalgia; (2) **normal-to-borderline inflammatory markers**—an ESR of 18 mm/hr makes PMR statistically less likely (typical PMR ESR >50 mm/hr, and diagnostic criteria often require ESR ≥40); (3) **distribution of pain**—while PMR involves proximal girdles, the described widespread musculoskeletal discomfort with multiple tender points and sleep-related fatigue strongly suggests fibromyalgia; (4) **negative autoantibodies**—effectively excluding RA, SLE, and most connective tissue diseases. The morning stiffness and night sweats are somewhat atypical for fibromyalgia alone and warrant consideration of PMR, but the laboratory findings and examination pattern favor fibromyalgia as primary diagnosis. The 4-month timeline supports both conditions, though fibromyalgia more commonly has insidious onset.

---

## NEXT STEP:

**Obtain Temporal Artery Ultrasound or repeat ESR in 2-4 weeks + detailed screening for Temporal Arteritis symptoms (scalp tenderness, jaw claudication, vision changes, new-onset headache).**

*Rationale:* While ES","# PRIMARY DIAGNOSIS: Fibromyalgia Syndrome

---

## TEACHING POINTS

### Finding: Bilateral Shoulder and Hip Girdle Pain with Morning Stiffness

**What:** Aching, deep pain localized to proximal joints and surrounding musculature (shoulders, hips, neck, low back) with stiffness lasting 30-45 minutes upon waking.

**Why it matters:** This constellation mimics polymyalgia rheumatica (PMR) almost perfectly at first glance. However, the critical distinction lies in what follows. In PMR, this presentation is *always* accompanied by significantly elevated inflammatory markers (ESR typically >40 mm/hour, often >50). Here, our ESR is only 18—normal range. This is the pivotal finding that shifts us away from PMR and toward fibromyalgia. The morning stiffness in fibromyalgia is common but tends to be less dramatic in duration and is driven by poor sleep quality and muscle tension rather than true systemic inflammation.

**How to assess:** 
- Obtain **ESR and CRP** as first-line inflammatory screening (already done appropriately here)
- If ESR >40 mm/hour with this presentation → strongly favors PMR until proven otherwise
- Ask specifically about *duration* of stiffness (PMR: 45+ minutes is typical; fibromyalgia: variable, often improves quickly with movement)
- Perform **passive range of motion testing** to distinguish pain-limited from inflammation-limited movement (fibromyalgia: pain-limited; PMR: can have true restriction from inflammation)

---

### Finding: Widespread Tender Points (Trapezius, Supraspinatus, Lateral Epicondyles, Greater Trochanters)

**What:** Specific anatomical locations where patients report disproportionate pain with moderate digital pressure (approximately 4 kg/cm²). These tender points are *not* inflamed joints but rather muscular and soft tissue zones.

**Why it matters:** This is pathognomonic for fibromyalgia. The **2016 ACR Diagnostic Criteria** rely heavily on:
1. **Widespread Pain Index (WPI)** — number of body regions with pain over the past week (patient describes pain in neck, shoulders, low back, hips, thighs = multiple regions)
2. **Symptom Severity (SS) Scale** — assessing fatigue, sleep disturbance, cognitive symptoms, and somatic symptoms

The presence of tender points in the classic fibromyalgia distribution (not overlying inflamed joints) is highly suggestive. Notably, we see *no synovitis, erythema, or warmth*—inflammatory joint disease would show these findings.

**How to assess:**
- Palpate tender points systematically using a dolorimeter or calibrated thumb pressure (4 kg/cm²)
- Classic 18-point examination includes: bilateral trapezius, supraspinatus, lateral epicondyle (tennis elbow point), medial fat pad of knee, greater trochanter, supraspinatus, and interspinous ligament points
- Use the **WPI and SS Scale questionnaire** formally (patient reports pain in ≥5 regions + high fatigue/sleep disturbance scores support diagnosis)
- Differentiate from: joint synovitis (which causes swelling, warmth, restricted passive ROM) vs. soft tissue tenderness (preserved full passive ROM, as seen here)

---

### Finding: Normal Inflammatory Markers (ESR 18, CRP 4)

**What:** Erythrocyte sedimentation rate and C-reactive protein are both within or near-normal limits, indicating minimal to no systemic inflammation.

**Why it matters:** This is *the* finding that excludes most inflammatory rheumatic diseases in this context. Diseases like rheumatoid arthritis, PMR, and systemic lupus erythematosus characteristically produce elevated ESR and/or CRP. The fact that inflammatory markers are normal makes fibromyalgia far more likely than an inflammatory condition. However, a caveat: some patients with early RA or PMR may present with borderline markers, which is why clinical context is crucial. Here, the *absence of synovitis on exam* confirms the markers are telling the true story.

**How to assess:**
- Obtain **ESR and CRP** in all patients with this presentation (done)
- If both are normal/near-normal AND no clinical signs of inflammation (no","# PRIMARY DIAGNOSIS: Fibromyalgia Syndrome

---

## TEACHING POINTS

### Finding: Widespread Musculoskeletal Pain with Tender Points

**What:** Pain and hyperalgesia (heightened pain sensitivity) distributed across multiple body regions—in this case, shoulders, hips, neck, low back, and thighs—with reproducible tender points at characteristic locations (trapezius, supraspinatus, lateral epicondyles, greater trochanters). Tenderness is elicited with light palpation pressure (~4 kg force) and is disproportionate to objective findings.

**Why it matters:** This is the cardinal feature of fibromyalgia and distinguishes it from inflammatory rheumatic diseases. The *widespread* distribution (affecting upper and lower body, axial and peripheral regions) is critical—localized pain or monoarticular involvement points away from fibromyalgia. The presence of tender points without synovitis is pathognomonic. In contrast, inflammatory conditions like RA, polymyalgia rheumatica (PMR), and spondyloarthropathies preferentially affect specific joint regions with objective inflammation (warmth, swelling, erythema).

**How to assess:** 
- Use the **2016 fibromyalgia diagnostic criteria**: assess widespread pain index (WPI ≥7) and symptom severity scale (SSS ≥5), or use the older 1990 criteria (11 of 18 tender point sites positive).
- Palpate standardized sites with moderate pressure; distinguish true tenderness from normal muscle firmness.
- Document that passive range of motion is preserved (ruling out contracture or structural limitations).
- Ask about pain in all four body quadrants and the axial skeleton to confirm widespread distribution.

---

### Finding: Profound Fatigue and Sleep Disturbance

**What:** Severe, disproportionate tiredness limiting daily functioning, coupled with non-restorative sleep—difficulty initiating sleep, frequent nocturnal awakenings, and unrefreshing rest despite time in bed.

**Why it matters:** Fatigue and sleep dysfunction are core features of fibromyalgia, present in >80% of patients, and often parallel the severity of pain. This triad—pain, fatigue, sleep disruption—is highly specific for fibromyalgia. In contrast, while fatigue can occur in inflammatory diseases (PMR, RA), it is typically accompanied by objective signs of inflammation. The *quality* of sleep disturbance in fibromyalgia is characteristic: patients report alpha-wave intrusion (EEG abnormality) leading to ""light,"" unrefreshing sleep even when sleeping >8 hours. Night sweats in fibromyalgia are mild and unaccompanied by fever or weight loss (unlike malignancy or infection).

**How to assess:**
- Ask directly: ""Do you feel rested after sleeping?"" and ""How many times per night do you wake?""
- Use validated scales: **Pittsburgh Sleep Quality Index (PSQI)** or **Epworth Sleepiness Scale**.
- Distinguish non-restorative sleep from sleep apnea, restless leg syndrome, or psychiatric causes (ask about mood, screen for depression with PHQ-9).
- Clarify that fatigue is disproportionate to activity level and present even on ""good"" days.

---

### Finding: Morning Stiffness of 30–45 Minutes in Shoulders and Hips

**What:** Difficulty with movement and sensation of ""tightness"" localized to shoulder and hip girdles upon waking, lasting less than 1 hour, improving with activity and gentle movement.

**Why it matters:** Morning stiffness is a feature of *both* inflammatory and non-inflammatory conditions, making it a potential diagnostic fork. **Duration and distribution are critical:**
- **Inflammatory diseases** (PMR, RA, spondyloarthropathy): stiffness typically lasts >1 hour, sometimes several hours; correlates with elevated inflammatory markers; improves dramatically with NSAIDs or corticosteroids.
- **Fibromyalgia**: stiffness is brief (<1 hour), widespread (not confined to specific girdles), and reflects muscle tightness and deconditioning rather than synovial inflammation; does *not* correlate with ESR/CRP; may improve slightly with movement but typically persists as part of overall pain pattern.

In this case, the 30–45 minute duration and lack of correlation with elevated inflammatory markers favor fibrom"
