case_id,chart_text,response_A,response_B
case-001,"58-year-old woman with 6-month history of bilateral wrist and MCP joint pain and swelling. Morning stiffness lasting more than 2 hours, improving by midday. RF positive (titer 1:320), anti-CCP strongly positive (>250 U/mL). ESR 68 mm/hr, CRP 3.2 mg/dL. Hand X-rays show periarticular osteopenia and early erosions at 2nd and 3rd MCPs bilaterally. No skin rash. No sicca symptoms.","# DIFFERENTIAL DIAGNOSIS ANALYSIS

## PRIMARY DIAGNOSIS: Rheumatoid Arthritis

**Supporting evidence:** This 58-year-old woman presents with a classic 6-month history of symmetric bilateral wrist and MCP joint involvement with morning stiffness >2 hours, strongly positive RF (1:320) and anti-CCP (>250 U/mL), and elevated inflammatory markers (ESR 68, CRP 3.2). Hand radiographs demonstrate periarticular osteopenia with early erosions at 2nd and 3rd MCPs bilaterally—pathognomonic for established RA.

**Ontology grounding:** Per ontology [1]: ""Rheumatoid Arthritis"" diagnosis criteria include ""symmetric polyarthritis,"" ""RF,"" ""anti-CCP,"" ""morning stiffness,"" ""erosions,"" and ""MCP"" and ""wrist"" involvement—all present in this patient.

**Confidence: HIGH**

---

## DIFFERENTIAL DIAGNOSIS:

1. **Seronegative Spondyloarthropathy (5%)** — Early erosive disease can rarely present seronegatively; inflammatory markers elevated; symmetric MCP involvement atypical for SpA. | Presence of strongly positive RF and anti-CCP makes this diagnosis unlikely; absence of axial symptoms, skin/mucosal involvement, or HLA-B27 association.

2. **Systemic Lupus Erythematosus (3%)** — Can present with symmetric polyarthritis; inflammatory markers elevated. | No photosensitive rash, no malar rash documented, no sicca symptoms (though not excluded), anti-CCP positivity is rare in SLE (typically anti-dsDNA/ANA pattern); erosive hand changes are uncommon in lupus.

3. **Calcium Pyrophosphate Deposition Disease (2%)** — Can cause wrist and MCP joint involvement; can present with inflammatory synovitis. | Age and presentation fit, but CPDD typically shows chondrocalcinosis on imaging (not mentioned) and causes more knee involvement; acute pseudogout attacks rather than chronic polyarthritis; RF/anti-CCP would be negative in primary CPDD.

---

## KEY DISTINGUISHING FEATURES:

**To confirm RA diagnosis:**
- **Presence of periarticular osteopenia + erosions on hand X-rays** (already documented—supports RA)
- **MRI of hands** would show early synovitis with characteristic signal patterns and confirm active inflammation
- **Ultrasound of wrists/MCPs** demonstrating power Doppler signal in synovium would confirm ongoing inflammatory activity
- **Rule out secondary causes:** Additional serologies (ANA, anti-dsDNA, complement levels) to exclude SLE overlap

**Critical discriminator already established:** The combination of RF positivity, anti-CCP positivity, erosive changes on plain radiographs, and symmetric small-joint involvement is virtually diagnostic of RA. No additional testing would materially change diagnosis.

---

## REASONING CHAIN:

- **Finding → Bilateral symmetric wrist and MCP joint swelling/pain**
  - Ontology class → ""Symmetric polyarthritis"" [1]
  - Supports → RA because symmetric involvement of small joints is the hallmark presentation

- **Finding → Morning stiffness >2 hours**
  - Ontology class → RA clinical keyword [1]
  - Supports → RA because prolonged morning stiffness reflects overnight inflammatory exudation

- **Finding → RF positive (1:320) + anti-CCP strongly positive (>250)**
  - Ontology class → RA serological criteria [1]
  - Supports → RA because this dual seropositivity has >99% specificity for RA

- **Finding → Erosions on hand X-rays at MCPs**
  - Ontology class → ""Erosions"" at ""MCP"" sites [1]
  - Supports → RA because erosive changes indicate bone-destructive disease pathognomonic for established RA

- **Finding → Elevated inflammatory markers (ESR 68, CRP 3.2)**
  - Ontology class → Systemic inflammation response
  - Supports → RA because degree of elevation correlates with disease activity in inflammatory arthritis

---

## CLINICAL SUMMARY:

This patient fulfills **2010 ACR/EULAR RA classification criteria** with high confidence (score >6/10). The combination of","# RHEUMATOLOGIC DIFFERENTIAL DIAGNOSIS

## PRIMARY DIAGNOSIS: Rheumatoid Arthritis (Seropositive)

**Supporting evidence:** This patient meets ACR/EULAR 2010 classification criteria with >6/10 points: bilateral symmetric MCP/wrist involvement (2 points), RF positive at high titer (2 points), anti-CCP strongly positive (3 points), elevated acute phase reactants ESR 68 mm/hr (1 point), and symptom duration >6 weeks. The characteristic pattern of morning stiffness >2 hours that improves with activity, combined with periarticular osteopenia and early marginal erosions on imaging, represents the classic presentation of early seropositive RA. The symmetric polyarthritis with prominent inflammatory markers and positive serology in the absence of systemic features is pathognomonic for RA.

**Confidence: High**

---

## DIFFERENTIAL DIAGNOSIS:

1. **Anti-CCP Positive Early Inflammatory Arthritis (Undifferentiated) (3%)** — Anti-CCP positivity may precede RA diagnosis by months; very high positive predictive value (>95%) for future RA development | Patient already meets full RA classification criteria; this represents an earlier disease stage conceptually, not a true differential

2. **Systemic Lupus Erythematosus with Arthritis (2%)** — Can present with symmetric polyarthritis and positive RF; anti-CCP is not typical of SLE | Absence of photosensitive rash, malar rash, sicca symptoms, ANA (not mentioned but expected positive), or systemic manifestations; lupus typically presents with non-erosive arthritis; ESR elevation with low complement would be expected

3. **Seronegative Spondyloarthropathy/Psoriatic Arthritis (1%)** — Could cause MCP erosions and morning stiffness | RF and anti-CCP negativity expected in seronegative disease; this patient is strongly seropositive; no mentioned psoriasis, uveitis, inflammatory bowel disease, or axial symptoms; DIP involvement or asymmetry typical of PsA not described

4. **Hepatitis C-Associated Cryoglobulinemia (1%)** — Can present with polyarthritis and RF positivity | Anti-CCP is not typical; would expect cryoglobulin testing, hepatic involvement, palpable purpura, and positive HCV serology; lacks systemic vasculitic features

---

## KEY DISTINGUISHING FEATURES:

**Most helpful confirmatory tests:**
- **Anti-CCP and RF correlation:** Already strongly positive; their presence together with this presentation makes RA diagnosis ~99% certain
- **Ultrasound or MRI of hands:** Would demonstrate synovitis, power Doppler flow, bone edema, and erosions; helpful for disease activity assessment and prognostic stratification
- **Baseline functional assessment and imaging scoring:** Establish disease severity (CRP 3.2 is moderately elevated; ESR 68 suggests active disease); early erosions predict worse long-term prognosis requiring aggressive treatment
- **Exclusion testing:** HCV, hepatitis B, comprehensive metabolic panel, complete blood count to rule out secondary causes and assess treatment candidacy

---

## REASONING CHAIN:

- **Finding → Bilateral symmetric MCP/wrist swelling with >2 hours morning stiffness**
  - Ontology class → Inflammatory Polyarthritis, Small Joint Involvement
  - Supports → RA because this is the hallmark presentation of early RA affecting small joints with characteristic inflammatory timing

- **Finding → RF 1:320 (high titer) + Anti-CCP >250 U/mL (strongly positive)**
  - Ontology class → Seropositive Autoimmune Arthritis
  - Supports → RA because this serologic profile has >95% specificity for RA and predicts both diagnosis and poor prognosis; anti-CCP is nearly pathognomonic when combined with clinical arthritis

- **Finding → Periarticular osteopenia + early marginal erosions on X-ray**
  - Ontology class → Bone Destruction in Inflammatory Arthritis
  - Supports → RA because erosions at this early stage (6 months duration) indicate aggressive disease; osteopenia reflects inflammatory bone loss; pattern and location are typical for RA

- **Finding → ESR 68 mm"
case-002,"45-year-old man with 4-month progressive bilateral PIP and wrist arthritis. Synovial fluid aspirated from right wrist: WBC 18,000/mm3 with 72% PMNs, no crystals identified, gram stain negative, culture pending. RF positive (1:160), anti-CCP positive. ESR 55 mm/hr. No skin findings, no tophi, no psoriasis. Symmetric distribution.","# DIFFERENTIAL DIAGNOSIS CONSULTATION

## PRIMARY DIAGNOSIS: Rheumatoid Arthritis (RA)

**Supporting evidence:** The patient presents with symmetric polyarthritis involving small joints (PIP, wrist) over 4 months with inflammatory synovial fluid (WBC 18,000/mm³ with predominant PMNs), positive RF (1:160) and anti-CCP antibodies, and markedly elevated ESR (55 mm/hr). The seronegative exclusion (negative gram stain, no crystals, negative culture) and absence of other systemic features align with classic early seropositive RA presentation.

**Confidence:** High

---

## DIFFERENTIAL DIAGNOSIS:

1. **Early Rheumatoid Arthritis (seropositive)** (75%) 
   - *Supports:* Symmetric PIP/wrist involvement, RF+ (1:160), anti-CCP+, inflammatory synovial fluid with PMN predominance, ESR elevation, 4-month subacute progression
   - *Against:* Nothing material; this is the best-fit diagnosis

2. **Seronegative Polyarthritis (early undifferentiated arthritis)** (12%)
   - *Supports:* Early stage disease could theoretically have negative anti-CCP/RF initially; symmetric pattern
   - *Against:* Patient is already RF+ and anti-CCP+, which essentially excludes seronegative RA; seroconversion unlikely at 4 months of symptoms

3. **Psoriatic Arthritis (PsA)** (5%)
   - *Supports:* Can present with symmetric polyarthritis mimicking RA; can be RF/anti-CCP positive (10-15% overlap)
   - *Against:* No skin/nail psoriasis, no psoriasis history reported, no dactylitis or asymmetry typical of PsA; RF/anti-CCP positivity less common in PsA

4. **Systemic Lupus Erythematosus (SLE)** (5%)
   - *Supports:* Can present with symmetric polyarthritis; elevated ESR
   - *Against:* No reported photosensitivity, rash, or systemic symptoms; anti-CCP highly specific for RA/not typical of SLE; RF present but not pathognomonic; would expect ANA positivity

5. **Crystal Arthropathy (Gout/CPPD)** (<3%)
   - *Supports:* Elevated synovial WBC, PIP involvement
   - *Against:* Crystals explicitly not identified on polarized microscopy (crystal-negative); symmetric bilateral pattern atypical; progressive course over months unusual for crystal disease

---

## KEY DISTINGUISHING FEATURES:

**Most helpful confirmatory test:**
- **Anti-CCP antibody specificity** — Already positive; essentially diagnostic for RA. If any question remained, repeat anti-CCP + RF would confirm.
- **Absence of ANA** — Would help exclude SLE (order if not already done)
- **Absence of psoriasis/skin findings** — Already documented; argues against PsA

**Best next step for diagnostic confirmation:**
- Obtain **baseline hand/wrist radiographs** (look for juxta-articular osteopenia, joint space narrowing, early erosions at MCP/PIP heads—pathognomonic for RA erosive disease)
- Complete **rheumatologic serologies** if not done: ANA, anti-dsDNA to exclude SLE overlap

---

## REASONING CHAIN:

- **Finding 1** → Symmetric bilateral PIP + wrist arthritis over 4 months
  - **Ontology class** → Inflammatory polyarthritis (small joint predominance)
  - **Supports** → RA because symmetric small-joint involvement is the classic pattern for seropositive RA

- **Finding 2** → RF 1:160 + anti-CCP positive
  - **Ontology class** → Seropositive rheumatic disease markers
  - **Supports** → RA because anti-CCP antibodies are >95% specific for RA and RF positivity further increases RA probability to >90% in this clinical context

- **Finding 3** → Synovial WBC 18,000/mm³ with 72% PMNs, negative culture/gram stain/crystals","# STRUCTURED DIFFERENTIAL DIAGNOSIS

## PRIMARY DIAGNOSIS: Rheumatoid Arthritis (RA)

**Supporting evidence:** The patient presents with symmetric bilateral PIP and wrist polyarthritis over 4 months with markedly elevated inflammatory markers (ESR 55 mm/hr, synovial WBC 18,000/mm³ with 72% PMNs indicating Type II inflammatory fluid). Crucially, both RF (1:160) and anti-CCP antibodies are positive—anti-CCP is highly specific for RA and predicts erosive disease. The absence of crystal arthropathy, negative gram stain/culture, and absence of skin findings (psoriasis, tophi) further support RA over crystal-induced or infectious arthritis.

**Ontology grounding:** Per ontology [2], synovial fluid WBC >2,000/cu mm with predominant PMNs classifies as Type II (inflammatory), which is ""often occur[s] in rheumatoid arthritis"" among the linked diagnoses (DXRA). The inflammatory synovial profile with negative crystal analysis explicitly distinguishes this from gout (DXGT) or pseudogout (DXCPD).

**Confidence:** **High**

---

## DIFFERENTIAL DIAGNOSIS:

1. **Psoriatic Arthritis (PsA)** (10%) — Symmetric polyarthritis with PIP involvement and elevated inflammatory markers can occur; RF positivity is less typical but reported in ~10% of PsA. | Arguments against: No psoriatic skin lesions, nail dystrophy, or dactylitis described; anti-CCP positivity is unusual in PsA and suggests RA more strongly.

2. **Seronegative Spondyloarthropathy/Early Undifferentiated Arthritis** (8%) — Would explain symmetric polyarthritis with marked inflammation but negative crystals. | Arguments against: RF and anti-CCP both positive (seronegative by definition); PIP rather than MTP involvement less typical; symmetric presentation more consistent with RA.

3. **Acute Rheumatic Fever (ARF)** (2%) — Can present with polyarthritis and elevated ESR. | Arguments against: No recent streptococcal infection mentioned; RF/anti-CCP typically negative in ARF; 4-month progressive course atypical for ARF (usually acute); lacks carditis/chorea/erythema marginatum.

---

## KEY DISTINGUISHING FEATURES:

**To confirm RA diagnosis:**
- **High-resolution ultrasound or MRI of hands:** Demonstrating synovitis, bone erosions, or cartilage loss would confirm structural damage consistent with established RA
- **Complete serologic panel:** Check for other RA-associated antibodies (ANA, anti-CCP by second method if available) and exclude other connective tissue diseases
- **Clinical trajectory:** Response to DMARDs (methotrexate, biologics) within 6-8 weeks would strongly support RA; monitor for development of erosions on serial hand X-rays

**To exclude alternatives:**
- **Skin examination:** Repeat detailed skin/nail/scalp assessment to definitively exclude psoriasis (which would shift toward PsA)
- **HLA-B27 testing:** Would support spondyloarthropathy if positive despite seropositivity
- **Infectious serology:** Given culture pending and inflammatory state, ensure no occult infection

---

## REASONING CHAIN:

- **Finding → Progressive symmetric bilateral PIP and wrist polyarthritis over 4 months**
  
- **Ontology class → Type II (inflammatory) synovial fluid with WBC 18,000/mm³, 72% PMNs; negative crystals and culture**
  
- **Supports RA because:** This inflammatory profile with PMN predominance, combined with **positive RF (1:160) and anti-CCP antibodies** (the latter being >95% specific for RA), creates a near-pathognomonic presentation. Per ontology [1][2], Type II synovial fluid with these serologic markers specifically links to DXRA diagnosis code. The absence of crystal deposition rules out pseudogout (DXCPD) and gout (DXGT), while negative culture excludes infectious arthritis.

- **ESR 55 mm/hr demonstrates active systemic inflammation**
  
- **Supports RA because:** Correlates with disease activity in established "
case-003,"38-year-old woman with 3-month symmetric arthritis involving both MCPs and wrists with 90-minute morning stiffness. RF negative, anti-CCP negative. MRI wrists shows bilateral bone marrow edema and synovitis at carpal joints. ESR 45 mm/hr, CRP 2.1 mg/dL. No psoriasis, no axial symptoms, no sicca symptoms, ANA negative.","# RHEUMATOLOGY CONSULTATION: DIFFERENTIAL DIAGNOSIS

---

## PRIMARY DIAGNOSIS: Seronegative Rheumatoid Arthritis (RA)

**Supporting evidence:** Symmetric polyarticular arthritis of MCPs and wrists with prolonged morning stiffness (90 minutes) and significant inflammatory markers (ESR 45, CRP 2.1) in a woman of typical RA age. MRI evidence of bone marrow edema and synovitis indicates active inflammatory arthropathy with structural involvement. Seronegative RA accounts for 20-30% of RA cases and presents identically to seropositive disease clinically and radiographically.

**Ontology grounding:** Per rheumatologic diagnostic criteria: symmetric small joint polyarthritis with morning stiffness >1 hour and elevated acute phase reactants fulfill diagnostic criteria for RA regardless of seronegativity (RF/anti-CCP status).

**Confidence:** High

---

## DIFFERENTIAL DIAGNOSIS:

1. **Seronegative RA (45%)** — RF/anti-CCP negativity does not exclude RA; classic symmetric MCP/wrist involvement with morning stiffness and MRI-confirmed synovitis/edema are hallmark findings | Low specificity of seronegativity alone; requires exclusion of other seronegative arthritides

2. **Early RA (ACPA-negative subset) (25%)** — Early-stage RA may precede antibody development or represent inherently seronegative disease; 3-month duration fits early inflammatory window | Anti-CCP remains most predictive early RA marker even in seronegative cases; negative status slightly reduces but doesn't exclude RA probability

3. **Undifferentiated Polyarthritis/Early Inflammatory Polyarthritis (15%)** — Symmetric inflammatory polyarthritis without diagnostic antibodies may not yet meet full RA criteria | Absence of constitutional symptoms and relatively modest CRP argue against high-grade inflammation; will likely progress to defined diagnosis within 12 months

4. **Seronegative Systemic Lupus Erythematosus (SLE) (8%)** — Can present with symmetric arthritis and morning stiffness; elevated inflammatory markers present | ANA is negative (excludes ANA-positive SLE); no constitutional symptoms, photosensitivity, or serositis; joint involvement typically non-erosive

5. **Psoriatic Arthritis (PsA) (5%)** — Can present as symmetric polyarticular arthritis without skin manifestations (3-10% of PsA cases); seronegative by definition | No personal/family history of psoriasis; pattern is more typical RA than asymmetric/oligoarticular PsA; nail changes/dactylitis not mentioned

6. **Adult-Onset Still's Disease (AOSD) (2%)** — Seronegative inflammatory arthritis with elevated acute phase reactants | Absence of fever, rash, hepatosplenomegaly, and lymphadenopathy argues strongly against; ferritin not mentioned but typically markedly elevated in AOSD

---

## KEY DISTINGUISHING FEATURES:

**Most helpful confirmatory tests in order of impact:**

1. **Repeat anti-CCP and RF in 2-4 weeks** — 10-15% of seronegative RA patients eventually seroconvert; persistently negative status supports seronegative RA phenotype

2. **Hand/wrist X-rays** — Detection of erosions would support RA diagnosis (seronegative RA is erosive in 70-80% at diagnosis); absence would favor early/undifferentiated arthritis

3. **Response to DMARDs** — Rapid response to methotrexate ± biologic therapy strongly supports RA diagnosis; non-response would prompt reconsideration

4. **Additional serology:** Anti-mutated citrullinated vimentin (anti-MCV), anti-RA33, anti-calreticulin — Alternative ACPA-negative RA markers with emerging evidence; positive results strengthen RA diagnosis

5. **Extended autoimmune panel:** Anti-Ro/SSA, anti-La/SSB, anti-Sm, complement levels, creatinine, urinalysis — To definitively exclude lupus despite negative ANA (rare ANA-negative SLE exists but would require other SLE criteria)

---

## REASONING CHAIN:

- **Finding** → Symmetric MCP/wrist","# RHEUMATOLOGY DIFFERENTIAL DIAGNOSIS CONSULTATION

## PRIMARY DIAGNOSIS: Seronegative Rheumatoid Arthritis (or Early RA)

**Supporting evidence:** The patient presents with symmetric polyarthritis affecting MCPs and wrists with 90-minute morning stiffness—classic for RA despite negative RF and anti-CCP. MRI demonstrates bilateral bone marrow edema and synovitis at carpal joints, indicating inflammatory joint disease. Elevated acute phase reactants (ESR 45 mm/hr, CRP 2.1 mg/dL) confirm active systemic inflammation.

**Ontology grounding:** Per ontology [1]: ""symmetric polyarthritis RF anti-CCP morning stiffness...synovitis"" are cardinal keywords for RA. The clinical presentation aligns with the documented RA diagnostic pattern, though seronegative status represents ~20-30% of RA cases. Per ontology [2]: Inflammatory synovial fluid (Type II) ""often occurs in rheumatoid arthritis,"" consistent with MRI-documented synovitis.

**Confidence:** **High**

---

## DIFFERENTIAL DIAGNOSIS:

1. **Seronegative RA** (65%) — Classic inflammatory symmetric polyarthritis with morning stiffness, MRI synovitis/bone marrow edema, elevated ESR/CRP; RF/anti-CCP negative in 25-30% of established RA | Lacks erosions on imaging (though not required early); no documented ultrasound/MRI evidence of grey-scale synovitis quantification

2. **Calcium Pyrophosphate Deposition Disease (CPPD/Pseudogout)** (15%) — Can present with symmetric polyarthritis; chondrocalcinosis and inflammatory synovial fluid documented in ontology as differential consideration | Age <50 typically atypical; lacks typical knee/wrist radiographic chondrocalcinosis description; acute monoarticular or oligoarticular episodes more typical; ESR/CRP elevation less pronounced in uncomplicated CPPD

3. **Early Systemic Lupus Erythematosus (SLE)** (12%) — Symmetric arthritis with morning stiffness, elevated ESR/CRP, and systemic features can occur | ANA negative argues strongly against; no photosensitivity, rash, or documented malar erythema; no renal/hematologic/serositis involvement; normal complement would be expected but not documented

4. **Undifferentiated Spondyloarthropathy (including Psoriatic Arthritis)** (5%) — MCP/wrist involvement with inflammatory markers possible | No psoriatic lesions, nail changes, or mucositis; absence of axial symptoms/sacroiliitis; no documented HLA-B27; symmetric pattern less typical than asymmetric oligoarthritis in PsA

5. **Anti-Synthetase Syndrome** (3%) — Can present with polyarthritis and morning stiffness | No documented myositis, Raynaud's, pulmonary symptoms, or mechanic's hands; CRP mildly elevated but ESR more prominent (suggests true immune complex disease)

---

## KEY DISTINGUISHING FEATURES:

**Most helpful confirmatory tests (in priority order):**

1. **High-resolution ultrasound or MRI of hands/wrists:** Quantify grey-scale synovitis and document power Doppler signal to confirm inflammatory activity; assess for early erosions or marginal bone proliferation

2. **Repeat serology at 3-6 months:** 10-15% of initially seronegative RA patients will seroconvert; consider extended RA panel (anti-CCP, RF, anti-mutated citrullinated vimentin)

3. **Synovial fluid analysis (if aspiration feasible):** Cell count/differential, crystal analysis, and culture to definitively exclude pseudogout, infection, or other crystal arthropathy

4. **Plain radiographs of hands/wrists (PA, lateral, oblique):** Look for marginal erosions, joint space narrowing, or evidence of chondrocalcinosis

5. **HLA-B27, inflammatory markers trend:** To exclude spondyloarthropathy and establish inflammatory baseline

---

## REASONING CHAIN:

- **Finding:** Symmetric MCP and wrist polyarthritis + 90-minute morning stiffness  
  **Ontology class:** [1]"
case-004,"27-year-old woman with 3-month history of butterfly facial rash, oral ulcers, pleuritic chest pain, and bilateral small joint arthralgia. Anti-dsDNA antibody positive (titer 1:320). Complement C3 52 mg/dL (low), C4 8 mg/dL (low). 24-hour urine protein 1.8g. Urinalysis with red cell casts. CBC: WBC 3,200/mm3 on three separate occasions, platelets 98,000/mm3.","# RHEUMATOLOGY DIFFERENTIAL DIAGNOSIS CONSULTATION

## PRIMARY DIAGNOSIS: Systemic Lupus Erythematosus (SLE)

**Supporting evidence:** This patient meets ≥4 ACR/EULAR 2019 classification criteria: malar rash (butterfly rash), oral ulcers, lupus nephritis (proteinuria 1.8g/24hr + RBC casts indicating hematuria), and serology (anti-dsDNA positive with low complement C3/C4). The constellation of cutaneous, mucosal, serologic, and renal manifestations with lymphopenia and thrombocytopenia represents the classic SLE presentation.

**Ontology grounding:** Per rheumatologic classification systems, anti-dsDNA antibody positivity and low complement levels are highly specific for SLE (Class IIa criteria), with lupus nephritis being a major manifestation indicating systemic disease activity.

**Confidence: High**

---

## DIFFERENTIAL DIAGNOSIS:

1. **Drug-Induced Lupus (DIL)** (8-12%) — Can present with ANA positivity and rash; lacks the high-titer anti-dsDNA, significant hypocomplementemia, and renal involvement typical of DIL. History of medication use not provided but would be critical to obtain. DIL typically causes anti-histone antibodies (not present here).

2. **Lupus-Like Syndrome (Seronegative SLE variants)** (5-8%) — Could explain systemic symptoms and clinical findings, but anti-dsDNA positivity at 1:320 titer essentially excludes seronegative presentations. Seronegative variants would have negative dsDNA and normal complement levels.

3. **Mixed Connective Tissue Disease (MCTD)** (3-5%) — Presents with overlapping features including arthritis and serositis; however, anti-U1-RNP would be dominant with less prominent anti-dsDNA. The presence of active lupus nephritis with RBC casts and significant proteinuria is uncommon in MCTD. High anti-dsDNA titer argues strongly against MCTD.

4. **Secondary Lupus (infection-associated, malignancy)** (2-3%) — SLE-like syndrome can occur with chronic infections or occult malignancy; however, the pathognomonic anti-dsDNA positivity and complement consumption point to primary SLE. Would require exclusion of occult infection/malignancy but not the primary diagnosis.

---

## KEY DISTINGUISHING FEATURES:

**Most confirmatory test:** **Renal biopsy** — Would definitively establish lupus nephritis class (likely Class III or IV based on proteinuria and hematuria), guiding immunosuppressive intensity and prognosis. This would lock in SLE diagnosis with highest certainty.

**Additional supporting tests:**
- Anti-Sm antibody (highly specific for SLE if positive; negative does not exclude diagnosis)
- ANA pattern (homogeneous or speckled typically supports SLE)
- Antiphospholipid antibody panel (excludes APLS as primary diagnosis)
- Chest imaging (to document pleuritis or exclude other pulmonary pathology)

---

## REASONING CHAIN:

| Element | Finding | Ontology Class | Diagnostic Link |
|---------|---------|----------------|-----------------|
| **Finding 1** | Butterfly malar rash + oral ulcers | Cutaneous/mucosal lupus manifestations | Fulfills 2 major clinical criteria for SLE |
| **Finding 2** | Anti-dsDNA 1:320 + C3/C4 low | Serologic Activity Class | Highly specific for active SLE; virtually excludes non-SLE diagnoses |
| **Finding 3** | Proteinuria 1.8g/24hr + RBC casts | Glomerulonephritis phenotype | Indicates lupus nephritis (WHO Class III-IV equivalent), major organ involvement |
| **Finding 4** | Lymphopenia (WBC 3,200) + thrombocytopenia (Plt 98K) | Hematologic cytopenias of SLE | Reflects immune-mediated destruction in active SLE |
| **Ontology synthesis** | ≥4 ACR/EULAR criteria met | SLE Classification criteria (2019) | Patient meets","# DIFFERENTIAL DIAGNOSIS CONSULTATION

## PRIMARY DIAGNOSIS: Systemic Lupus Erythematosus (SLE)

**Supporting evidence:** This patient meets multiple ACR/EULAR criteria including malar rash, oral ulcers, pleuritic serositis, non-erosive arthralgia of small joints, anti-dsDNA antibody positivity (titer 1:320), lupus nephritis (proteinuria 1.8g/24h, red cell casts), and cytopenias (leukopenia, thrombocytopenia). The complement profile shows classic consumption with low C3 (52 mg/dL) and C4 (8 mg/dL), indicating active immune complex deposition.

**Ontology grounding:** Per ontology: Anti-DNA antibodies (positive titer 1:320) fulfill a diagnostic criterion for SLE and correlate best with renal involvement [Item 4]. CH50 complement (low) and C3/C4 complement measurements [Items 1, 2, 3] are key laboratory abnormalities in active SLE indicating classical pathway activation and immune complex-mediated tissue injury.

**Confidence:** **High**

---

## DIFFERENTIAL DIAGNOSIS:

1. **Drug-induced lupus (DIL)** (5%) — Photosensitive rash and serositis can occur; anti-dsDNA antibodies rare in DIL | Timeline is acute (3 months), but DIL typically develops over weeks and anti-dsDNA positivity at this titer is uncommon; lupus nephritis is rare in DIL

2. **Mixed Connective Tissue Disease (MCTD)** (3%) — Can present with rash, serositis, and arthralgia | Anti-RNP would be expected as dominant antibody; anti-dsDNA positivity at this titer argues against MCTD; red cell casts indicate SLE-specific glomerulonephritis

3. **Antiphospholipid syndrome (APS)** (2%) — Can present with thrombocytopenia and may overlap with SLE | Lacks characteristic thrombotic manifestations; does not explain malar rash, oral ulcers, or anti-dsDNA positivity; complement consumption is not typical of isolated APS

---

## KEY DISTINGUISHING FEATURES:

**Most definitive confirmatory finding:** 
- **Renal biopsy with immunofluorescence** showing diffuse proliferative glomerulonephritis with IgG/IgA/IgM immune complex deposition (Class IV lupus nephritis) would confirm SLE and assess disease severity

**Additional supporting tests:**
- **Anti-Sm antibodies** (highly specific for SLE, present in ~30% of cases)
- **ANA with reflex panel** (nearly 100% ANA sensitivity in SLE)
- **Urine microscopy** (already shows red cell casts; granular casts would be more specific)
- **Direct antiglobulin test (DAT/Coombs)** to evaluate hemolytic contribution to anemia if present

---

## REASONING CHAIN:

**Finding → Malar butterfly rash + oral ulcers**
- Ontology class: Mucocutaneous manifestations of systemic autoimmune disease
- Supports **SLE** because these are pathognomonic presentation features occurring in ~40% (rash) and ~27% (oral ulcers) of SLE patients

**Finding → Anti-dsDNA antibody titer 1:320 (positive)**
- Ontology class: SLE-specific serology (Item 4)
- Supports **SLE** because anti-dsDNA is highly specific (95-98%) for SLE and present in 50-70% of SLE patients; this titer level indicates active disease

**Finding → Complement C3 52 mg/dL and C4 8 mg/dL (both low)**
- Ontology class: Laboratory complement pathway markers (Items 1, 2, 3)
- Supports **SLE** because complement consumption reflects active immune complex-mediated disease; low C3/C4 correlates with nephritis and is seen in ~40-50% of active SLE

**Finding → Proteinuria 1.8g/24h + red cell casts on urinalysis**
- Ontology class: Renal involvement markers
- Supports"
case-005,"29-year-old woman with joint pain, photosensitivity, and recurrent thrombocytopenia. ANA positive (1:640, speckled pattern). Sm antibody positive. False positive VDRL on two separate occasions confirmed with negative FTA-abs. Platelet nadir 62,000/mm3. Lupus anticoagulant positive. Normal complement. No renal involvement currently.","# RHEUMATOLOGY DIFFERENTIAL DIAGNOSIS CONSULTATION

## PRIMARY DIAGNOSIS: Systemic Lupus Erythematosus (SLE)

**Supporting evidence:** This patient meets multiple ACR/EULAR classification criteria for SLE including positive ANA (1:640 speckled pattern), anti-Sm antibody positivity (highly specific for SLE), false positive VDRL confirmed with negative FTA-abs (pathognomonic for SLE), photosensitivity, polyarthralgias, and thrombocytopenia (platelet nadir 62,000/mm³). The presence of lupus anticoagulant indicates antiphospholipid syndrome as a manifestation or association with SLE.

**Ontology grounding:** Per ontology [1] and [4]: False positive VDRL/RPR with negative FTA-abs is an explicit criterion for SLE diagnosis. The constellation of clinical keywords (photosensitivity, joint pain, cytopenia, ANA positivity) directly maps to the SLE diagnostic profile in concept [4].

**Confidence: HIGH**

---

## DIFFERENTIAL DIAGNOSIS:

1. **Antiphospholipid Syndrome (APS) - Primary** (15%) — Lupus anticoagulant positivity and thrombocytopenia present; false positive VDRL is characteristic. | Argues against: Anti-Sm antibodies are specific for SLE, not primary APS; clinical picture more consistent with SLE; no mention of thrombotic events (though APS often occurs *with* SLE rather than in isolation).

2. **Drug-Induced Lupus (DIL)** (8%) — Could present with ANA positivity, arthralgia, and photosensitivity. | Argues against: Anti-Sm antibodies virtually never occur in DIL (Sm antibodies are considered specific for idiopathic SLE); false positive VDRL is uncommon in DIL; no medication history provided but clinical severity suggests idiopathic SLE.

3. **Sjögren's Syndrome** (5%) — Can present with photosensitivity, arthralgia, and cytopenias; may have positive ANA. | Argues against: Anti-Sm antibodies are not associated with Sjögren's syndrome; false positive VDRL is not characteristic; lack of sicca symptoms mentioned in presentation.

---

## KEY DISTINGUISHING FEATURES:

- **Anti-Sm antibody positivity** (already present) — Virtually pathognomonic for SLE; present in 20-30% of SLE patients but rarely in other conditions
- **Renal involvement assessment** — Perform urinalysis and 24-hour urine protein; lupus nephritis would further solidify SLE diagnosis and guide treatment intensity
- **Complement levels (C3, C4)** — Case states ""normal,"" but serial monitoring is critical as hypocomplementemia indicates active disease
- **Double-stranded DNA (anti-dsDNA) antibody** — Not mentioned; would provide additional SLE specificity and serve as a disease activity marker
- **Anti-phospholipid antibody panel** — Confirm lupus anticoagulant with repeat testing at ≥12 weeks; assess for anticardiolipin and anti-β2 glycoprotein antibodies to define APS association
- **Thrombotic history** — Detailed evaluation for DVT, PE, or arterial thrombosis given lupus anticoagulant positivity

---

## REASONING CHAIN:

- **Finding → Anti-Sm antibody positivity**  
  Ontology class → Serology (SLE-specific autoimmunity)  
  Supports → **SLE** because anti-Sm antibodies are virtually pathognomonic for SLE and present in ~25% of SLE patients but <1% of other connective tissue diseases

- **Finding → False positive VDRL (confirmed negative FTA-abs on two occasions)**  
  Ontology class → [1] False positive VDRL/RPR  
  Supports → **SLE** because this is an explicit criterion for SLE diagnosis; reflects presence of antiphospholipid antibodies characteristic of lupus anticoagulant-positive patients

- **Finding → ANA 1:640 speckled pattern + photosensitivity + polyarthralgia + thrombocytopenia**  
  Ontology class → [4","# Rheumatologic Differential Diagnosis

## PRIMARY DIAGNOSIS: Systemic Lupus Erythematosus (SLE)

**Supporting evidence:** This patient meets ACR/EULAR SLE classification criteria with documented ANA positivity (1:640 speckled pattern), anti-Sm antibody positivity (disease-specific for SLE), clinical manifestations of photosensitivity and arthritis, and hematologic involvement (thrombocytopenia with nadir 62,000/mm³). The positive lupus anticoagulant further supports SLE diagnosis, particularly given the absence of a primary thrombophilic condition and the clinical context of autoimmune disease.

**Ontology grounding:** Per SLE classification criteria: anti-Sm antibody is a pathognomonic immunologic criterion; ANA ≥1:80 is required; thrombocytopenia (<150,000/mm³) fulfills the hematologic domain; photosensitivity constitutes a constitutional/mucocutaneous criterion.

**Confidence:** **High**

---

## DIFFERENTIAL DIAGNOSIS:

1. **Antiphospholipid Syndrome (Primary or Secondary)** (25%) 
   - *Supports:* Lupus anticoagulant positivity, recurrent thrombocytopenia, false-positive VDRL (confirmed with negative FTA-abs, classic for antiphospholipid syndrome). 
   - *Against:* No documented thrombotic events (arterial or venous), which are required for primary APS diagnosis; anti-Sm and high-titer ANA more specific for SLE; normal complement levels not typical of active APS-associated disease.

2. **Antiphospholipid Syndrome Secondary to SLE** (20%)
   - *Supports:* Overlap syndrome increasingly recognized; lupus anticoagulant positivity combined with SLE-specific serology (Sm antibody); false-positive VDRL is characteristic of dual disease.
   - *Against:* Would be classified under SLE category; no additional distinguishing features; thrombocytopenia and anticoagulant positivity are already incorporated into SLE diagnosis here.

3. **Drug-Induced Lupus** (10%)
   - *Supports:* ANA positivity, arthritis, photosensitivity could be medication-related (hydralazine, procainamide, isoniazid, etc.).
   - *Against:* Anti-Sm antibodies are virtually never present in drug-induced lupus (highly specific for idiopathic SLE); speckled pattern ANA is less common; no renal involvement makes severity lower than typical drug-induced lupus at this age.

4. **Sjögren Syndrome with Secondary APS features** (5%)
   - *Supports:* Can present with photosensitivity, positive ANA, thrombocytopenia.
   - *Against:* Anti-Sm is virtually never positive in primary Sjögren syndrome; no mention of xerophthalmia/xerostomia; lupus anticoagulant more characteristic of lupus than Sjögren.

---

## KEY DISTINGUISHING FEATURES:

**Most helpful confirmatory tests:**
1. **Anti-dsDNA antibody** — Highly specific for SLE; if positive, virtually confirms diagnosis and helps assess disease activity
2. **Anti-ribonucleoprotein (anti-RNP)** — Often positive in SLE; helps define serologic subset
3. **Renal biopsy** (if proteinuria/hematuria develops) — Would confirm lupus nephritis, establishing organ-specific involvement
4. **Genetic testing for thrombophilia** — Negative results would exclude primary thrombophilic disorder as primary etiology
5. **Medication/toxin exposure history** — Critical to exclude drug-induced lupus

---

## REASONING CHAIN:

**Finding #1: Anti-Sm antibody positivity**
→ Ontology class: *Pathognomonic SLE-specific autoantigen*
→ Supports: **SLE** because anti-Sm has 99% specificity for SLE and is present in 20-30% of SLE patients; essentially excludes all other diagnoses in this differential

**Finding #2: Photosensitivity + arthritis + ANA 1:640**
→ Ontology class: *Constitutional"
case-006,"24-year-old woman with 2-month fatigue, joint pains, and bilateral peripheral edema. 24-hour urine protein 4.2g. Anti-dsDNA positive (1:640). C3 32 mg/dL, C4 4 mg/dL. Renal biopsy demonstrates diffuse proliferative glomerulonephritis (Class IV). Malar rash present. CBC normal.","# RHEUMATOLOGY DIFFERENTIAL DIAGNOSIS CONSULTATION

PRIMARY DIAGNOSIS: Systemic Lupus Erythematosus (SLE) with Lupus Nephritis (Class IV)
Supporting evidence: The patient meets multiple ACR/EULAR classification criteria for SLE: malar rash, anti-dsDNA positivity (1:640), complement consumption (C3 32, C4 4 mg/dL), proteinuria >500 mg/24h (4.2g), and renal involvement. Renal biopsy demonstrating diffuse proliferative glomerulonephritis (Class IV) is a hallmark of active lupus nephritis with high disease activity and poor prognosis if untreated.
Ontology grounding: Per ontology: proteinuria >500 mg/24h satisfies a diagnostic criterion for SLE (DXSLE). Diffuse glomerulonephritis represents the most severe pattern of glomerular involvement. Nephrotic-range proteinuria (4.2g/24h) is consistent with Class IV lupus nephritis.
Confidence: **High**

---

## DIFFERENTIAL DIAGNOSIS:

1. **Lupus Nephritis, Class III (Focal Proliferative)** (8%) — Could present with similar renal dysfunction and proteinuria; however, patient has Class IV (diffuse) on biopsy, which shows more extensive glomerular involvement affecting >50% of glomeruli | Biopsy findings definitively exclude this diagnosis.

2. **Post-Infectious Glomerulonephritis (PIGN)** (3%) — Would explain acute nephritic presentation with complement consumption and hematuria; however, lacks anti-dsDNA positivity, lacks malar rash, and lacks other SLE criteria | No documented preceding infection; serologies incompatible with SLE.

3. **IgA Vasculitis (IgAV)** (2%) — Can present with glomerulonephritis and proteinuria; however, lacks anti-dsDNA, lacks complement consumption pattern (C3 primarily affected in PIGN/IgAV, but C4 depression indicates immune complex disease), and malar rash is not typical | No rash pattern consistent with IgAV; serologies strongly favor SLE.

---

## KEY DISTINGUISHING FEATURES:

The **combination of anti-dsDNA positivity + complement consumption + Class IV lupus nephritis on biopsy + malar rash** is essentially pathognomonic for SLE. Additional confirmatory tests would include:
- **Anti-Smith (Sm) antibody**: Highly specific for SLE (100% specificity, though lower sensitivity)
- **ANA pattern and titer**: To confirm autoimmune profile
- **Repeat complement levels** post-immunosuppressive therapy: To monitor disease activity
- **Urinalysis with microscopy**: To assess for RBC casts (indicative of active lupus nephritis)

---

## REASONING CHAIN:

| Step | Finding | Evidence |
|------|---------|----------|
| **Finding 1** | Anti-dsDNA positive (1:640) | Highly specific antibody for SLE; meets classification criterion |
| **Finding 2** | Complement consumption (C3 32, C4 4 mg/dL) | Characteristic of immune complex deposition in SLE; drives lupus nephritis |
| **Finding 3** | Diffuse proliferative glomerulonephritis (Class IV) | **Ontology:** Per provided ontology: ""Diffuse Glomerulonephritis: inflammation of the glomerulus with involvement of all glomeruli"" → Supports SLE because Class IV is the most severe lupus nephritis pattern and requires urgent immunosuppressive therapy |
| **Finding 4** | Proteinuria 4.2g/24h (nephrotic range) | **Ontology:** Per ontology: Persistent proteinuria >500 mg/24h satisfies diagnostic criterion for SLE; 4.2g indicates active proliferative disease → Supports SLE because nephrotic-range proteinuria in presence of anti-dsDNA is classic for active lupus nephritis |
| **Finding 5** | Malar rash + polyarthralgias + fatigue | Classic constitutional and cutaneous manifestations of SLE → Supports SLE because symptom triad is part of ACR/EULAR criteria |","# RHEUMATOLOGIC DIFFERENTIAL DIAGNOSIS

## PRIMARY DIAGNOSIS: Systemic Lupus Erythematosus (SLE) with Lupus Nephritis (Class IV)

**Supporting evidence:** This patient meets multiple ACR/EULAR classification criteria for SLE including malar rash (constitutional manifestation), anti-dsDNA antibodies at high titer (1:640), low complement levels (C3 32, C4 4 mg/dL indicating active immune complex disease), and most critically, Class IV diffuse proliferative lupus nephritis confirmed on renal biopsy with nephrotic-range proteinuria (4.2g/24h). The constellation of constitutional symptoms (fatigue), polyarthralgia, cutaneous involvement, and serologic abnormalities in a young woman is pathognomonic for SLE with active renal involvement.

**Ontology grounding:** Per established rheumatologic ontology: anti-dsDNA antibodies with low C3/C4 constitute high-specificity criteria for SLE diagnosis. Class IV glomerulonephritis represents WHO classification category indicating severe proliferative disease with endocapillary and extracapillary proliferation.

**Confidence:** **High** (>95%)

---

## DIFFERENTIAL DIAGNOSIS:

1. **Secondary Lupus (Drug-Induced Lupus Erythematosus)** (3-5%)
   - *Supports:* Could present with similar serologic findings and constitutional symptoms
   - *Against:* Drug-induced lupus rarely produces anti-dsDNA antibodies; when present, are typically low-titer. More importantly, drug-induced lupus virtually never causes proliferative renal disease with Class IV morphology. Normal CBC argues against medication-induced hematologic effects.

2. **Other Connective Tissue Disease (Mixed Connective Tissue Disease/Undifferentiated)** (2-3%)
   - *Supports:* Can present with polyarthritis, constitutional symptoms, and renal involvement
   - *Against:* MCTD typically presents with anti-RNP antibodies rather than anti-dsDNA. Class IV proliferative lupus nephritis is exceptionally rare in MCTD; most renal involvement is membranous. Malar rash is not characteristic of MCTD.

3. **Post-Infectious Glomerulonephritis (PIGN)** (1%)
   - *Supports:* Can present with acute renal dysfunction and proteinuria
   - *Against:* PIGN is primarily post-streptococcal (typically in children). Serologically, anti-dsDNA and low C3/C4 are not features; rather, would expect anti-streptococcal antibodies and typically normal anti-DNA. Malar rash and constitutional symptoms are incompatible. Renal biopsy findings would show postinfectious pattern, not lupus nephritis pattern.

---

## KEY DISTINGUISHING FEATURES:

**Most confirmatory findings (already present):**
- Renal biopsy histopathology demonstrating wire-loop lesions, immune complex deposits on immunofluorescence (IgG, IgA, IgM, C3, C1q), and Class IV proliferative pattern
- High-titer anti-dsDNA with low C3/C4 (virtually pathognomonic for SLE)

**Additional confirmatory tests if diagnosis were uncertain:**
- Anti-Smith (Sm) antibodies (highly specific for SLE, though not required here)
- Antinuclear antibody (ANA) pattern—expect homogeneous or mixed; should be positive at high titer
- Direct immunofluorescence of skin biopsy from malar rash showing ""granular"" IgG/C3 deposits at dermal-epidermal junction (pathognomonic lupus band test)

---

## REASONING CHAIN:

- **Finding → Malar rash + fatigue + polyarthralgia**
  - Ontology class → Constitutional/cutaneous manifestations of systemic autoimmune disease
  - Supports → SLE because classical triad of constitutional, dermatologic, and musculoskeletal involvement

- **Finding → Anti-dsDNA 1:640 + C3 32 + C4 4 mg/dL**
  - Ontology class → Serologic markers of immune complex-mediated disease
  - Supports"
case-007,"62-year-old man presenting with acute severe pain and swelling of the left first metatarsophalangeal joint, onset overnight. Joint aspiration: monosodium urate crystals identified (needle-shaped, strongly negatively birefringent under polarized light microscopy). Serum uric acid 9.8 mg/dL. WBC 14,000/mm3. No prior joint episodes. BMI 31.","# RHEUMATOLOGY CONSULTATION: ACUTE MONOARTHRITIS WITH CRYSTAL IDENTIFICATION

---

## PRIMARY DIAGNOSIS: ACUTE GOUTY ARTHRITIS

**Supporting evidence:** The patient presents with classic podagra (acute severe pain and swelling of the first metatarsophalangeal joint with overnight onset), confirmed by synovial fluid analysis demonstrating monosodium urate crystals with needle-shaped morphology and strong negative birefringence—the pathognomonic finding for gout. Serum uric acid is elevated at 9.8 mg/dL (normal: 1.5-8.0), and inflammatory response (WBC 14,000/mm³) is consistent with acute crystal-induced synovitis.

**Ontology grounding:** Per ontology: Monosodium urate crystals (needle-shaped, negatively birefringent) are diagnostic for gout [1][3]. Elevated serum uric acid supports hyperuricemia as the underlying metabolic abnormality [2]. The synovial fluid finding classifies this as Type II (inflammatory) synovitis, consistent with acute crystal-induced gout [1].

**Confidence: HIGH**

---

## DIFFERENTIAL DIAGNOSIS:

1. **Septic arthritis (5%)** — Acute monoarthritis with significant inflammatory response and WBC elevation could suggest infection; however, septic arthritis would present with positive culture, higher synovial fluid WBC (typically >50,000/mm³ in bacterial infection), and low glucose relative to serum. Crystal identification excludes this. | Monosodium urate crystals definitively exclude bacterial infection.

2. **Pseudogout/CPPD arthritis (3%)** — Acute crystal-induced monoarthritis with similar clinical presentation; however, pseudogout presents with calcium pyrophosphate crystals (rhomboid/rod-shaped, positively birefringent), not monosodium urate. | Crystal morphology and birefringence properties are diagnostic against CPPD [4][5].

3. **Traumatic monoarthritis (2%)** — Acute swelling and pain could follow microtrauma; however, absence of clear trauma history, specific crystal findings, and hyperuricemia make this unlikely. | No documented trauma; crystal-specific diagnosis makes trauma explanation superfluous.

---

## KEY DISTINGUISHING FEATURES:

**Most helpful confirmatory findings (already obtained):**
- **Polarized light microscopy with monosodium urate crystal identification** ✓ *Present—definitively diagnostic*
- **Serum uric acid level** ✓ *Present—supports chronic hyperuricemia*

**Additional supportive testing:**
- **24-hour urine uric acid** — to classify as overproducer vs. underexcretor
- **Renal function (creatinine, eGFR)** — gout frequently associated with renal disease
- **Imaging (X-ray)** — to evaluate for tophaceous deposits or chronic changes if recurrent

---

## REASONING CHAIN:

| Step | Finding | Analysis |
|------|---------|----------|
| **1. Clinical presentation** | Acute MTP1 monoarthritis, overnight onset | Consistent with podagra—classic gout presentation |
| **2. Synovial fluid analysis** | Monosodium urate crystals, needle-shaped, strongly negatively birefringent | **Pathognomonic for gout** [1][3] |
| **3. Laboratory context** | Serum uric acid 9.8 mg/dL (elevated); WBC 14,000 | Hyperuricemia + inflammatory response typical of acute gouty attack |
| **4. Ontology classification** | Type II synovial fluid (inflammatory monoarthritis) | Acute crystal-induced synovitis → Gout [1] |
| **5. Conclusion** | All findings converge on single diagnosis | **Acute gouty arthritis—HIGH confidence** |

---

## CLINICAL PEARLS & MANAGEMENT CONSIDERATIONS:

- **Important caveat:** Elevated serum uric acid during acute attack may be artificially lowered due to uricosuric effects of inflammation; recheck after 2-4 weeks for accurate baseline.
- **Urate-lowering therapy (allopurinol, febuxostat) should NOT be initiated during acute attack**—may wor","# RHEUMATOLOGY CONSULTATION: DIFFERENTIAL DIAGNOSIS

## PRIMARY DIAGNOSIS: Acute Gout (Gouty Arthritis)

**Supporting evidence:** Monosodium urate (MSU) crystals identified on joint aspiration with pathognomonic needle-shaped morphology and strong negative birefringence under polarized light microscopy—the gold standard diagnostic finding for gout. Acute monarticular presentation affecting the first metatarsophalangeal joint (podagra) with overnight onset is the classic initial presentation of gout. Elevated serum uric acid (9.8 mg/dL; normal <6.8) and acute inflammatory response (WBC 14,000/mm³) support acute crystalline arthropathy.

**Ontology grounding:** Per rheumatology classification systems, this case satisfies ACR/EULAR gout diagnostic criteria through definitive synovial fluid analysis showing intracellular MSU crystals.

**Confidence:** **HIGH** (>95%)

---

## DIFFERENTIAL DIAGNOSIS:

1. **Pseudogout (Calcium Pyrophosphate Deposition Disease—CPPD)** (2-3%)
   - *Supports:* Acute monarticular presentation with severe inflammation; first MTP joint can be affected
   - *Against:* Crystal morphology would show rhomboid/rod-shaped, positively birefringent calcium pyrophosphate dihydrate (CPPD) crystals, NOT needle-shaped negatively birefringent MSU crystals. Synovial fluid analysis definitively excludes this diagnosis.

2. **Septic Arthritis (Bacterial Infection)** (1-2%)
   - *Supports:* Acute severe monoarthritis, elevated WBC, risk factors present (age, BMI)
   - *Against:* Synovial fluid shows MSU crystals (not intracellular bacteria, Gram stain, or culture growth expected); no fever documented; MSU crystallography is pathognomonic and excludes septic joint.

3. **Acute Rheumatoid Arthritis (RA) or Seronegative Spondyloarthropathy** (<1%)
   - *Supports:* Acute joint inflammation with elevated WBC
   - *Against:* Polyarticular distribution expected in RA; MSU crystal identification excludes crystalline disease; no mention of morning stiffness, symmetric involvement, or systemic symptoms typical of RA.

---

## KEY DISTINGUISHING FEATURES:

**Synovial fluid analysis (already performed and diagnostic):** MSU crystal identification with negative birefringence is **pathognomonic** for gout and excludes other diagnoses. No additional testing needed for diagnosis confirmation.

**Additional supportive (but not required given definitive crystalography):**
- Serum uric acid trending or 24-hour urine uric acid (assess for overproduction vs. underexcretion)
- Imaging: X-ray to assess for tophaceous deposits or chronic gout changes (punched-out erosions)
- ECG/renal function: assess for cardiovascular comorbidities and renal status before initiating urate-lowering therapy

---

## REASONING CHAIN:

- **Finding → Overnight acute monarticular arthritis of first MTP joint (podagra)**
  - Ontology class → *Acute Crystalline Arthropathy / Gout*
  - Supports → **Acute Gout** because this is the pathognomonic presentation of initial gouty attack

- **Finding → Needle-shaped, strongly negatively birefringent crystals on polarized light microscopy**
  - Ontology class → *Intracellular MSU Crystals / Definitive Gout Diagnosis*
  - Supports → **Acute Gout** because this is the gold-standard criterion for gout diagnosis (ACR/EULAR) and is incompatible with CPPD, septic arthritis, or inflammatory arthropathies

- **Finding → Elevated serum uric acid (9.8 mg/dL) + acute inflammatory response (WBC 14,000)**
  - Ontology class → *Hyperuricemia + Acute Inflammation*
  - Supports → **Acute Gout** because MSU crystal precipitation and inflammatory cascade are triggered by sustained hyperuricemia

---

## CLINICAL MANAGEMENT IMPLICATIONS"
case-008,"55-year-old man with 3-year history of recurrent acute joint flares in wrists and knees. X-rays show chondrocalcinosis of both knee menisci and bilateral wrist triangular fibrocartilage. Serum calcium 11.2 mg/dL (elevated). PTH markedly elevated. Synovial fluid from knee: WBC 28,000/mm3 with weakly positively birefringent rhomboid crystals. Serum uric acid normal.","# RHEUMATOLOGIC DIFFERENTIAL DIAGNOSIS

## PRIMARY DIAGNOSIS: Secondary Pseudogout (Calcium Pyrophosphate Deposition Disease) Associated with Primary Hyperparathyroidism

**Supporting evidence:** The clinical presentation of recurrent acute polyarticular flares (wrists, knees) combined with radiographic chondrocalcinosis in classic locations (knee menisci, triangular fibrocartilage) and synovial fluid analysis showing weakly positively birefringent rhomboid crystals (calcium pyrophosphate dihydrate) is pathognomonic for CPPD arthropathy. The markedly elevated PTH with elevated serum calcium identifies primary hyperparathyroidism as the underlying metabolic driver—a well-established risk factor for secondary CPPD. The 3-year flare pattern with documented crystal-induced synovitis confirms pseudogout rather than asymptomatic chondrocalcinosis.

**Ontology grounding:** Per crystal arthropathy classification: Calcium pyrophosphate dihydrate crystal deposition disease (CPPD) is a distinct crystal-induced inflammatory arthropathy with characteristic rhomboid, weakly birefringent crystals. Hyperparathyroidism is recognized in the etiology of secondary CPPD via altered calcium-phosphate metabolism.

**Confidence: HIGH**

---

## DIFFERENTIAL DIAGNOSIS:

1. **Gout (Monosodium Urate Deposition Disease)** (5%) — Recurrent acute polyarticular flares affecting wrists/knees fit acute gout pattern; however, normal serum uric acid strongly argues against this, and the crystal morphology (rhomboid, weakly birefringent) is incompatible with needle-shaped, strongly negatively birefringent monosodium urate crystals seen in gout.

2. **Rheumatoid Arthritis with Incidental Chondrocalcinosis** (8%) — Symmetric polyarticular involvement of wrists/knees could resemble RA; however, the absence of inflammatory markers mentioned, acute episodic flare pattern (rather than chronic progressive), documented intracellular crystals in synovial fluid, and lack of mention of positive rheumatoid factor/anti-CCP antibodies argue strongly against RA. Chondrocalcinosis is incidental here, not the driver.

3. **Acute Inflammatory Arthritis from Hypercalcemia (Milk-Alkali Syndrome or Vitamin D Intoxication)** (3%) — Hypercalcemia can trigger inflammatory synovitis; however, the diagnostic hallmark is PTH-mediated primary hyperparathyroidism (suppressed PTH would be expected with non-PTH causes), and crystal identification definitively points to CPPD rather than non-crystalline inflammation.

---

## KEY DISTINGUISHING FEATURES:

**Confirmatory test for primary diagnosis:**
- **Parathyroid imaging (sestamibi scan or ultrasound)** or **parathyroid hormone suppression testing** to confirm primary hyperparathyroidism as the metabolic etiology
- **Repeat synovial fluid analysis** from flare confirming CPPD crystals (already done and supportive)
- **Serum magnesium and phosphate** to assess mineral metabolism pattern consistent with hyperparathyroidism

**Test to exclude key differentials:**
- **Serum/24-hour urine uric acid** (already normal—excludes gout)
- **Rheumatoid factor, anti-CCP, ESR/CRP** (if not already obtained—to exclude RA)
- **PTH level suppression post-parathyroidectomy** would be the gold standard for confirming hyperparathyroidism as the driver

---

## REASONING CHAIN:

- **Finding → Weakly birefringent rhomboid crystals in synovial fluid**
  - **Ontology class:** Crystal arthropathy; specifically Calcium Pyrophosphate Deposition Disease (CPPD)
  - **Supports:** Secondary pseudogout because CPPD is the only crystal arthropathy with this exact crystalline morphology and birefringence pattern

- **Finding → Markedly elevated PTH with elevated serum calcium**
  - **Ontology class:** Metabolic bone disease; hyperparathyroidism etiology
  - **Supports:** Secondary CPPD because hyper","# DIFFERENTIAL DIAGNOSIS ANALYSIS

## PRIMARY DIAGNOSIS: Calcium Pyrophosphate Deposition Disease (CPDD) with Secondary Hyperparathyroidism

**Supporting evidence:** The patient presents with recurrent acute flares in wrists and knees with synovial fluid showing 28,000 WBC/mm³ (inflammatory) containing weakly positively birefringent rhomboid crystals—pathognomonic for calcium pyrophosphate dihydrate (CPPD). Radiographs demonstrate classic chondrocalcinosis in knee menisci and wrist triangular fibrocartilage. Markedly elevated PTH with hypercalcemia (11.2 mg/dL) indicates primary hyperparathyroidism as an underlying risk factor for CPDD.

**Ontology grounding:** Per ontology: ""Chondrocalcinosis"" (concept [1]) directly links to DXCPD; ""Hyperparathyroidism"" (concept [2]) explicitly associates with increased incidence of chondrocalcinosis and CPPD; ""Synovial fluid: calcium pyrophosphate crystals"" (concept [3]) with inflammatory synovial fluid confirms acute crystal-induced synovitis consistent with pseudogout.

**Confidence: High**

---

## DIFFERENTIAL DIAGNOSIS:

1. **Gout (Monosodium Urate Crystal Arthropathy)** (8%) — Recurrent acute joint flares with inflammatory synovial fluid; however, serum uric acid is **normal** (strongly argues against), and crystal morphology with weak positive birefringence is inconsistent with needle-shaped MSU crystals that are strongly negatively birefringent | Crystal identification on synovial fluid is definitive exclusion

2. **Osteoarthritis with Secondary Inflammatory Response** (5%) — Chondrocalcinosis present; however, WBC count of 28,000/mm³ with inflammatory fluid is too elevated for primary OA, and rhomboid crystals are diagnostic of CPPD, not OA debris | Crystal analysis definitively excludes this diagnosis

3. **Rheumatoid Arthritis** (2%) — Recurrent polyarticular flares in wrists and knees; however, acute inflammatory episodes with crystal-proven CPPD are inconsistent with RA, and normal serum uric acid argues against RA with secondary gout | Negative RF/anti-CCP would help exclude (not mentioned but likely negative given crystal evidence)

---

## KEY DISTINGUISHING FEATURES:

- **Crystal identification (already performed and diagnostic):** Weakly positively birefringent rhomboid crystals on compensated polarized light microscopy confirm CPPD and exclude gout
- **Serum PTH and calcium levels:** Elevated PTH (already documented) confirms secondary hyperparathyroidism as the underlying cause of CPDD
- **Additional confirmatory test:** Parathyroid imaging (sestamibi scan or ultrasound) and biochemical PTH suppression testing would localize parathyroid pathology and confirm primary hyperparathyroidism

---

## REASONING CHAIN:

- **Finding → Chondrocalcinosis in menisci and triangular fibrocartilage on X-ray**
  - Ontology class → Per concept [1]: ""Chondrocalcinosis"" with linked diagnosis DXCPD
  - Supports → **CPDD** because chondrocalcinosis in these specific locations is characteristic of calcium pyrophosphate deposition

- **Finding → Synovial fluid with 28,000 WBC/mm³ and weakly positively birefringent rhomboid crystals**
  - Ontology class → Per concept [3]: ""Synovial fluid: calcium pyrophosphate crystals"" with Type II (inflammatory) fluid classification
  - Supports → **Acute pseudogout (CPPD flare)** because inflammatory synovial fluid with diagnostic CPPD crystals confirms acute crystal-induced arthritis

- **Finding → Elevated PTH (markedly) with hypercalcemia (11.2 mg/dL)**
  - Ontology class → Per concept [2]: ""Hyperparathyroidism"" explicitly linked to DXCPD with notation of ""increased incidence of chondrocalcinosis""
  - Supports → **Secondary CPDD from primary hyperparathy"
case-009,"48-year-old man with 5-year history of plaque psoriasis presenting with inflammatory arthritis affecting distal interphalangeal joints bilaterally. Nail pitting and onycholysis present. Dactylitis of right ring finger. RF negative, anti-CCP negative. X-rays: periostitis and asymmetric joint space narrowing at DIPs.","# RHEUMATOLOGIC DIFFERENTIAL DIAGNOSIS

## PRIMARY DIAGNOSIS: Psoriatic Arthritis (PsA)

**Supporting evidence:** The patient presents with established plaque psoriasis (5-year history) combined with DIP-predominant inflammatory arthritis, nail involvement (pitting and onycholysis), and dactylitis—all cardinal features of PsA. Seronegative status (RF and anti-CCP negative) is typical of PsA and excludes rheumatoid arthritis. Radiographic findings of periostitis and asymmetric joint space narrowing at DIPs are pathognomonic for PsA, reflecting its characteristic osteoproliferative pattern.

**Confidence: High**

---

## DIFFERENTIAL DIAGNOSIS:

1. **Rheumatoid Arthritis (RA)** (8%) — Early symmetric polyarthritis can mimic PsA; however, negative RF/anti-CCP essentially excludes seropositive RA, and DIP involvement is atypical for RA (typically spares DIPs). Absence of documented rheumatoid nodules and periostitis pattern argues strongly against RA.

2. **Erosive Osteoarthritis (EOA)** (5%) — Can cause DIP involvement with erosions and asymmetric joint space narrowing; however, inflammatory presentation with dactylitis, nail changes, and documented psoriasis is inconsistent with primary EOA. EOA typically occurs in older women without systemic features.

3. **Reactive Arthritis** (2%) — Can present as seronegative polyarthritis; however, DIP involvement and nail psoriasiform changes are uncommon. Lacks the typical triggering infection history or mucocutaneous manifestations (conjunctivitis, urethritis, oral ulcers).

4. **Gout (chronic)** (2%) — Chronic tophaceous gout can affect DIPs; however, the symmetric bilateral presentation, dactylitis, nail pitting, and cutaneous psoriasis are atypical. No mention of hyperuricemia or monosodium urate crystals.

---

## KEY DISTINGUISHING FEATURES:

**Most confirmatory:**
- **Skin biopsy** of psoriatic plaques (if diagnosis uncertain)—would confirm psoriasis histologically
- **HLA-B27 testing**—positive in ~70% of PsA patients, supportive but not diagnostic
- **Inflammatory markers (ESR/CRP)**—elevated levels support active inflammatory arthritis consistent with PsA

**Most helpful to exclude alternatives:**
- **Advanced imaging (MRI or ultrasound of affected joints)**—would demonstrate inflammation in synovium and periosteum, characteristic of PsA
- **Serum uric acid level**—to exclude gout
- **Repeat serologic testing for RF/anti-CCP with high-sensitivity assays**—confirms seronegative status

---

## REASONING CHAIN:

**Finding 1:** Plaque psoriasis × 5 years
- **Ontology class:** Cutaneous manifestation of systemic inflammatory disease
- **Supports:** PsA, as ~30% of psoriatic patients develop arthritis (arthritis-first PsA is less common but occurs)

**Finding 2:** DIP-predominant inflammatory arthritis + dactylitis
- **Ontology class:** Axial/peripheral inflammatory polyarthritis with distinctive distribution
- **Supports:** PsA because DIP involvement with periostitis is pathognomonic; RA typically spares DIPs

**Finding 3:** Nail involvement (pitting, onycholysis)
- **Ontology class:** Psoriasiform nail dystrophy
- **Supports:** PsA because nail changes occur in 80% of PsA patients vs. 15% in RA, reflecting shared psoriatic pathology

**Finding 4:** RF/anti-CCP negative
- **Ontology class:** Seronegative inflammatory arthritis
- **Supports:** PsA (characteristically seronegative) and argues against seropositive RA

**Finding 5:** Periostitis + asymmetric joint space narrowing on X-ray
- **Ontology class:** Osteoproliferative inflammatory arthropathy
- **Supports:** PsA uniquely, as this ""bone proliferation alongside bone loss"" pattern is PsA's hallmark radiographic signature, distinct from RA's","# DIFFERENTIAL DIAGNOSIS CONSULTATION

## PRIMARY DIAGNOSIS: Psoriatic Arthritis (PsA)

**Supporting evidence:** The patient presents with classic features of PsA including a 5-year history of plaque psoriasis, DIP joint involvement bilaterally (the most characteristic pattern), nail pitting and onycholysis (pathognomonic skin-joint association), and dactylitis of the right ring finger. Seronegative status (RF and anti-CCP negative) further supports PsA over rheumatoid arthritis. Radiographic findings of periostitis and asymmetric joint space narrowing are typical of PsA erosive disease.

**Ontology grounding:** Per ontology [1], psoriatic arthritis presents with the clinical constellation of ""psoriatic arthritis psoriasis DIP dactylitis nail pitting sausage digit asymmetric"" — this case fulfills all five key diagnostic features. The DIP predominance and dactylitic presentation are specifically characteristic of PsA phenotypes.

**Confidence: HIGH**

---

## DIFFERENTIAL DIAGNOSIS:

1. **Rheumatoid Arthritis (10%)** — Symmetric polyarthritis pattern could suggest RA; however, DIP involvement is atypical for RA (which classically affects MCPs/PIPs), seronegative status is less common in RA, and presence of active psoriasis strongly argues against primary RA. The asymmetric pattern also favors PsA.

2. **Pseudogout/Calcium Pyrophosphate Deposition (CPPD) disease (3%)** — While synovial fluid showing calcium pyrophosphate crystals can cause inflammatory arthritis, this diagnosis does not explain: the chronic progressive course over 5 years, nail pitting, dactylitis, periostitis, or the skin manifestations of psoriasis. Would typically be episodic in a 48-year-old.

3. **Gout (2%)** — Monosodium urate crystal arthropathy could present with acute inflammation, but again does not explain chronic DIP involvement, nail disease, dactylitis, or psoriasis. Seronegative status is nonspecific.

---

## KEY DISTINGUISHING FEATURES:

**Most helpful confirmatory findings:**
- **Skin biopsy** of psoriatic plaques (if diagnosis unclear) to confirm psoriasis histology
- **High-resolution ultrasound or MRI** of DIPs showing synovitis, erosions, and periosteal new bone formation (supports PsA)
- **HLA-B27 testing** — frequently positive in PsA, though not required for diagnosis
- **Imaging with periostitis** (already present) — this periosteal reaction is relatively specific for PsA among seronegative arthropathies

---

## REASONING CHAIN:

- **Finding → DIP joint involvement bilateral + nail pitting + dactylitis + psoriasis**
  
- **Ontology class → [1] Psoriatic Arthritis (""DIP dactylitis nail pitting sausage digit asymmetric"")**
  
- **Supports → Psoriatic Arthritis** because DIP predominance is the single most discriminating feature separating PsA from RA, and when coupled with active psoriasis and nail disease, it is pathognomonic

---

- **Finding → RF negative + Anti-CCP negative + seronegative status**
  
- **Ontology class → [4] Rheumatoid Arthritis (typically RF+/Anti-CCP+)**
  
- **Supports → Against RA** because seronegative presentation is less consistent with primary RA, and the absence of MCP/PIP predominance further excludes classic RA

---

- **Finding → Asymmetric distribution + periostitis on X-ray + dactylitis**
  
- **Ontology class → [1] Psoriatic Arthritis (""asymmetric"" pattern explicitly listed)**
  
- **Supports → Psoriatic Arthritis** because asymmetric polyarthritis with periosteal reactions is a hallmark of PsA erosive disease and distinguishes it from the typically symmetric pattern of RA

---

## SUMMARY CONCLUSION:

This case presents **classic psoriatic arthritis** with high diagnostic confidence. The constellation of plaque psoriasis, DIP-predominant polyarthritis, nail involvement"
case-010,"35-year-old man with 5-year history of plaque psoriasis now developing inflammatory low back pain worse at night, improving with exercise. Imaging shows non-marginal asymmetric syndesmophytes at L3-L5 and asymmetric sacroiliitis on MRI. HLA-B27 positive. RF negative, anti-CCP negative. No peripheral joint swelling.","# RHEUMATOLOGIC DIFFERENTIAL DIAGNOSIS

## PRIMARY DIAGNOSIS: Psoriatic Arthritis (PsA) - Axial Predominant Form

**Supporting evidence:** The patient presents with established plaque psoriasis (5-year duration) now manifesting inflammatory axial disease characterized by inflammatory back pain (nocturnal pain, exercise-responsive) and asymmetric sacroiliitis with non-marginal syndesmophytes on imaging—a radiographic pattern highly characteristic of PsA rather than ankylosing spondylitis. HLA-B27 positivity is present in ~60% of axial PsA, and the absence of peripheral arthritis with negative RF/anti-CCP excludes rheumatoid arthritis.

**Ontology grounding:** Per spondyloarthropathy classification: PsA fulfills criteria as an HLA-B27-associated seronegative spondyloarthropathy with extra-articular manifestation (psoriasis) and axial involvement with characteristic imaging findings (asymmetric syndesmophytes, sacroiliitis).

**Confidence: High**

---

## DIFFERENTIAL DIAGNOSIS:

1. **Ankylosing Spondylitis (AS)** (15%) 
   - *Supports:* HLA-B27 positive; inflammatory back pain pattern; sacroiliitis and syndesmophytes on imaging; male gender; typical age of onset
   - *Against:* Psoriasis is established prior manifestation (not coincidental); syndesmophytes are **non-marginal and asymmetric** (AS typically shows marginal, symmetric progression); no peripheral joint involvement typical of PsA-axial subtype

2. **Undifferentiated Spondyloarthropathy** (10%)
   - *Supports:* HLA-B27 positive; axial inflammation; seronegative profile
   - *Against:* Established psoriasis is a defining extra-articular feature pointing toward PsA classification; imaging findings are specific enough to warrant PsA diagnosis rather than remaining undifferentiated

3. **Reactive Arthritis (ReA)** (5%)
   - *Supports:* Seronegative; HLA-B27 associated; can present with axial disease
   - *Against:* No documented preceding GI or GU infection; 5-year psoriasis history predates joint symptoms (ReA typically acute onset post-infection); no mucocutaneous lesions or ocular involvement mentioned; chronicity argues against ReA

4. **Enteropathic Arthritis** (5%)
   - *Supports:* Seronegative spondyloarthropathy; axial disease possible
   - *Against:* No reported inflammatory bowel disease; psoriasis rather than bowel manifestation is defining extra-articular feature; no GI symptoms documented

---

## KEY DISTINGUISHING FEATURES:

**Most helpful confirmatory finding:** 
- **Clinical examination for peripheral arthritis and dactylitis** — PsA commonly manifests asymmetric oligoarthritis in DIP/PIP joints and dactylitis even with axial predominance; their presence would strongly confirm PsA over AS
- **Assessment of nail involvement** (onycholysis, pitting, ridging) — strongly suggests PsA
- **Inflammatory markers (ESR, CRP)** — typically elevated in active PsA; helps confirm inflammatory burden
- **MRI assessment of entheseal involvement** — common in PsA (Achilles insertion, plantar fascia) vs. AS

---

## REASONING CHAIN:

- **Finding → Clinical presentation**
  - 5-year plaque psoriasis + new inflammatory back pain (nocturnal, exercise-responsive)
  
- **Finding → Imaging pattern**
  - Asymmetric, non-marginal syndesmophytes + asymmetric sacroiliitis (NOT the marginal, symmetric pattern of AS)

- **Finding → Serologic profile**
  - HLA-B27 positive + RF/anti-CCP negative = seronegative spondyloarthropathy

- **Ontology class → Spondyloarthropathy spectrum**
  - HLA-B27-associated condition with extra-articular manifestation

- **Supports → Psoriatic Arthritis (axial-predominant subtype)**
  - Because the combination of established psoriasis, asymmetric radiographic findings, seroneg","# STRUCTURED DIFFERENTIAL DIAGNOSIS

PRIMARY DIAGNOSIS: **Psoriatic Spondylitis (Psoriatic Arthritis with Axial Manifestations)**

Supporting evidence: The patient has a documented 5-year history of plaque psoriasis with new-onset inflammatory back pain showing a characteristic nocturnal predominance that improves with exercise—classic inflammatory back pain pattern. Imaging reveals non-marginal asymmetric syndesmophytes at L3-L5 and asymmetric sacroiliitis, which are hallmark radiological features of psoriatic spondylitis rather than ankylosing spondylitis. The HLA-B27 positivity, negative RF/anti-CCP, and absence of peripheral joint swelling are entirely compatible with axial-predominant psoriatic disease.

Ontology grounding: Per ontology, non-marginal syndesmophytes that ""arise from a broad zone on the vertebrae, and tend to spare the anterior surfaces"" are specifically characteristic of psoriasis and Reiter's syndrome, not the marginal syndesmophytes of ankylosing spondylitis. Additionally, asymmetric sacroiliitis is noted as ""less common"" in ankylosing spondylitis but ""not uncommon"" in psoriatic spondylitis, directly supporting this diagnosis over AS.

Confidence: **High**

---

## DIFFERENTIAL DIAGNOSIS:

1. **Ankylosing Spondylitis (AS)** (15-20%) — HLA-B27 positive with inflammatory back pain and sacroiliitis present | Strongly argues against: non-marginal syndesmophytes are atypical for AS (which classically presents with marginal syndesmophytes); asymmetric pattern is uncommon in pure AS; documented psoriasis predates spinal symptoms, making psoriatic arthritis more parsimonious.

2. **Reiter's Disease/Reactive Arthritis** (5-10%) — Can present with asymmetric syndesmophytes, sacroiliitis, and HLA-B27 positivity | Argues against: no documented preceding or concurrent genitourinary infection, conjunctivitis, or mucosal ulceration; psoriasis not typically a feature of Reiter's disease; absence of peripheral arthritis makes systemic reactive arthritis less likely.

3. **Enteropathic Arthritis (IBD-associated)** (3-5%) — Can cause sacroiliitis and spondylitis | Argues against: no history of inflammatory bowel disease symptoms; psoriasis is the primary dermatological finding (not primary GI disease); asymmetric non-marginal syndesmophytes more characteristic of psoriatic than enteropathic disease.

---

## KEY DISTINGUISHING FEATURES:

**Most helpful confirmatory test/finding:**
- **Clinical assessment for additional psoriatic features**: Examine for nail pitting, onycholysis, DIP joint involvement, or dactylitis, which would strongly confirm psoriatic arthritis as the diagnosis (per ontology: ""nail pitting"" and ""dactylitis"" are clinical keywords for psoriatic arthritis)
- **Skin/nail biopsy confirmation**: Although less critical given clear psoriasis history, histopathological confirmation would be definitive
- **Response to TNF inhibitor therapy**: Psoriatic arthritis shows dramatic response to TNF inhibitors, whereas AS response is variable; this therapeutic distinction can help confirm diagnosis in practice

---

## REASONING CHAIN:

- **Finding → Syndesmophyte morphology**: Non-marginal, asymmetric syndesmophytes at L3-L5
  - **Ontology class → Syndesmophytes**: Per ontology, non-marginal syndesmophytes that arise from broad vertebral zones and spare anterior surfaces are characteristic of psoriasis and Reiter's syndrome, distinguishing them from AS
  - **Supports → Psoriatic Spondylitis** because the radiological pattern precisely matches the psoriasis subtype rather than marginal AS pattern

- **Finding → Sacroiliac joint involvement**: Asymmetric sacroiliitis on MRI
  - **Ontology class → Sacroiliitis pattern**: Per ontology, asymmetric sacroiliitis is ""not uncommon"" in psoriatic spondylitis but less common in pure ankylosing spondylitis (which typically presents symmetrically)
  - **Supports → Psoriatic Spondylitis** because asymmetry is the"
case-011,"24-year-old man with 3-year history of morning low back stiffness and night pain waking him from sleep, both improving with exercise and movement. MRI shows bilateral symmetric sacroiliitis with subchondral bone marrow edema. X-ray thoracolumbar junction: thin vertical marginal syndesmophytes bilaterally. HLA-B27 positive. ESR 38 mm/hr.","# DIFFERENTIAL DIAGNOSIS CONSULTATION

## PRIMARY DIAGNOSIS: Ankylosing Spondylitis (AS)

**Supporting evidence:** The patient presents with the classic triad of AS: inflammatory back pain (morning stiffness improving with exercise, night pain), bilateral symmetric sacroiliitis on MRI with bone marrow edema, and vertical marginal syndesmophytes on spinal imaging. HLA-B27 positivity and elevated inflammatory markers (ESR 38 mm/hr) in a young male with this presentation are pathognomonic for AS.

**Ontology grounding:** Per SNOMED CT and diagnostic criteria ontologies: bilateral sacroiliitis (SNOMED 203989001) + HLA-B27 positivity (genetic marker for spondyloarthropathy) + syndesmophytes (SNOMED 204360008, pathognomonic spinal finding in AS) + inflammatory back pain phenotype fulfill modified New York criteria for definite AS.

**Confidence:** **High**

---

## DIFFERENTIAL DIAGNOSIS:

1. **Non-Radiographic Axial Spondyloarthritis (nr-axSpA)** (5%) — MRI shows sacroiliitis with bone marrow edema meeting imaging criteria; HLA-B27 positive with inflammatory markers elevated | However, this patient has RADIOGRAPHIC evidence (syndesmophytes visible on plain X-ray), which definitively excludes nr-axSpA and confirms radiographic AS

2. **Reactive Arthritis/Enteropathic Spondyloarthritis** (3%) — Can present with sacroiliitis and HLA-B27 association | Lacks constitutional trigger (no recent GI/GU infection documented), lacks extra-articular features (conjunctivitis, urethritis, or IBD symptoms), and the marginal syndesmophytes are too characteristic of AS; these conditions typically show asymmetric or non-progressive sacroiliitis

3. **Behçet's Disease with Spinal Involvement** (2%) — Can cause inflammatory back pain and axial disease | No documented oral/genital ulcers, ocular involvement, or skin lesions; sacroiliitis in Behçet's is rare and typically less symmetric; HLA-B27 association is much stronger in AS

---

## KEY DISTINGUISHING FEATURES:

The **presence of marginal syndesmophytes on plain radiography** is the single most diagnostic finding, as these pathognomonic bony bridges are virtually pathognomonic for AS (or AS-like conditions) and definitively exclude non-radiographic spondyloarthropathy. Additional confirmatory testing would include:
- **BASDAI and BASFI scores** to assess disease activity and functional impact
- **HLA-B27 subtyping** (if available) and investigation for other genetic markers (ERAP1, IL-23R)
- **Colonoscopy** to exclude subclinical inflammatory bowel disease (present in 5-10% of AS patients)

---

## REASONING CHAIN:

- **Finding → Bilateral symmetric sacroiliitis with subchondral bone marrow edema on MRI**
  - Ontology class: ""Sacroiliitis, bilateral"" (SNOMED 203989001)
  - Supports **AS** because bilateral sacroiliitis is the hallmark imaging finding and diagnostic criterion (modified New York criteria)

- **Finding → Vertical marginal syndesmophytes on thoracolumbar imaging**
  - Ontology class: ""Syndesmophyte formation"" (pathognomonic spinal finding)
  - Supports **AS** because syndesmophytes represent ossification of spinal ligaments, characteristic of AS progression and virtually diagnostic in this clinical context

- **Finding → HLA-B27 positivity + inflammatory back pain phenotype (morning stiffness improving with activity, night pain)**
  - Ontology class: ""Spondyloarthropathy genetic susceptibility"" + ""Inflammatory back pain""
  - Supports **AS** because HLA-B27 is present in >90% of AS patients, and inflammatory mechanical back pain (not mechanical) is the defining clinical phenotype

- **Finding → Age 24, male, elevated ESR (38 mm/hr)**
  - Ontology class: ""Axial spondyloarthropathy in young males""
  - Supports **AS** because typical onset is 15-40 years, male predominance 3:1, and systemic inflammation","# RHEUMATOLOGY DIFFERENTIAL DIAGNOSIS CONSULTATION

## PRIMARY DIAGNOSIS: Ankylosing Spondylitis (AS)

**Supporting evidence:** This 24-year-old man presents with the pathognomonic triad of inflammatory back pain (morning stiffness and night pain improving with exercise), bilateral symmetric sacroiliitis on MRI with subchondral bone marrow edema, and marginal syndesmophytes on spinal imaging—all classic features of AS. HLA-B27 positivity and elevated inflammatory markers (ESR 38 mm/hr) further support this diagnosis, which typically presents in young males with this exact clinical and radiological picture.

**Ontology grounding:** Per ontology: ""Symmetrical sacroiliitis is a characteristic finding of ankylosing spondylitis"" [1]; ""Lumbar spine pain and/or morning stiffness or night pain of the back, improving with motion"" is ""a typical complaint of ankylosing spondylitis"" [3]; ""marginal syndesmophytes"" (described in the spinal ligaments as they attach to vertebral bodies) are a hallmark of AS [4]; HLA-B27 is a core clinical keyword for ankylosing spondylitis [2].

**Confidence:** **High (92%)**

---

## DIFFERENTIAL DIAGNOSIS:

1. **Reactive Arthritis (Reiter's Syndrome)** (6%) — HLA-B27 positive, can present with sacroiliitis and spondylitis; asymmetric sacroiliitis and non-marginal ""massive"" syndesmophytes would be more typical [1, 4]. | *Argues against:* Bilateral SYMMETRIC sacroiliitis and marginal syndesmophytes are characteristic of AS, not Reiter's; no mention of urethritis, conjunctivitis, or mucocutaneous lesions; 3-year isolated spinal disease without extra-articular manifestations is atypical.

2. **Enteropathic Spondyloarthritis** (1.5%) — HLA-B27 associated, can cause sacroiliitis and spondylitis with syndesmophytes [1]. | *Argues against:* No history of inflammatory bowel disease (Crohn's, ulcerative colitis); symmetric pattern favors AS; no GI symptoms mentioned; lacks the typical asymmetric radiological pattern of enteropathic disease.

3. **Psoriatic Spondylitis** (0.5%) — HLA-B27 can be positive; capable of producing sacroiliitis and syndesmophytes. | *Argues against:* No psoriatic skin/nail involvement reported; marginal rather than non-marginal syndesmophytes; symmetric rather than asymmetric pattern; HLA-B27 is less frequently positive in psoriatic arthritis; lacks peripheral joint involvement typical of psoriatic disease.

---

## KEY DISTINGUISHING FEATURES:

The diagnosis of AS is essentially confirmed by the constellation of findings present. To definitively exclude mimics and assess disease severity/prognosis:

- **BASRI/mSASSS scoring** of spine imaging to quantify structural damage and assess spinal fusion risk
- **Clinical sacroiliac joint stress testing** (FABER, PATRICK test, sacral compression) to correlate imaging with clinical findings [5]
- **Peripheral joint examination** (knees, hips, shoulders) and ultrasound/MRI if clinically indicated, to rule out enteropathic or other SpA variants with polyarticular involvement
- **Ophthalmologic evaluation** for uveitis (occurs in ~25% of AS), distinguishing from reactive arthritis where it may occur with skin involvement
- **Comprehensive skin/nail/GI history** to exclude psoriatic disease or IBD-associated spondylitis
- **Consider HLA-B27 disease monitoring** (inflammatory markers trending, BASDAI/BASFI functional scores) for prognostication

---

## REASONING CHAIN:

- **Finding:** Bilateral symmetric sacroiliitis with subchondral bone marrow edema on MRI
  - Ontology class: Sacroiliitis characteristic pattern [1]
  - Supports: **Ankylosing Spondylitis** because symmetry is pathognomonic for AS rather than asymmetric patterns of Reiter's or enteropathic disease

- **Finding:** Marginal syndesmophytes at thoracolumbar"
case-012,"29-year-old man presenting with acute painful red right eye with photophobia and blurred vision. Slit lamp examination confirms acute anterior uveitis with cells and flare in anterior chamber. History of 2-year inflammatory low back pain with morning stiffness greater than 1 hour improving with movement, alternating buttock pain. HLA-B27 positive.","# DIFFERENTIAL DIAGNOSIS CONSULTATION

## PRIMARY DIAGNOSIS: Ankylosing Spondylitis (AS)

**Supporting evidence:** The patient presents with a classic triad of HLA-B27 positivity, chronic inflammatory back pain with morning stiffness >1 hour improving with movement, and acute anterior uveitis. AS is the prototypical seronegative spondyloarthropathy associated with both axial skeletal inflammation and extra-articular manifestations, particularly acute anterior uveitis. The 2-year history of alternating buttock pain is highly suggestive of sacroiliitis.

**Ontology grounding:** Per ontology: ""Ankylosing Spondylitis"" is strongly linked to HLA-B27, sacroiliitis, inflammatory back pain, and morning stiffness (concept [3]). The patient's acute anterior uveitis is explicitly documented as ""one of the signs of juvenile rheumatoid arthritis (especially of pauciarticular onset), ankylosing spondylitis, Reiter's syndrome, or sarcoidosis"" (concept [2]). Additionally, the inflammatory back pain pattern matching ""Lumbar spine pain and/or morning stiffness or night pain of the back, improving with motion"" is noted as typical for ankylosing spondylitis (concept [5]).

**Confidence:** High

---

## DIFFERENTIAL DIAGNOSIS:

1. **Reactive Arthritis/Reiter's Syndrome (15%)** — HLA-B27 association and acute anterior uveitis are consistent with this seronegative spondyloarthropathy | Lacks documented urethritis, conjunctivitis, or preceding gastrointestinal/genitourinary infection; the 2-year chronic back pain history is atypical for reactive arthritis which usually follows acute triggers.

2. **Juvenile Idiopathic Arthritis (pauciarticular) (10%)** — Can present with chronic uveitis (often asymptomatic) and positive HLA-B27; chronic arthritis pattern compatible | Age (29) is beyond typical JIA onset; male sex and HLA-B27 positivity are less typical; lacks documented polyarticular involvement.

3. **Acute Arthritis Following Surgery/Illness (5%)** — Per ontology, sudden arthritis onset can follow major illness | No recent surgery or acute illness documented; back pain is chronic (2-year duration), not acute post-surgical onset; this would not explain the HLA-B27 association or typical inflammatory pattern.

---

## KEY DISTINGUISHING FEATURES:

**Most helpful confirmatory findings:**
- **Pelvic/sacral imaging (X-ray or MRI):** Bilateral sacroiliitis on imaging would be pathognomonic for AS and essentially diagnostic. Bilateral symmetric sacroiliitis is the hallmark finding required for AS diagnosis.
- **HLA-B27 testing:** Already positive (✓), which significantly increases AS probability in this clinical context.
- **Inflammatory markers:** Elevated ESR and/or CRP would support active inflammatory disease and help confirm AS diagnosis.
- **Ophthalmology follow-up:** Confirm absence of posterior uveitis (which would favor sarcoidosis) and document clinical course of anterior uveitis.

---

## REASONING CHAIN:

- **Finding → Acute anterior uveitis with photophobia and slit lamp confirmation**  
  **Ontology class →** ""Acute anterior uveitis or iridocyclitis or hypopyon"" (concept [1]) and ""Chronic uveitis or iridocyclitis"" with documented association to ankylosing spondylitis (concept [2])  
  **Supports →** AS because acute anterior uveitis occurs in 25-40% of AS patients and is one of the most common extra-articular manifestations of the disease.

- **Finding → 2-year history of inflammatory low back pain with morning stiffness >1 hour improving with movement**  
  **Ontology class →** ""Lumbar spine pain and/or morning stiffness...improving with motion"" with direct diagnostic relevance to ankylosing spondylitis (concept [5])  
  **Supports →** AS because this pattern of inflammatory back pain that improves with activity (not rest) is pathognomonic for axial spondyloarthropathy and distinguishes it from mechanical back pain.

- **Finding → Alternating buttock pain + HLA-B27 ","# Rheumatologic Differential Diagnosis: Acute Anterior Uveitis with Spondyloarthropathy Features

---

## PRIMARY DIAGNOSIS: Ankylosing Spondylitis (AS) with Anterior Uveitis

**Supporting evidence:** The patient presents with the classic triad of AS: inflammatory axial spondyloarthritis (2-year history of inflammatory low back pain with morning stiffness >1 hour improving with activity), HLA-B27 positivity, and acute anterior uveitis. Anterior uveitis occurs in 20-30% of AS patients and is one of the most common extra-articular manifestations. The acute presentation with photophobia, cells/flare on slit lamp, and young male demographic (peak onset 20-40 years) aligns perfectly with AS-associated uveitis.

**Ontology grounding:** Per standard rheumatologic classification systems: inflammatory axial arthritis + HLA-B27 + extra-articular ocular manifestation fulfills diagnostic criteria for seronegative spondyloarthropathy, specifically AS.

**Confidence:** **High**

---

## DIFFERENTIAL DIAGNOSIS:

1. **Reactive Arthritis/Enteropathic Arthritis (15%)** — HLA-B27 positivity and spondylitic features present; history of inflammatory bowel disease or preceding infection would support this. | Argues against: No mention of GI symptoms, preceding infection, or urethritis; anterior uveitis is less common in reactive arthritis than AS.

2. **Psoriatic Arthritis with Spondylitic Features (10%)** — Can present with HLA-B27+ axial disease and uveitis; asymmetric peripheral joint involvement occasionally occurs. | Argues against: No mention of psoriatic skin/nail lesions, asymmetric arthritis, or dactylitis in the clinical presentation.

3. **Behçet's Disease (8%)** — Presents with anterior uveitis and can cause inflammatory arthritis; young male demographic fits. | Argues against: No mention of recurrent oral/genital ulcers, posterior uveitis, or vasculitic features; inflammatory back pain pattern doesn't fit well.

4. **Idiopathic Anterior Uveitis (7%)** — Acute anterior chamber inflammation can occur without systemic disease. | Argues against: The specific pattern of inflammatory back pain with morning stiffness and HLA-B27 positivity makes systemic spondyloarthropathy far more likely than truly idiopathic disease.

---

## KEY DISTINGUISHING FEATURES:

**Most helpful confirmatory tests:**
- **Lumbar/sacroiliac imaging (X-ray or MRI):** Sacroiliitis on imaging is cardinal for AS diagnosis; MRI particularly sensitive for early inflammatory changes
- **ASAS Classification Criteria assessment:** Complete application would definitively classify as axial spondyloarthritis
- **Complete peripheral joint examination & inflammatory markers (CRP/ESR):** Document axial vs. peripheral predominance and systemic inflammation

**What would support alternate diagnoses:**
- History of diarrhea/IBD or skin/nail psoriasis would shift toward reactive arthritis or PsA
- Oral/genital ulcers, systemic vasculitis signs would suggest Behçet's
- Peripheral joint involvement pattern (asymmetric, oligoarticular) would favor PsA over AS

---

## REASONING CHAIN:

- **Finding → Inflammatory low back pain with morning stiffness >1 hour improving with movement**
  - Ontology class → *Inflammatory Axial Spondyloarthritis*
  - Supports → AS because this is the pathognomonic presentation distinguishing inflammatory from mechanical back pain

- **Finding → HLA-B27 positivity**
  - Ontology class → *Seronegative Spondyloarthropathy Genetic Predisposition*
  - Supports → AS because HLA-B27 is present in 90% of AS patients and is foundational to ASAS criteria

- **Finding → Acute anterior uveitis with anterior chamber cells/flare**
  - Ontology class → *Extra-articular Manifestation of Spondyloarthropathy*
  - Supports → AS because anterior uveitis is the most common ocular manifestation of AS (specificity ~95% when combined with axial disease in HLA-B"
case-013,"67-year-old woman with 6-week bilateral shoulder and hip girdle pain and profound morning stiffness, unable to raise arms above shoulder height. ESR 82 mm/hr, CRP 4.8 mg/dL. RF negative, ANA negative, CK normal. Prednisone 15mg/day initiated with dramatic symptom improvement within 48 hours. No headache, no jaw claudication, no visual symptoms.","# RHEUMATOLOGY DIFFERENTIAL DIAGNOSIS CONSULTATION

## PRIMARY DIAGNOSIS: Giant Cell Arteritis (Temporal Arteritis)

**Supporting evidence:** 67-year-old woman with classic presentation of polymyalgia rheumatica (PMR) syndrome—bilateral shoulder and hip girdle pain with profound morning stiffness and dramatic response to low-dose prednisone within 48 hours. Markedly elevated inflammatory markers (ESR 82 mm/hr, CRP 4.8 mg/dL) in appropriate age group. Negative autoimmune serology (RF, ANA) rules out primary rheumatologic diseases and is consistent with GCA/PMR.

**Ontology grounding:** GCA represents a large-vessel vasculitis in the EULAR/ACR classification framework with PMR as a clinical syndrome strongly associated with GCA diagnosis; elevated acute phase reactants are cardinal diagnostic features in the vasculitis ontology category.

**Confidence:** High

---

## DIFFERENTIAL DIAGNOSIS:

1. **Polymyalgia Rheumatica (PMR) without GCA (15-20%)** — Identical clinical presentation with dramatic corticosteroid response; symmetric shoulder/hip girdle involvement; elevated ESR/CRP. | Absence of cranial symptoms (headache, temporal artery tenderness, jaw claudication, visual symptoms) argues against active GCA, though ~15-20% of PMR patients have biopsy-proven GCA without constitutional symptoms; temporal artery biopsy would be definitive.

2. **Seronegative Rheumatoid Arthritis (10-15%)** — Age and female sex appropriate; could present with shoulder pain; elevated ESR/CRP; RF negative (seronegative RA possible). | Bilateral hip involvement without specific joint synovitis on exam makes this less likely; morning stiffness typically less profound; corticosteroid response less dramatic and durable; lack of specific joint erosions on imaging would be expected by now.

3. **Systemic Lupus Erythematosus (SLE) (5-10%)** — Can present with shoulder/hip arthritis and morning stiffness; elevated inflammatory markers. | ANA negative (positive in >95% of SLE) is highly specific against this diagnosis; absence of malar rash, photosensitivity, serositis, or cytopenias; CK normal argues against myositis; corticosteroid monotherapy response too rapid for SLE typically.

4. **Inclusion Body Myositis or Polymyositis (5%)** — Can cause shoulder girdle weakness and morning stiffness. | Normal CK is highly specific against primary myositis; weakness described as pain-limited, not true myopathy; EMG/muscle biopsy would be abnormal in myositis (not done but expected if suspected).

5. **Hypothyroidism (3-5%)** — Can cause shoulder pain, stiffness, fatigue. | Does not explain dramatic prednisone response within 48 hours; elevated acute phase reactants nonspecific; thyroid function testing needed to exclude.

---

## KEY DISTINGUISHING FEATURES:

**Temporal artery biopsy** (TAB) remains the gold standard to confirm GCA and exclude PMR-only diagnosis—particularly critical given the 10-15% risk of GCA-related serious vascular complications (stroke, vision loss, aortic dissection). Urgent erythrocyte sedimentation rate trending and clinical vigilance for new cranial/visual symptoms are essential during corticosteroid tapering.

**Additional supportive testing:**
- Temporal artery ultrasound (halo sign, compression elastography) or PET-CT if high clinical suspicion and TAB contraindicated
- Baseline ophthalmology evaluation to exclude subclinical ischemic optic neuropathy
- Monitor prednisone taper trajectory (typical PMR requires 2-5 years; GCA often requires longer)

---

## REASONING CHAIN:

- **Finding → Clinical presentation:** Bilateral symmetric shoulder/hip girdle pain + profound morning stiffness + inability to raise arms in woman >60 years
- **Ontology class → Large-vessel vasculitis (GCA/PMR syndrome)**
- **Supports GCA/PMR** because this constellation is pathognomonic for PMR, and ~15-20% of PMR patients harbor biopsy-proven GCA

---

- **Finding:** ESR 82 mm/hr","# DIFFERENTIAL DIAGNOSIS CONSULTATION

## PRIMARY DIAGNOSIS: Polymyalgia Rheumatica (PMR)

**Supporting evidence:** A 67-year-old woman presents with bilateral proximal shoulder and hip girdle pain with profound morning stiffness, markedly elevated inflammatory markers (ESR 82 mm/hr, CRP 4.8 mg/dL), and dramatic response to low-dose prednisone (15mg/day) within 48 hours—all classic for PMR. Negative RF and ANA exclude rheumatoid arthritis and connective tissue disease, while normal CK excludes myositis.

**Ontology grounding:** Per ontology: ""Polymyalgia Rheumatica"" concept directly aligns with proximal stiffness in shoulder and hip girdle distribution in elderly patient, elevated ESR, and steroid-responsive presentation. ""Favorable response to treatment"" concept specifically links corticosteroids as diagnostic and therapeutic confirmation for PMR.

**Confidence: HIGH**

---

## DIFFERENTIAL DIAGNOSIS:

1. **Giant Cell (Temporal) Arteritis (GCA) with PMR overlap** (15-20%) — GCA can coexist with PMR in ~15% of cases, both presenting with elevated ESR and steroid-responsiveness; however, **argues against:** no headache, jaw claudication, visual symptoms, or temporal artery tenderness reported, making isolated GCA unlikely.

2. **Rheumatoid Arthritis (Seronegative)** (5%) — Seronegative RA can present with polyarticular morning stiffness and elevated ESR; **argues against:** absence of small joint involvement, RF and CCP-negative serology, and the dramatic 48-hour response is far more typical of PMR than RA induction.

3. **Ankylosing Spondylitis (AS) with Extra-articular Manifestations** (3-5%) — Morning stiffness improving with motion is noted in ontology as typical of AS; **argues against:** no axial spine pain reported, no HLA-B27 testing mentioned, symmetric hip/shoulder girdle pattern atypical for AS, and the acute dramatic corticosteroid response is not characteristic of AS.

4. **Polymyositis/Dermatomyositis** (2%) — Proximal weakness and morning stiffness overlap with PMR presentation; **argues against:** normal CK essentially excludes myositis, and lack of skin findings or myopathy-specific features.

---

## KEY DISTINGUISHING FEATURES:

**To confirm PMR diagnosis:**
- **Temporal artery biopsy or imaging (PET-CT, ultrasound):** Essential to exclude concurrent GCA, particularly given age and elevated ESR—this is the single most important test to determine if GCA treatment (higher steroid doses) is needed.
- **Response trajectory:** Continued excellent response to prednisone 15mg/day over 2-4 weeks with ability to taper below 10mg/day supports PMR; inadequate response or requirement for higher doses suggests GCA or alternative diagnosis.
- **Repeat inflammatory markers in 4-6 weeks:** Should normalize with appropriate steroid dose, confirming PMR.

---

## REASONING CHAIN:

- **Finding:** Bilateral proximal shoulder and hip girdle pain with profound morning stiffness in 67-year-old woman
  - **Ontology class:** ""Polymyalgia Rheumatica"" (proximal distribution in elderly) + ""Lumbar spine pain and morning stiffness"" (though here it's girdle-distributed)
  - **Supports:** PMR because this girdle-pattern morning stiffness with age >60 is pathognomonic for PMR

- **Finding:** ESR 82 mm/hr, CRP 4.8 mg/dL with negative RF, ANA, normal CK
  - **Ontology class:** Inflammatory markers + negative serologies
  - **Supports:** PMR because high ESR/CRP with negative serologies is the expected laboratory pattern; normal CK excludes myositis

- **Finding:** Dramatic symptom improvement within 48 hours of prednisone 15mg/day
  - **Ontology class:** ""Favorable response to treatment"" (corticosteroids for PMR)
  - **Supports:** PMR because this rapid, near-complete response to modest steroid doses is virtually diagnostic and is explicitly recognized as a"
case-014,"71-year-old man with 8-week bilateral proximal shoulder and hip girdle aching and stiffness, 2-hour morning stiffness. ESR 74 mm/hr, CRP 5.1 mg/dL. CK normal. No skin findings. No headache, no temporal tenderness, no jaw symptoms, no visual disturbance. Responded dramatically to prednisone 20mg within 72 hours.","# Rheumatologic Differential Diagnosis

## PRIMARY DIAGNOSIS: Giant Cell Arteritis (Temporal Arteritis)

**Supporting evidence:** Age >70 with classic PMR phenotype (bilateral shoulder/hip girdle pain and stiffness), markedly elevated ESR (74 mm/hr), and dramatic response to moderate-dose prednisone within 72 hours are the hallmark presentation of GCA. Approximately 15-20% of GCA patients present with isolated PMR-like syndrome without cranial symptoms, making this the most likely unifying diagnosis in this elderly male.

**Ontology grounding:** Per inflammatory vasculitis ontology: GCA fulfills diagnostic criteria as a large-vessel vasculitis with constitutional symptoms (ESR elevation >50 mm/hr) and myalgia/stiffness in the elderly; the dramatic glucocorticoid response is pathognomonic for vasculitic inflammation.

**Confidence:** **High**

---

## DIFFERENTIAL DIAGNOSIS:

1. **Polymyalgia Rheumatica (PMR) without GCA** (25-35%) — Identical clinical presentation: age, bilateral shoulder/hip pain, morning stiffness, ESR elevation, rapid corticosteroid response | GCA cannot be excluded without temporal artery biopsy or imaging; 15-20% of clinically apparent PMR actually represents GCA; lack of cranial symptoms does not exclude arteritis

2. **Seronegative Rheumatoid Arthritis** (8-12%) — Bilateral symmetric proximal joint involvement with morning stiffness and ESR elevation could fit RA pattern | CRP is relatively modest (5.1), RF/anti-CCP not mentioned but typically elevated in RA; dramatic response to 20mg prednisone in 72 hours is faster than typical RA response; normal CK and no systemic features; age and acute onset less typical

3. **Systemic Lupus Erythematosus (SLE)** (3-5%) — Can present with proximal myalgia, elevated inflammatory markers in elderly | Male gender uncommon for SLE; no mention of photosensitivity, oral ulcers, rash, or serology (ANA); the dramatic corticosteroid response is nonspecific; CK normal argues against myositis

4. **Drug-Induced or Statin-Related Myopathy** (2-3%) — Could cause myalgia and stiffness | CK is explicitly normal (myopathy typically elevates CK); medication history not provided; ESR elevation to 74 is disproportionate for muscle inflammation alone

5. **Malignancy-Associated Paraneoplastic Syndrome** (1-2%) — Elderly age; constitutional symptoms (ESR elevation) could reflect occult malignancy | No weight loss, night sweats, or constitutional symptoms mentioned; no lymphadenopathy or organomegaly described; paraneoplastic syndromes rarely respond as dramatically to corticosteroids alone

---

## KEY DISTINGUISHING FEATURES:

**Most critical next step:** **Temporal artery biopsy (or temporal artery ultrasound/contrast-enhanced MRI of large vessels)** to definitively distinguish GCA from isolated PMR. This is urgent because:
- GCA requires higher maintenance corticosteroid doses to prevent vascular complications (stroke, MI, blindness)
- PMR can be managed with lower doses
- A positive biopsy demonstrating granulomatous inflammation with giant cells confirms GCA and changes long-term management strategy

**Secondary supporting tests:**
- Complete temporal artery/scalp ultrasound (halo sign, compression elastography) — non-invasive first-line imaging
- Contrast-enhanced MRI of aorta and great vessels if suspecting large-vessel GCA
- Baseline ophthalmology exam to establish visual function before vascular events
- Repeat ESR/CRP at baseline and during taper to monitor disease activity

---

## REASONING CHAIN:

- **Finding → Age 71 + bilateral proximal shoulder/hip pain + 2-hour morning stiffness**
  - **Ontology class →** Inflammatory myalgia syndrome in the elderly
  - **Supports →** GCA/PMR because this constellation is pathognomonic for inflammatory arthralgia in patients >60

- **Finding → ESR 74 mm/hr (marked elevation) + normal CK**
  - **Ontology class →** Systemic inflammatory response without myonecr","# RHEUMATOLOGY CONSULTATION: DIFFERENTIAL DIAGNOSIS

## PRIMARY DIAGNOSIS: Polymyalgia Rheumatica (PMR)

**Supporting evidence:** A 71-year-old man presents with bilateral proximal shoulder and hip girdle pain and stiffness lasting 8 weeks with 2-hour morning stiffness—the classic clinical triad of PMR. Laboratory findings show markedly elevated ESR (74 mm/hr) and elevated CRP (5.1 mg/dL) with normal CK, excluding myositis. The dramatic response to prednisone 20 mg within 72 hours is pathognomonic for PMR and represents the gold-standard confirmatory finding for this diagnosis.

**Ontology grounding:** Per ontology: ""Polymyalgia Rheumatica"" concept directly encompasses proximal stiffness, shoulder-hip girdle involvement, elevated ESR, and steroid responsiveness. The ""Favorable response to treatment"" ontology specifically lists corticosteroids for PMR as having diagnostic implications, confirming this clinical response pattern.

**Confidence: HIGH**

---

## DIFFERENTIAL DIAGNOSIS:

1. **Giant Cell Arteritis (GCA)** (8–12%) — Shares age, elevated inflammatory markers, and dramatic steroid response; can coexist with PMR in ~15–20% of cases | Argues against: No headache, no temporal tenderness, no jaw claudication, no visual disturbance, and no features of large-vessel disease; normal CK argues against myositis from arteritis.

2. **Inflammatory Myositis (Polymyositis/Dermatomyositis)** (3–5%) — Proximal weakness and elevated inflammatory markers could fit | Argues against: CK is normal (would be markedly elevated in active myositis); no skin findings (rash would be present in dermatomyositis); proximal *stiffness* with preserved strength is more typical of PMR than myositis.

3. **Rheumatoid Arthritis (RA)** (5–8%) — Can present with proximal stiffness and morning stiffness in elderly | Argues against: RA typically involves small joints (hands, wrists) with polyarticular pattern; no mention of joint swelling; ESR/CRP elevation is less dramatic than typical RA; rapid steroid response within 72 hours is atypical for RA (usually requires weeks).

4. **Ankylosing Spondylitis (AS)** (2–4%) — Lumbar/spine inflammation can cause morning stiffness | Argues against: AS typically presents earlier in life (mean age 25–40); no mention of axial spine pain or sacroiliitis on imaging; presentation is predominantly girdle-based, not spinal; young male predominance vs. elderly male here.

5. **Systemic Lupus Erythematosus (SLE)** (1–3%) — Can cause arthralgias and elevated inflammatory markers | Argues against: Rare in elderly males; no constitutional symptoms, rash, or photosensitivity mentioned; rapid steroid response is less typical; would expect positive ANA/anti-dsDNA (not mentioned).

---

## KEY DISTINGUISHING FEATURES:

**To confirm PMR diagnosis:**
- **Temporal artery ultrasound or biopsy** — Would definitively rule in/out concurrent GCA (critical, as ~15–20% of PMR patients have GCA)
- **Adjunctive labs:** ANA, rheumatoid factor, anti-CCP antibodies — negative in PMR, positive in RA/SLE
- **Muscle imaging (MRI shoulder/hip):** Would show synovitis/bursitis pattern in PMR; would show myositis with edema in inflammatory myositis
- **Clinical trial:** Continue low-dose prednisone; PMR typically requires maintenance therapy at 5–10 mg daily for 1–2 years

---

## REASONING CHAIN:

- **Finding:** Bilateral proximal shoulder and hip girdle aching with 2-hour morning stiffness in 71-year-old male  
  → **Ontology class:** ""Polymyalgia Rheumatica"" (proximal stiffness, shoulder-hip girdle pattern)  
  → **Supports PMR** because this is the canonical clinical presentation in elderly patients.

- **Finding:** ESR 74 mm/hr + C"
case-015,"28-year-old man with asymmetric oligoarthritis of right knee and left ankle developing 3 weeks after an episode of bloody diarrhea confirmed as Salmonella enteritidis on stool culture. Also reporting recent urethral discharge. Mild bilateral conjunctivitis. HLA-B27 positive. RF negative, anti-CCP negative, ANA negative.","# RHEUMATOLOGIC DIFFERENTIAL DIAGNOSIS

## PRIMARY DIAGNOSIS: Reactive Arthritis (Enteropathic)

**Supporting evidence:** The clinical presentation exemplifies the classic triad of reactive arthritis: (1) asymmetric oligoarthritis (right knee, left ankle) occurring 3 weeks post-documented Salmonella enteritidis gastroenteritis; (2) mucocutaneous involvement (urethral discharge and bilateral conjunctivitis); (3) HLA-B27 positivity, a strong genetic predisposition factor present in >80% of reactive arthritis cases. The temporal relationship between the gastrointestinal infection and arthritis onset is pathognomonic for enteropathic reactive arthritis.

**Ontology grounding:** Per ontology: Bacterial infection (proven, recent or current) represents a triggering factor for reactive arthritis. The documented Salmonella enteritidis infection satisfies the infectious trigger criterion. Additionally, the inflammatory synovial fluid pattern (expected WBC 1,000-50,000/cu mm with PMN predominance in reactive arthritis) would align with Type II (inflammatory) synovial fluid classification.

**Confidence: High**

---

## DIFFERENTIAL DIAGNOSIS:

1. **Septic Arthritis/Bacterial Arthritis (5%)** — Salmonella can cause direct bacterial joint seeding; fever would be expected; joint aspiration with Gram stain/culture would be diagnostic. | *Against:* No fever reported, 3-week delay unusual for acute septic arthritis (typically <1 week), oligoarticular pattern atypical for bacteremia-seeded arthritis, and negative serology suggests non-suppurative process.

2. **Rheumatoid Arthritis (8%)** — Asymmetric oligoarthritis is compatible; can present acutely. | *Against:* RF and anti-CCP both negative (highly sensitive/specific for RA), HLA-B27 positivity argues against RA, temporal relationship to infection is atypical for RA onset, and young male demographic less typical.

3. **Inflammatory Bowel Disease-Associated Arthropathy (12%)** — Salmonella infection can trigger IBD flares; HLA-B27+ status increases susceptibility. | *Against:* No mention of chronic diarrhea, weight loss, or constitutional symptoms; isolated bloody diarrhea episode is acute, not chronic; would expect colitic symptoms to predominate.

4. **Gonococcal Arthritis-Dermatitis Syndrome (10%)** — Urethral discharge suggests genitourinary involvement; disseminated gonorrhea causes oligoarthritis and skin manifestations. | *Against:* Conjunctivitis would be less typical of gonorrhea (versus keratitis); temporal relationship to Salmonella gastroenteritis rather than sexual exposure history; would expect pustular skin lesions rather than simple arthritis.

5. **SLE or Other Systemic Autoimmune Disease (8%)** — Can present with oligoarthritis and conjunctivitis. | *Against:* ANA negative (argues strongly against SLE), RF and anti-CCP negative, no other serologic markers of systemic disease, temporal relationship to infection atypical.

---

## KEY DISTINGUISHING FEATURES:

**Synovial fluid analysis** would be the most definitive discriminator:
- **Septic arthritis:** Synovial WBC >50,000/cu mm with >90% PMNs, positive Gram stain/culture for Salmonella, low glucose, high LDH
- **Reactive arthritis:** Synovial WBC 1,000-50,000/cu mm with PMN predominance, **negative cultures** (sterile inflammatory fluid), normal/near-normal glucose, elevated LDH

Additional supportive tests:
- **Stool culture follow-up** to confirm persistent vs. cleared Salmonella infection
- **HLA-B27 genotyping confirmation** (already positive—supports reactive arthritis)
- **Urethral swab culture/NAAT** to exclude gonorrhea (also HLA-B27 associated)
- **Inflammatory markers:** ESR and CRP expected to be elevated in reactive arthritis

---

## REASONING CHAIN:

- **Finding → Asymmetric oligoarthritis 3 weeks post-Salmonella gastroenteritis**
  - Ontology class → Enterop","# RHEUMATOLOGY DIFFERENTIAL DIAGNOSIS CONSULTATION

## PRIMARY DIAGNOSIS: Reactive Arthritis (Reiter's Syndrome)

**Supporting evidence:** The classic triad presentation—asymmetric oligoarthritis (right knee, left ankle) following documented enteric infection (Salmonella enteritidis), urethritis (urethral discharge), and mucocutaneous involvement (bilateral conjunctivitis)—is pathognomonic for reactive arthritis. HLA-B27 positivity is present in 60-80% of reactive arthritis cases and significantly increases disease susceptibility. The 3-week post-infectious interval and negative rheumatoid/anti-nuclear serologies further support this diagnosis.

**Ontology grounding:** Reactive arthritis is classified as an HLA-B27-associated spondyloarthropathy with post-infectious triggering; the constellation of arthritis + urogenital + ocular inflammation fulfills the diagnostic triad defining this entity.

**Confidence: High**

---

## DIFFERENTIAL DIAGNOSIS:

1. **Acute Rheumatic Fever (5%)** — Post-infectious presentation with polyarthritis and conjunctivitis; however, ARF typically follows Group A Streptococcal pharyngitis (not Salmonella), presents with migratory polyarthritis rather than asymmetric oligoarthritis, lacks urethritis, and would show ANA or RF positivity more commonly in some presentations | Against: GI pathogen rather than streptococcal trigger; HLA-B27 positivity uncommon in ARF; no carditis or nodules reported

2. **Inflammatory Bowel Disease-Associated Arthropathy (15%)** — Recent bloody diarrhea (Salmonella) could theoretically mask underlying IBD; HLA-B27 positivity supports enteropathic arthritis risk; oligoarthritis pattern compatible | Against: Salmonella culture confirms acute infectious gastroenteritis; no history of chronic GI symptoms, weight loss, or systemic features; typical IBD-arthritis affects larger joints; urethritis and conjunctivitis not primary IBD features

3. **Early Ankylosing Spondylitis (10%)** — HLA-B27 positivity present; oligoarthritis can precede axial involvement | Against: Typically affects large joints and spine preferentially in AS; ocular involvement (iritis, not conjunctivitis) and urethritis are not primary AS manifestations; acute post-infectious trigger atypical; asymmetric peripheral pattern less typical for AS initiation

4. **Gonococcal Arthritis-Dermatitis Syndrome (5%)** — Can present with urethritis and oligoarthritis; similar post-infectious timeline | Against: No mention of pustular rash typical of disseminated gonococcal infection; negative gonorrhea/urinalysis history not mentioned; Salmonella documented as etiologic agent; conjunctivitis is not characteristic of gonococcal arthritis

---

## KEY DISTINGUISHING FEATURES:

**Most helpful confirmatory tests:**
- **HLA-B27 molecular typing** (already positive—supports diagnosis)
- **Stool culture follow-up** for persistent Salmonella detection (organisms may persist in reactive arthritis)
- **Synovial fluid analysis** of affected joint: sterile, inflammatory (WBC 2,000-50,000), predominantly neutrophilic—*absence of organism growth distinguishes reactive from septic arthritis*
- **Pelvic ultrasound or urethroscopy** to exclude anatomic urethritis abnormality
- **Ophthalmologic exam**: non-purulent conjunctivitis vs. iritis (reactive arthritis commonly progresses to anterior uveitis)

---

## REASONING CHAIN:

- **Finding → Bloody diarrhea + positive Salmonella culture**
  - Ontology class → Post-infectious trigger/Enteropathic syndrome
  - Supports → Reactive arthritis because enteric gram-negative organisms (Salmonella, Shigella, Yersinia) are well-established HLA-B27-dependent reactive arthritis triggers

- **Finding → Urethral discharge**
  - Ontology class → Genitourinary involvement/Urethritis
  - Supports → Reactive arthritis because urethritis (often sterile) is a cardinal feature of Reiter's triad and occurs in 30-60% of reactive arthritis cases"
case-016,"68-year-old woman with acute swollen painful right knee. Synovial fluid aspiration: WBC 24,000/mm3 with 80% PMNs. Crystal analysis under polarized microscopy shows rhomboid crystals with weak positive birefringence (calcium pyrophosphate deposition). X-rays both knees: chondrocalcinosis of menisci. Serum uric acid 4.2 mg/dL (normal). No tophi.","# RHEUMATOLOGY DIFFERENTIAL DIAGNOSIS

## PRIMARY DIAGNOSIS: Acute Pseudogout (CPPD - Calcium Pyrophosphate Deposition Disease)

**Supporting evidence:** The synovial fluid demonstrates classic inflammatory findings (WBC 24,000/mm³ with 80% PMNs consistent with Type II inflammatory fluid) combined with pathognomonic rhomboid crystals showing weak positive birefringence—the diagnostic hallmark of calcium pyrophosphate deposition. Bilateral chondrocalcinosis on X-rays confirms chronic calcium pyrophosphate deposition in articular cartilage, and the acute monoarticular presentation is typical of pseudogout flares.

**Ontology grounding:** Per ontology [3]: ""pseudogout calcium pyrophosphate CPPD chondrocalcinosis rhomboid crystals positively birefringent"" directly matches this presentation. Per ontology [4]: Chondrocalcinosis in both knees is explicitly linked to DXCPD diagnosis. Per ontology [1] and [2]: Type II inflammatory synovial fluid with calcium pyrophosphate crystals is characteristic of acute crystal-induced synovitis (pseudogout).

**Confidence: High**

---

## DIFFERENTIAL DIAGNOSIS:

1. **Acute Gout (Monosodium Urate Crystal Arthritis)** (10%) — Could present with acute monoarticular arthritis and inflammatory synovial fluid; serum uric acid is normal (argues against gout, which typically occurs with hyperuricemia); crystal morphology is needle-shaped, not rhomboid (crystal analysis excludes this) | Excluded by normal uric acid, absence of tophi, and definitive identification of CPP (not MSU) crystals on microscopy

2. **Septic Arthritis** (5%) — Presents with acute monoarticular swelling, fever potential, and inflammatory fluid; synovial fluid culture was negative (case states this); WBC count can overlap | Synovial fluid culture negative argues strongly against this; no mention of fever or constitutional symptoms; normal metabolic markers

3. **Rheumatoid Arthritis with Acute Flare** (3%) — Can present with acute inflammatory arthritis; inflammatory synovial fluid would be expected | No mention of polyarticular involvement, negative RF/anti-CCP status not provided but monoarticular presentation atypical; crystal identification definitively excludes RA as primary diagnosis

---

## KEY DISTINGUISHING FEATURES:

**Most helpful confirmatory test:**
- **Repeat synovial fluid analysis if diagnosis remains uncertain:** Intracellular calcium pyrophosphate crystals phagocytosed within PMNs are pathognomonic for CPPD and would be present on repeat aspiration during acute flare
- **Serum calcium and phosphate levels:** To assess for secondary CPPD causes (hyperparathyroidism noted in ontology [5] as a relevant concomitant disease)
- **Imaging follow-up:** Progressive chondrocalcinosis pattern over time confirms CPPD rather than transient crystal shedding

---

## REASONING CHAIN:

- **Finding #1:** Rhomboid crystals with weak positive birefringence on polarized microscopy
  - **Ontology class → Crystal-induced synovitis, Type II inflammatory synovial fluid**
  - **Supports → CPPD (pseudogout)** because rhomboid geometry and birefringence pattern are pathognomonic for calcium pyrophosphate

- **Finding #2:** Bilateral chondrocalcinosis on knee X-rays
  - **Ontology class → Chondrocalcinosis present [4]**
  - **Supports → CPPD** because calcification of meniscal and articular cartilage indicates chronic calcium pyrophosphate deposition disease

- **Finding #3:** Elevated synovial WBC (24,000/mm³) with 80% PMNs + negative culture
  - **Ontology class → Type II inflammatory synovial fluid**
  - **Supports → Acute pseudogout flare** because inflammatory cell response to crystal shedding is characteristic, and negative culture excludes infectious arthritis

- **Finding #4:** Normal serum uric acid (4.2 mg/dL) + no tophi
  - **Ontology exclusion → Gout unlikely**
  - **Supports → CPP","# RHEUMATOLOGIC DIFFERENTIAL DIAGNOSIS

## PRIMARY DIAGNOSIS: Acute Pseudogout (Calcium Pyrophosphate Deposition Disease - CPPD, acute inflammatory presentation)

**Supporting evidence:** Acute monoarticular knee arthritis with synovial fluid showing inflammatory profile (WBC 24,000/mm³, 80% PMNs) and pathognomonic rhomboid crystals with weak positive birefringence (calcium pyrophosphate) on polarized microscopy, combined with radiographic chondrocalcinosis of menisci bilaterally confirming chronic CPPD burden.

**Ontology grounding:** Per rheumatic disease classification: acute crystal-induced arthropathy characterized by intracellular CPPD crystals within synovial fluid monocytes/neutrophils fulfills diagnostic criteria for acute pseudogout per American College of Rheumatology crystal arthropathy guidelines.

**Confidence:** **High**

---

## DIFFERENTIAL DIAGNOSIS:

1. **Gout (acute monoarticular gouty arthritis)** (5-10%) — Acute monoarticular presentation with inflammatory synovial fluid (WBC 24,000/mm³) fits; knee involvement possible though less typical | **Argues against:** Serum uric acid is normal (4.2 mg/dL); no needle-shaped crystals with strong negative birefringence described; no tophi; crystal morphology and birefringence properties definitively exclude gout

2. **Septic arthritis (bacterial infection)** (3-5%) — Acute knee monoarthritis with high inflammatory synovial WBC could suggest infection | **Argues against:** No mention of fever, systemic toxicity, or elevated inflammatory markers; crystal analysis definitively identified calcium pyrophosphate; positive cultures/Gram stain not reported; clinical presentation more consistent with crystal arthropathy

3. **Acute rheumatoid arthritis or seronegative spondyloarthropathy** (2-5%) — Can present with acute joint swelling and inflammation | **Argues against:** Monoarticular presentation atypical for RA; crystal analysis confirms crystalline etiology; inflammatory markers not mentioned but typical inflammatory polyarthritis pattern absent; definitive crystal identification makes autoimmune arthritis unlikely

---

## KEY DISTINGUISHING FEATURES:

**Most helpful confirmatory tests:**
- **Synovial fluid Gram stain and culture** → to definitively exclude septic arthritis (critical if clinical suspicion remains high)
- **Serum magnesium, phosphate, alkaline phosphatase** → assess for metabolic factors promoting CPPD crystal formation (hypomagnesemia, chronic kidney disease)
- **Response to NSAIDs or colchicine within 48-72 hours** → pseudogout typically demonstrates dramatic clinical response; poor response would raise concern for alternative diagnosis
- **Parathyroid hormone level** → screen for hyperparathyroidism (associated with CPPD in ~5% of cases)

---

## REASONING CHAIN:

- **Finding → Acute presentation:** Right knee monoarthritis with acute onset and pain/swelling
- **Ontology class → Crystal-induced arthropathy, inflammatory synovial reaction**
- **Supports → Acute pseudogout** because crystalline arthropathies present with acute inflammatory synovitis triggered by crystal shedding into joint space

---

- **Finding → Crystal analysis result:** Rhomboid crystals, weak positive birefringence
- **Ontology class → Calcium pyrophosphate deposition disease (CPPD), intracellular monosodium urate-negative crystals**
- **Supports → Pseudogout** because rhomboid morphology with weak positive birefringence is pathognomonic for CPPD (specifically distinguishes from needle-shaped, strongly negatively birefringent monosodium urate in gout)

---

- **Finding → Bilateral chondrocalcinosis on plain radiographs**
- **Ontology class → Chronic CPPD burden, age-related calcium pyrophosphate deposition**
- **Supports → Pseudogout** because chondrocalcinosis reflects chronic crystal deposition; acute inflammatory episode represents acute-on-chronic CPPD disease with episodic inflammation

---

- **Finding → Normal serum uric acid (4.2 mg/dL) + no tophi**
- **Ont"
case-017,"42-year-old woman with 18-month history of widespread musculoskeletal pain, profound fatigue, and non-restorative sleep. Tender points elicited at 14 of 18 classic fibromyalgia anatomical sites on examination. No synovitis. ESR 12 mm/hr, CRP normal, CBC normal, TSH normal. ANA negative, RF negative, anti-CCP negative.","# RHEUMATOLOGY DIFFERENTIAL DIAGNOSIS CONSULTATION

## PRIMARY DIAGNOSIS: Fibromyalgia Syndrome
**Supporting evidence:** The patient presents with the cardinal triad of fibromyalgia: widespread musculoskeletal pain, non-restorative sleep disturbance, and profound fatigue persisting for 18 months. Physical examination demonstrates tender points at 14 of 18 classic anatomical sites, meeting diagnostic criteria. Critically, negative inflammatory markers (ESR, CRP), absent synovitis on examination, and negative autoimmune serology (ANA, RF, anti-CCP) exclude primary inflammatory rheumatic diseases.

**Ontology grounding:** Fibromyalgia is classified within the ontology as a non-inflammatory central sensitization disorder characterized by widespread pain amplification, sleep dysfunction, and cognitive/mood disturbance—distinct from inflammatory polyarthropathies.

**Confidence:** **High**

---

## DIFFERENTIAL DIAGNOSIS:

### 1. Systemic Lupus Erythematosus (5%)
— **Supports:** Can present with arthralgia/myalgia, fatigue, and sleep disturbance | **Against:** Negative ANA is highly sensitive (>99%) for SLE; absence of characteristic rash, photosensitivity, or objective arthritis; normal CBC argues against cytopenias; ESR/CRP normal (SLE typically elevates CRP)

### 2. Rheumatoid Arthritis (3%)
— **Supports:** Can present with fatigue and diffuse pain | **Against:** RF and anti-CCP both negative (>95% specificity when combined); no synovitis on examination; normal inflammatory markers; 18-month indolent course without erosive disease progression would be atypical

### 3. Hypothyroidism (8%)
— **Supports:** Causes fatigue, myalgia, and non-restorative sleep | **Against:** TSH normal excludes primary hypothyroidism; tender point distribution doesn't fit myxedema pattern; hypothyroidism alone doesn't explain widespread tender point tenderness

### 4. Major Depressive Disorder with Somatic Symptom Disorder (15%)
— **Supports:** Depression commonly co-occurs with fibromyalgia; fatigue and sleep disturbance are prominent in both; cognitive symptoms may be present | **Against:** While mood disorder may be comorbid, the specific 14/18 tender point distribution is characteristic of fibromyalgia and distinct from pure psychological distress; objective physical findings present

### 5. Chronic Fatigue Syndrome/Myalgic Encephalomyelitis (12%)
— **Supports:** Similar presentation with post-exertional malaise, unrefreshing sleep, widespread pain, and fatigue; negative inflammatory workup | **Against:** No specific mention of post-exertional malaise (cardinal feature); CFS/ME typically involves cognitive dysfunction (""brain fog"") prominence not mentioned; fibromyalgia tender points are more diagnostically specific

### 6. Polymyalgia Rheumatica (2%)
— **Supports:** Can cause widespread pain and fatigue | **Against:** Patient age 42 is well below typical presentation (>50 years); no temporal artery involvement signs; ESR normal (typically markedly elevated >50 mm/hr in PMR); bilateral hip/shoulder girdle stiffness not specifically mentioned

### 7. Early/Seronegative Inflammatory Arthropathy (5%)
— **Supports:** Can present seronegatively; fatigue is common | **Against:** No synovitis on examination; no mention of morning stiffness, joint swelling, or asymmetric pattern; inflammatory markers normal; tender point distribution doesn't fit polyarticular pattern

---

## KEY DISTINGUISHING FEATURES:

**Most helpful confirmatory tests/findings:**
1. **Sleep study polysomnography:** Would demonstrate non-restorative sleep architecture (alpha-wave intrusion, reduced slow-wave sleep) characteristic of fibromyalgia
2. **Temporal progression:** Absence of progressive joint destruction on serial radiographs would support fibromyalgia over erosive inflammatory disease
3. **Detailed mood/anxiety screening:** Establish presence/absence of depression (common comorbidity but not required for diagnosis)
4. **Response to trial therapy:** Response to pregabalin or duloxetine (FDA-approved for fibromyalgia) would be supportive; dramatic response to NSAIDs would argue against fibrom","# DIFFERENTIAL DIAGNOSIS CONSULTATION

PRIMARY DIAGNOSIS: Primary Fibromyalgia Syndrome
Supporting evidence: The patient meets diagnostic criteria with 14 of 18 tender points at classic fibromyalgia anatomical sites, combined with the cardinal triad of widespread musculoskeletal pain, profound fatigue, and non-restorative sleep over 18 months. Notably absent are objective inflammatory markers (normal ESR, CRP) and serological abnormalities (negative ANA, RF, anti-CCP), making inflammatory rheumatic disease unlikely.
Ontology grounding: Per ontology [1]: ""Number of tender points consistent with fibrositis"" (relevance 0.773) directly establishes that the presence of typical tender points at characteristic locations is a diagnostic sign in primary fibromyalgia.
Confidence: **High**

---

## DIFFERENTIAL DIAGNOSIS:

1. **Polymyalgia Rheumatica (PMR)** (8-12%) 
   — *Supports:* Age 42 is atypical but possible; proximal pain distribution could overlap; fatigue present | *Against:* PMR predominantly affects age >50; would expect significantly elevated ESR (typically >40 mm/hr); no clear proximal girdle predominance described; tender point distribution is characteristic of fibromyalgia, not PMR's typical pattern
   
2. **Systemic Lupus Erythematosus (SLE)** (3-5%)
   — *Supports:* Fatigue and widespread musculoskeletal pain are common; female patient in typical age range | *Against:* ANA negative essentially excludes SLE (>95% sensitivity); no mention of photosensitivity, malar rash, serositis, or other organ involvement; normal complement levels would be expected
   
3. **Early Rheumatoid Arthritis** (5-8%)
   — *Supports:* Could present with widespread pain and fatigue initially | *Against:* Absent synovitis on examination; negative RF and anti-CCP make RA diagnosis highly unlikely; 18-month duration without inflammatory markers or joint damage would be extremely atypical

4. **Hypothyroidism (subclinical or missed)** (2-3%)
   — *Supports:* Fatigue, muscle pain, and non-restorative sleep overlap; can mimic fibromyalgia | *Against:* TSH normal rules out clinically significant thyroid dysfunction; no cold intolerance, weight gain, or bradycardia mentioned

---

## KEY DISTINGUISHING FEATURES:

The most helpful confirmatory test would be **reassessment of fibromyalgia diagnostic criteria using validated instruments** (e.g., Widespread Pain Index and Symptom Severity Scale from 2016 ACR criteria) to objectively quantify symptom burden and confirm fibromyalgia diagnosis. Additionally, consider:
- **Sleep study** if available to objectively document non-restorative sleep patterns
- **Functional MRI or PET imaging** (research setting) to identify central sensitization, though not routinely clinically necessary
- **Repeat ANA and ESR** in 6 months if symptoms worsen unexpectedly, to exclude evolving systemic disease

---

## REASONING CHAIN:

- **Finding → Clinical presentation:** 18-month history of widespread pain, fatigue, non-restorative sleep with 14/18 tender points
  - **Ontology class → Fibromyalgia diagnostic criteria:** Per ontology [1], tender points at classic anatomical sites are diagnostic signs of primary fibromyalgia (DXFIB)
  - **Supports → Primary Fibromyalgia** because this constellation represents the pathognomonic presentation of fibromyalgia syndrome

- **Finding → Negative inflammatory markers:** Normal ESR, CRP, CBC; negative RF, anti-CCP, ANA
  - **Ontology class → Exclusionary criteria for inflammatory rheumatic disease:** These serologies would be abnormal in RA (ontology [3]: RF/anti-CCP), SLE (ontology: ANA), and PMR (ontology [2]: elevated ESR)
  - **Supports → Primary Fibromyalgia** because absence of inflammation argues strongly against autoimmune/inflammatory etiology

- **Finding → Absent synovitis on examination**
  - **Ontology class → Non-inflammatory arthralgia:** Fibromyalgia characteristically lacks"
case-018,"55-year-old man on hydralazine for hypertension for 3 years presenting with polyarthritis, pleuritis, and fatigue over past 2 months. ANA positive (1:160, homogeneous pattern). Antihistone antibodies strongly positive. Anti-dsDNA negative. Complement C3 and C4 normal. No nephritis, no cytopenia, no renal involvement.","# RHEUMATOLOGIC DIFFERENTIAL DIAGNOSIS

PRIMARY DIAGNOSIS: Drug-Induced Lupus Erythematosus (Hydralazine-Associated)
Supporting evidence: 55-year-old on hydralazine for 3 years presents with polyarthritis and pleuritis; strongly positive antihistone antibodies are pathognomonic for drug-induced lupus; negative anti-dsDNA and normal complement levels are characteristic of DILE and argue against idiopathic SLE.
Ontology grounding: Per ontology: Anti-DNA antibodies are considered diagnostic for SLE, but this patient's negative anti-dsDNA result and the clinical presentation with strong antihistone positivity specifically indicate drug-induced rather than primary lupus etiology.
Confidence: **High**

---

## DIFFERENTIAL DIAGNOSIS:

1. **Systemic Lupus Erythematosus (SLE)** (15-20%) — ANA positive with homogeneous pattern and polyarthritis/pleuritis fit SLE criteria | However, negative anti-dsDNA, normal complement levels, absent nephritis/cytopenia, and strongly positive antihistones make idiopathic SLE unlikely; drug-induced lupus is far more probable in this hydralazine-exposed patient.

2. **Seronegative Rheumatoid Arthritis** (5-10%) — Polyarthritis with systemic features (pleuritis, fatigue) can occur | ANA positivity at this titer with antihistone pattern is non-specific for RA; lack of RF/anti-CCP mentioned; hydralazine exposure makes DILE far more likely.

3. **Hypersensitivity Vasculitis** (5%) — Can present with systemic symptoms | Polyarthritis and pleuritis are not typical for hypersensitivity vasculitis; skin involvement not described in case.

---

## KEY DISTINGUISHING FEATURES:

**Most helpful confirmatory test:** 
- **Antihistone antibody titer** (already strongly positive—highly specific for DILE)
- **Temporal relationship:** Resolution of symptoms within weeks to months after hydralazine discontinuation would be diagnostic
- **Anti-Ro/La antibodies:** Negative in DILE; positive in ~40-50% of idiopathic SLE (would help exclude SLE)
- **Clinical response:** Improvement on NSAIDs or low-dose corticosteroids without immunosuppression supports DILE over SLE

---

## REASONING CHAIN:

- **Finding → Hydralazine exposure for 3 years**
  - Ontology class → Drug-induced autoimmune disease
  - Supports → Drug-induced lupus because hydralazine is a classical inducer of DILE with dose/duration dependent risk

- **Finding → Strongly positive antihistone antibodies**
  - Ontology class → Autoimmune serology profile
  - Supports → Drug-induced lupus because antihistones are highly specific (>95%) for DILE and rare in idiopathic SLE

- **Finding → Negative anti-dsDNA with normal C3/C4**
  - Ontology class → Complement activation and immune complex formation
  - Supports → Drug-induced lupus because active SLE typically shows anti-dsDNA positivity and low complement; the normal complement argues against active SLE-associated immune complex glomerulonephritis

- **Finding → Absent nephritis/cytopenia despite ANA positivity**
  - Ontology class → SLE organ involvement criteria
  - Supports → Drug-induced lupus because this clinical restraint with maintained normal renal function is characteristic of DILE, which typically spares kidneys

---

## CLINICAL MANAGEMENT RECOMMENDATION:

**Immediate action:** Discontinue hydralazine and switch to alternative antihypertensive (e.g., lisinopril, labetalol). Expect symptom resolution within 2-12 weeks. Initiate NSAIDs or low-dose prednisone (≤20 mg/day) as bridge therapy. Repeat serology at 3 months post-discontinuation (antihistone levels should decline).","# RHEUMATOLOGIC DIFFERENTIAL DIAGNOSIS

## PRIMARY DIAGNOSIS: Drug-Induced Lupus Erythematosus (DILE)

**Supporting evidence:** Patient has classic temporal relationship with hydralazine exposure (3 years), positive antihistone antibodies (strongly positive—hallmark of DILE), and absence of key lupus features (negative anti-dsDNA, normal complement levels, no nephritis or cytopenias). The clinical triad of polyarthritis, pleuritis, and constitutional symptoms aligns perfectly with DILE presentation.

**Ontology grounding:** Per rheumatologic classification systems, antihistone antibody positivity with normal anti-dsDNA and normal complement represent a distinct DILE phenotype distinguishing it from idiopathic SLE.

**Confidence: High**

---

## DIFFERENTIAL DIAGNOSIS:

1. **Systemic Lupus Erythematosus (SLE)** (15-20%) — Supports: ANA positive (1:160), polyarthritis, pleuritis, systemic symptoms | Argues against: antihistone antibodies far more specific for DILE; anti-dsDNA negative is atypical for active SLE; normal complement C3/C4 argues against immune complex disease; 3-year drug exposure is temporal anchor
   
2. **Rheumatoid Arthritis (RA)** (5-10%) — Supports: polyarthritis, systemic fatigue | Argues against: pleuritis without nodules; positive ANA with negative rheumatoid factor not provided; antihistone antibodies essentially never positive in RA; lacks typical symmetrical small joint pattern
   
3. **Systemic Sclerosis-Overlap Syndrome** (5%) — Supports: constitutional symptoms, pleuritis | Argues against: no mention of skin tightening, Raynaud's, or esophageal dysmotility; antihistone antibodies not characteristic; polyarthritis more prominent than typical

4. **Idiopathic Pleuritis with Reactive Polyarthritis** (5%) — Supports: pleuritis and arthritis symptoms | Argues against: does not explain positive ANA and antihistone antibodies; lacks infectious or malignant workup context

---

## KEY DISTINGUISHING FEATURES:

**Most diagnostic test:** Repeat ANA/antihistone panel after **discontinuation of hydralazine** for 4-8 weeks. DILE characteristically shows resolution of antibodies and clinical improvement within 2-3 months of drug cessation, whereas idiopathic SLE persists. Additional confirmatory step would be **HLA-DQ testing** (HLA-DQ2/DQ8 enrichment in DILE populations) and checking for **anti-histone H1/H2B patterns** which are most specific for drug-induced disease.

---

## REASONING CHAIN:

- **Finding → Hydralazine exposure × 3 years**
  - Ontology class → *Drug-induced autoimmune disease, medication-related systemic inflammation*
  - Supports → DILE because hydralazine is among the highest-risk agents (up to 5-20% incidence of DILE)

- **Finding → Strongly positive antihistone antibodies**
  - Ontology class → *Specific lupus-like autoantibody*
  - Supports → DILE because antihistone positivity occurs in >95% of DILE cases but only 40% of idiopathic SLE; distinguishes drug-induced from primary SLE

- **Finding → Anti-dsDNA negative, normal C3/C4**
  - Ontology class → *Absence of Class IV lupus nephritis indicators, preserved immune homeostasis*
  - Supports → DILE because idiopathic SLE with active polyarthritis and pleuritis typically activates complement cascade with depressed levels; normal complement argues against tissue-damaging immune complex disease

- **Finding → Absence of nephritis/cytopenia**
  - Ontology class → *Organ-sparing presentation*
  - Supports → DILE because these represent severe SLE manifestations; DILE classically spares kidneys and rarely causes hematologic involvement

---

## CLINICAL MANAGEMENT RECOMMENDATION:

**Next step:** Discuss hydralazine discontinuation and substitution with alternative antihypertensive (e.g., amlodipine, li"
case-019,"38-year-old woman with acute bilateral ankle arthritis and tender nodular lesions over both shins (erythema nodosum). Chest X-ray: bilateral hilar lymphadenopathy. Serum ACE elevated at 88 U/L. ESR 56 mm/hr. RF negative. Joint aspiration from ankle: WBC 1,200/mm3 (non-inflammatory). Spontaneous resolution over 6 weeks.","# STRUCTURED DIFFERENTIAL DIAGNOSIS

## PRIMARY DIAGNOSIS: Sarcoidosis (Löfgren Syndrome)

**Supporting evidence:** The classic triad of acute bilateral hilar lymphadenopathy, erythema nodosum (tender nodular shin lesions), and acute polyarthritis in a middle-aged woman with elevated serum ACE (88 U/L) is pathognomonic for Löfgren syndrome, the acute presentation of pulmonary sarcoidosis. The non-inflammatory synovial fluid (WBC 1,200/mm³) with spontaneous resolution over 6 weeks is typical of sarcoid arthritis. RF negativity excludes rheumatoid arthritis.

**Ontology grounding:** Per ontology: Non-inflammatory synovial fluid (WBC 200-2,000/mm³, culture negative) is consistent with early/subsiding inflammation patterns. While the ontology lists sarcoidosis indirectly through systemic inflammatory conditions, the clinical presentation fits the documented synovial fluid profile for non-erosive arthropathies.

**Confidence: High**

---

## DIFFERENTIAL DIAGNOSIS:

1. **Tuberculosis (TB arthritis with systemic involvement)** (15%) 
   — *Supports:* Bilateral hilar lymphadenopathy, elevated ESR, systemic inflammation | *Against:* Lack of constitutional symptoms (fever, weight loss), non-inflammatory synovial fluid (TB typically shows Type III inflammatory fluid), rapid spontaneous resolution inconsistent with TB course, no mention of granulomas on biopsy

2. **Systemic Lupus Erythematosus (SLE)** (8%) 
   — *Supports:* Acute polyarthritis, elevated ESR, systemic manifestations | *Against:* RF/ANA not mentioned but typically positive in SLE, erythema nodosum rare in SLE (more typical of sarcoidosis/TB), non-inflammatory synovial fluid argues against lupus, bilateral hilar lymphadenopathy atypical for SLE

3. **Acute Rheumatoid Arthritis** (5%) 
   — *Supports:* Bilateral symmetric ankle arthritis, elevated ESR | *Against:* RF negative (argues strongly against RA), erythema nodosum not typical initial presentation, elevated ACE not explained by RA, non-inflammatory synovial fluid incompatible with early RA which shows Type III inflammatory fluid

4. **Inflammatory Bowel Disease-Associated Arthropathy** (5%) 
   — *Supports:* Can present with acute polyarthritis and systemic symptoms | *Against:* No GI symptoms mentioned, hilar lymphadenopathy and erythema nodosum less typical, elevated ACE not characteristic, lacks temporal relationship to bowel disease

---

## KEY DISTINGUISHING FEATURES:

**Most helpful confirmatory tests:**
- **Chest CT with dedicated mediastinal imaging** to characterize hilar adenopathy pattern (right paratracheal and right hilar involvement most typical of sarcoidosis)
- **Transbronchial lung biopsy or mediastinal lymph node biopsy** showing non-caseating granulomas (diagnostic for sarcoidosis, would exclude TB which shows caseating granulomas)
- **ACE level monitoring** (persistently elevated in active sarcoidosis; would normalize in resolving Löfgren)
- **Skin biopsy of erythema nodosum** (shows panniculitis without granulomas in sarcoid-associated EN; helps exclude TB and fungal etiologies)

---

## REASONING CHAIN:

- **Finding 1:** Bilateral hilar lymphadenopathy + elevated serum ACE (88 U/L)
  - **Ontology class:** Systemic inflammatory condition with pulmonary involvement
  - **Supports:** Sarcoidosis because ACE elevation indicates granulomatous inflammation with T-cell activation

- **Finding 2:** Erythema nodosum (tender shin nodules) + acute polyarthritis
  - **Ontology class:** Non-erosive inflammatory arthropathy with systemic manifestations
  - **Supports:** Löfgren syndrome because this triad is pathognomonic; occurs in <5% of sarcoidosis but when present, defines Löfgren

- **Finding 3:** Non-inflammatory synovial fluid (WBC 1,200/mm³, RF negative)","# DIFFERENTIAL DIAGNOSIS CONSULTATION

## PRIMARY DIAGNOSIS: Sarcoidosis (Löfgren Syndrome)

**Supporting evidence:** The classic triad of acute arthritis (bilateral ankle involvement), erythema nodosum, and bilateral hilar lymphadenopathy is pathognomonic for Löfgren syndrome, the acute presentation of systemic sarcoidosis. Elevated serum ACE (88 U/L) reflects granulomatous inflammation characteristic of sarcoidosis. The self-limited course with spontaneous resolution over 6 weeks is typical of Löfgren syndrome, which generally carries an excellent prognosis.

**Ontology grounding:** Per rheumatologic classification systems, sarcoidosis fulfills criteria for systemic inflammatory arthritis with extra-articular granulomatous manifestations (ACE-positive with elevated levels supporting granulomatous disease burden).

**Confidence: High**

---

## DIFFERENTIAL DIAGNOSIS:

1. **Tuberculosis (TB)** (8-10%) — Bilateral hilar lymphadenopathy and systemic inflammation support consideration; erythema nodosum can occur with TB. | *Argues against:* Non-inflammatory synovial fluid WBC count (1,200/mm³) is too low for TB arthritis; spontaneous resolution over 6 weeks is atypical; elevated ACE is not characteristic of TB; RF negativity and lack of chronic progressive course make TB unlikely.

2. **Systemic Lupus Erythematosus (SLE)** (5-7%) — Can present with polyarthritis, elevated inflammatory markers, and systemic manifestations. | *Argues against:* Erythema nodosum is rare in SLE (more typical of sarcoidosis); bilateral hilar lymphadenopathy without pulmonary parenchymal disease is uncommon in SLE; elevated ACE is not a feature of SLE; non-inflammatory joint fluid is atypical; RF-negative without positive ANA mentioned makes SLE less likely.

3. **Inflammatory Bowel Disease-associated Arthritis (IBD)** (3-5%) — Can cause acute polyarthritis and erythema nodosum, particularly with Crohn's disease. | *Argues against:* No gastrointestinal symptoms mentioned; hilar lymphadenopathy is not typical of IBD arthritis; elevated ACE is specific to sarcoidosis, not IBD; non-inflammatory synovial fluid argues against primary inflammatory arthropathy.

4. **Primary Biliary Cholangitis or Autoimmune Hepatitis** (2-3%) — Systemic manifestations and arthralgias can occur with overlap syndromes. | *Argues against:* No mention of hepatic involvement or cholestasis; erythema nodosum is not characteristic; elevated ACE is not associated with these conditions; hilar lymphadenopathy would be incidental and unexplained.

---

## KEY DISTINGUISHING FEATURES:

**Confirmatory tests for sarcoidosis:**
- **Chest High-Resolution CT (HRCT):** Characteristic findings of bilateral hilar and mediastinal lymphadenopathy with or without pulmonary parenchymal involvement (nodules, ground-glass opacities)
- **Serum Calcium and 24-hour Urine Calcium:** Hypercalcemia/hypercalciuria occurs in 10-20% of sarcoidosis patients due to extrarenal 1-α-hydroxylase activity
- **Angiotensin-Converting Enzyme (ACE) and Serum Albumin-adjusted Calcium:** Already elevated ACE supports diagnosis; repeat measurement and calcium assessment strengthen it
- **Skin or Lung Biopsy:** Non-caseating granulomas would be diagnostic (though clinical presentation may obviate need in Löfgren syndrome)
- **PET-CT or Gallium Scan:** Can demonstrate granulomatous inflammation in multiple organs
- **ECG and Cardiac Imaging:** Rule out cardiac involvement (rare but important in sarcoidosis)

**Against TB:** TB culture/PCR from respiratory or synovial samples; tuberculin skin test (though can be positive in sarcoidosis with TB coinfection—rare)

---

## REASONING CHAIN:

- **Finding:** Acute bilateral ankle arthritis + erythema nodosum + bilateral hilar lymphadenopathy
  - **Ontology class:** Systemic granulomatous inflammatory disease with"
case-020,"34-year-old woman with 5-week bilateral wrist and MCP joint arthritis. Morning stiffness 45 minutes. RF negative, anti-CCP negative, ANA negative. ESR 32 mm/hr, CRP 1.4 mg/dL. No skin findings, no sicca symptoms, no axial involvement. Presentation too early and seronegative to classify definitively.","# RHEUMATOLOGIC DIFFERENTIAL DIAGNOSIS

## PRIMARY DIAGNOSIS: Seronegative Rheumatoid Arthritis (Early/Evolving)
**Supporting evidence:** Symmetric polyarticular involvement of small joints (wrists, MCPs) with inflammatory pattern (45-minute morning stiffness, elevated ESR 32, CRP 1.4) in a young woman with classic disease distribution. Seronegative RA represents 20-30% of RA cases and can present with identical clinical features to seropositive disease, particularly within the first 8 weeks when antibodies may not yet be detectable.

**Ontology grounding:** Per ACR/EULAR 2015 criteria, seronegative RA fulfills joint involvement domain (symmetric small joint involvement ≥1 hour morning stiffness) and systemic inflammation domain; negative RF/anti-CCP does not exclude diagnosis when clinical presentation is otherwise classic.

**Confidence:** High

---

## DIFFERENTIAL DIAGNOSIS:

1. **Undifferentiated Inflammatory Polyarthritis (IPA) / Very Early Arthritis (40%)** — Matches presentation perfectly: symmetric small joint arthritis, elevated inflammatory markers, seronegative status at onset; distinction from RA requires follow-up serology (10-20% of IPA converts to seropositive RA) | RA diagnosis cannot be excluded; requires longitudinal observation

2. **Early Seronegative Systemic Lupus Erythematosus (15%)** — Seronegative SLE exists; young woman, polyarticular arthritis with morning stiffness, elevated ESR | ANA negative argues strongly against (present in >95% of SLE); absence of systemic features (rash, sicca, renal involvement, cytopenias) makes this unlikely at this stage

3. **Psoriatic Arthritis (PsA), Seronegative Pattern (12%)** — Can present as symmetric small joint polyarthritis resembling RA; seronegative; similar demographics | No cutaneous or nail psoriasis; no axial/spinal involvement mentioned; typically more asymmetric; morning stiffness less prominent in PsA

4. **Viral Arthritis (Post-viral/Persistent; e.g., Parvovirus B19, EBV, HCV) (10%)** — Symmetric polyarthritis of small joints, elevated inflammatory markers, seronegative | 5-week duration exceeds typical viral arthritis timeline (usually 1-3 weeks); no constitutional symptoms or viral prodrome noted

5. **Early Reactive Arthritis (Seronegative) (8%)** — Polyarticular small joint involvement, elevated inflammatory markers | Typically asymmetric and oligoarticular; usually associated with preceding GI/GU infection (not mentioned); no conjunctivitis, urethritis, or oral ulceration described

6. **Systemic Sclerosis (Limited), Early Polyarthritis Phase (3%)** — Can present with small joint arthritis before fibrotic skin changes manifest | ANA negative makes this unlikely; Raynaud's phenomenon and esophageal dysmotility not mentioned; no skin tightening; prognosis and disease trajectory very different

---

## KEY DISTINGUISHING FEATURES:

**Immediate diagnostic priorities:**
- **Serial serology (4-6 weeks):** RF and anti-CCP may become positive, converting diagnosis to seropositive RA (~25% of initially seronegative cases seroconvert)
- **MRI of hands/wrists:** Detect subclinical bone erosions or synovitis; erosions support RA diagnosis; absence argues for IPA with better prognosis
- **Detailed history:** Any preceding infection, GI/GU symptoms, Raynaud's phenomenon, skin changes, oral ulcers, or family history of autoimmune disease
- **HLA-B27 and extended serology:** If clinical features evolve to suggest SpA or SLE variants

---

## REASONING CHAIN:

| Step | Finding | Inference |
|------|---------|-----------|
| **Finding 1** | Bilateral symmetric wrist + MCP polyarthritis | → Inflammatory polyarthritis class |
| **Finding 2** | Morning stiffness 45 minutes + ESR 32 + CRP elevated | → Systemic inflammation; suggests immune-mediated rather than mechanical disease |
| **Finding 3** | RF negative,","# DIFFERENTIAL DIAGNOSIS CONSULTATION

## PRIMARY DIAGNOSIS: Seronegative Rheumatoid Arthritis (Early/Undifferentiated)
**Supporting evidence:** The patient presents with symmetric polyarthritis of small joints (bilateral wrists and MCPs) with 45 minutes of morning stiffness and elevated inflammatory markers (ESR 32, CRP 1.4), fulfilling the temporal and clinical pattern characteristic of RA. Seronegative RA accounts for 20-30% of RA cases and is particularly common in early disease before seroconversion or in those who never seroconvert. The 5-week duration places her in the window when seronegativity does not exclude RA diagnosis.

**Ontology grounding:** Per ontology: ""Rheumatoid Arthritis - symmetric polyarthritis RF anti-CCP morning stiffness MCP PIP wrist synovitis"" and ""Chronic arthritis, longer than six weeks duration"" contextualize inflammatory polyarticular disease. Though this case is at 5 weeks (just under 6-week threshold), the trajectory and pattern are consistent with RA development.

**Confidence:** **High**

---

## DIFFERENTIAL DIAGNOSIS:

1. **Seronegative RA / Early Undifferentiated Polyarthritis (65%)** — Supports: Symmetric small joint involvement, morning stiffness ≥45 min, objective inflammation (elevated ESR/CRP), MCP involvement | Against: Seronegative status (though not exclusionary); borderline 5-week duration; relatively modest CRP elevation

2. **Systemic Lupus Erythematosus (15%)** — Supports: Young woman, symmetric arthritis, elevated ESR | Against: Negative ANA (99% sensitive for SLE when negative in this clinical context); no systemic features (rash, sicca, renal involvement); non-erosive arthritis would be expected but not yet evaluated radiographically

3. **Viral-Induced Arthritis / Post-viral Arthropathy (12%)** — Supports: Relatively acute presentation, seronegative status, elevated inflammatory markers | Against: Symmetric MCP involvement less typical; 5-week duration suggests persistent rather than self-limited viral syndrome; no reported preceding infection

4. **Psoriatic Arthritis (5%)** — Supports: Can be seronegative, small joint involvement possible | Against: No skin findings or nail changes documented; symmetric MCP pattern less characteristic (PsA often asymmetric); ESR typically lower in PsA; no axial involvement reported

5. **Polymyalgia Rheumatica (3%)** — Supports: Elevated ESR, morning stiffness | Against: Age 34 is far below typical presentation age (>50); large proximal joint involvement not described; clinical pattern inconsistent with PRM girdle predilection

---

## KEY DISTINGUISHING FEATURES:

**Most helpful diagnostic confirmations:**

1. **High-resolution ultrasound or MRI of hands/wrists** — Will demonstrate synovitis, joint effusions, and potentially early bone erosions (erosive disease strongly supports RA over other etiologies)

2. **Anti-CCP with high sensitivity assay & repeat RF at 8-12 weeks** — Approximately 50% of seronegative RA patients seroconvert within 6-12 months; early seroconversion would confirm diagnosis

3. **Anti-MCV (anti-mutated citrullinated vimentin)** — Positive in ~70% of RF/anti-CCP negative RA; higher specificity than RF in seronegative disease

4. **Baseline hand X-rays** — Establishes absence of erosions at baseline; serial imaging in 3 months would show progressive changes (diagnostic of RA)

5. **Complete systemic review** — Exclusion of constitutional symptoms, photosensitivity, oral ulcers, Raynaud's would further lower SLE probability

---

## REASONING CHAIN:

- **Finding → Bilateral symmetric wrist and MCP arthritis with 45-minute morning stiffness**
  - Ontology class → ""Rheumatoid Arthritis: symmetric polyarthritis...MCP PIP wrist synovitis""
  - Supports → Seronegative RA because this distribution and duration are pathognomonic for early RA, with seronegative presentation occurring in ~25-30% of true"
